Name,Estimated unvaccinated prevalence,Estimated vaccinated prevalence,Reported prevalence,Underreporting factor,Delay factor,Estimated prevalence
Entire state,0.004862,0.000891,0.000858,2.378,1.0,0.002041
Calgary,0.003653,0.000669,0.000607,2.378,1.0,0.001443
Central,0.007087,0.001299,0.001551,2.378,1.0,0.003689
Edmonton,0.003334,0.000611,0.000576,2.378,1.0,0.001369
North,0.008011,0.001468,0.001796,2.378,1.0,0.004272
South,0.006492,0.00119,0.001296,2.378,1.0,0.003081
