Name,Estimated unvaccinated prevalence,Estimated vaccinated prevalence,Reported prevalence,Underreporting factor,Delay factor,Estimated prevalence
Entire state,0.043724,0.03537,0.00849,3.3717,1.306,0.037387
Central,0.034922,0.02825,0.008482,3.3717,1.0,0.028598
Far North,0.026326,0.021296,0.006506,3.3717,1.0,0.021937
North,0.027298,0.022083,0.0069,3.3717,1.0,0.023263
Regina,0.023141,0.01872,0.005969,3.3717,1.0,0.020124
Saskatoon,0.025322,0.020484,0.006575,3.3717,1.0,0.022168
South,0.033956,0.027469,0.008443,3.3717,1.0,0.028467
