Name,Estimated unvaccinated prevalence,Estimated vaccinated prevalence,Reported prevalence,Underreporting factor,Delay factor,Estimated prevalence
Entire state,0.000752,0.000607,0.000291,2.2868,1.0,0.000664
Fraser,0.000405,0.000327,0.000156,2.2868,1.0,0.000356
Interior,0.001662,0.001343,0.000641,2.2868,1.0,0.001465
Island,0.001189,0.00096,0.00037,2.2868,1.248,0.001056
Northern,0.001563,0.001262,0.000557,2.2868,1.0784,0.001373
Vancouver Coastal,0.000479,0.000387,0.000186,2.2868,1.0,0.000426
