Name,Estimated unvaccinated prevalence,Estimated vaccinated prevalence,Reported prevalence,Underreporting factor,Delay factor,Estimated prevalence
Entire state,0.000697,0.000562,0.000201,2.9285,1.0,0.000588
Winnipeg,0.000323,0.00026,9.8e-05,2.9285,1.0,0.000287
Prairie Mountain,0.00056,0.000451,0.000156,2.9285,1.0833,0.000496
Interlake-Eastern,0.000194,0.000156,5.9e-05,2.9285,1.0,0.000172
Northern,0.000978,0.000788,0.000146,2.9285,2.0,0.000852
Southern,0.000481,0.000388,8.9e-05,2.9285,1.6364,0.000425
