Name,Estimated unvaccinated prevalence,Estimated vaccinated prevalence,Reported prevalence,Underreporting factor,Delay factor,Estimated prevalence
Entire state,0.012409,0.002309,0.001846,3.0115,1.0,0.005558
Central,0.029975,0.005578,0.00277,3.0115,1.0,0.008341
Far North,0.035126,0.006537,0.00484,3.0115,1.0,0.014575
North,0.020309,0.003779,0.003006,3.0115,1.0,0.009054
Regina,0.006742,0.001255,0.001117,3.0115,1.0,0.003365
Saskatoon,0.008365,0.001557,0.001454,3.0115,1.0,0.004378
South,0.013626,0.002536,0.001769,3.0115,1.0,0.005326
