Name,Estimated unvaccinated prevalence,Estimated vaccinated prevalence,Reported prevalence,Underreporting factor,Delay factor,Estimated prevalence
Entire state,0.001425,0.001149,0.000413,2.5858,1.1364,0.001213
South,0.000859,0.000693,0.000292,2.5858,1.0,0.000755
Calgary,0.000743,0.000599,0.000252,2.5858,1.0,0.000651
Central,0.000869,0.000701,0.000297,2.5858,1.0,0.000767
Edmonton,0.000983,0.000793,0.000333,2.5858,1.0,0.000861
North,0.000946,0.000763,0.000319,2.5858,1.0,0.000824
