Name,Estimated unvaccinated prevalence,Estimated vaccinated prevalence,Reported prevalence,Underreporting factor,Delay factor,Estimated prevalence
Entire state,0.003421,0.002764,0.001193,2.5196,1.0,0.003007
Central,0.004942,0.003992,0.001603,2.5196,1.0,0.004039
Far North,0.007646,0.006176,0.00238,2.5196,1.0595,0.006354
North,0.003487,0.002817,0.001177,2.5196,1.0,0.002966
Regina,0.002824,0.002281,0.000973,2.5196,1.0,0.002451
Saskatoon,0.001804,0.001457,0.000626,2.5196,1.0,0.001576
South,0.005135,0.004148,0.001705,2.5196,1.0,0.004296
