Name,Estimated unvaccinated prevalence,Estimated vaccinated prevalence,Reported prevalence,Underreporting factor,Delay factor,Estimated prevalence
Entire state,0.000674,0.000544,0.000263,2.2675,1.0,0.000596
Fraser,0.000335,0.00027,0.00013,2.2675,1.0,0.000294
Interior,0.00215,0.001737,0.000729,2.2675,1.1468,0.001896
Island,0.000806,0.000651,0.000316,2.2675,1.0,0.000716
Northern,0.001255,0.001014,0.000486,2.2675,1.0,0.001103
Vancouver Coastal,0.000393,0.000317,0.000154,2.2675,1.0,0.00035
