Name,Estimated unvaccinated prevalence,Estimated vaccinated prevalence,Reported prevalence,Underreporting factor,Delay factor,Estimated prevalence
Entire state,0.001195,0.000964,0.000363,2.8008,1.0,0.001017
South,0.000333,0.000268,0.000104,2.8008,1.0,0.000291
Calgary,0.000316,0.000255,9.9e-05,2.8008,1.0,0.000277
Central,0.000432,0.000349,0.000135,2.8008,1.0,0.000377
Edmonton,0.000498,0.000401,0.000156,2.8008,1.0,0.000436
North,0.000489,0.000394,0.000152,2.8008,1.0,0.000425
