Name,Estimated unvaccinated prevalence,Estimated vaccinated prevalence,Reported prevalence,Underreporting factor,Delay factor,Estimated prevalence
Entire state,0.009337,0.001738,0.001412,2.9343,1.0,0.004142
Central,0.024304,0.004523,0.002242,2.9343,1.0,0.006579
Far North,0.026582,0.004947,0.00365,2.9343,1.0,0.010709
North,0.013885,0.002584,0.002074,2.9343,1.0,0.006086
Regina,0.005604,0.001043,0.000947,2.9343,1.0,0.002777
Saskatoon,0.005969,0.001111,0.001057,2.9343,1.0,0.003101
South,0.011292,0.002101,0.001476,2.9343,1.0,0.004331
