Name,Estimated unvaccinated prevalence,Estimated vaccinated prevalence,Reported prevalence,Underreporting factor,Delay factor,Estimated prevalence
Entire state,0.0131,0.010572,0.004077,2.808,1.0,0.011448
Calgary,0.014181,0.011444,0.004415,2.808,1.0,0.012398
Central,0.013805,0.01114,0.004162,2.808,1.0337,0.01208
Edmonton,0.012351,0.009967,0.003845,2.808,1.0,0.010796
North,0.012314,0.009937,0.003599,2.808,1.0669,0.010782
South,0.016049,0.012952,0.004869,2.808,1.0233,0.013993
