Name,Estimated unvaccinated prevalence,Estimated vaccinated prevalence,Reported prevalence,Underreporting factor,Delay factor,Estimated prevalence
Entire state,0.002914,0.000528,0.00048,2.2888,1.0,0.001098
Calgary,0.003252,0.000589,0.000517,2.2888,1.0,0.001183
Central,0.003092,0.00056,0.000578,2.2888,1.122,0.001483
Edmonton,0.003159,0.000573,0.000454,2.2888,1.1471,0.001193
North,0.002235,0.000405,0.000471,2.2888,1.0,0.001077
South,0.002051,0.000372,0.000392,2.2888,1.0,0.000896
