Name,Population,Cases in past week,Reported prevalence,Underreporting factor,Delay factor,Estimated prevalence
Entire state,1377517,189,0.000138,2.2313,1.0,0.000308
Interlake-Eastern,133882,34,0.000261,2.2313,1.0,0.000583
Northern,75783,11,0.000158,2.2313,1.375,0.000486
Prairie Mountain,171368,10,6.4e-05,2.2313,2.0,0.000286
Southern Health,208018,39,0.000192,2.2313,1.0,0.000429
Winnipeg,780414,95,0.000123,2.2313,1.0,0.000274
