Name,Estimated unvaccinated prevalence,Estimated vaccinated prevalence,Reported prevalence,Underreporting factor,Delay factor,Estimated prevalence
Entire state,0.004079,0.000758,0.000643,2.3009,1.0,0.001479
Fraser,0.004454,0.000827,0.000707,2.3009,1.0,0.001627
Interior,0.004951,0.00092,0.000784,2.3009,1.0227,0.001844
Island,0.003461,0.000643,0.000525,2.3009,1.0,0.001208
Northern,0.009335,0.001734,0.001973,2.3009,1.0,0.004539
Vancouver Coastal,0.002144,0.000398,0.000284,2.3009,1.0,0.000653
