Name,Estimated unvaccinated prevalence,Estimated vaccinated prevalence,Reported prevalence,Underreporting factor,Delay factor,Estimated prevalence
Entire state,0.00207,0.00167,0.000616,2.858,1.0,0.001762
South,0.000275,0.000221,8.4e-05,2.858,1.0,0.000241
Calgary,0.000385,0.00031,0.000118,2.858,1.0,0.000338
Central,0.000532,0.000429,0.000164,2.858,1.0,0.000469
Edmonton,0.000545,0.000439,0.000167,2.858,1.0,0.000478
North,0.000541,0.000436,0.000165,2.858,1.0,0.000471
