Name,Estimated unvaccinated prevalence,Estimated vaccinated prevalence,Reported prevalence,Underreporting factor,Delay factor,Estimated prevalence
Entire state,0.152351,0.027418,0.007751,3.4225,2.0,0.053052
Interlake-Eastern,0.149813,0.026962,0.007626,3.4225,2.0,0.0522
Northern,0.103908,0.0187,0.005582,3.4225,2.0,0.038207
Prairie Mountain,0.104084,0.018732,0.005736,3.4225,1.8958,0.037217
Southern Health,0.070011,0.0126,0.004822,3.4225,1.9013,0.031376
Winnipeg,0.185778,0.033434,0.009353,3.4225,2.0,0.064019
