Name,Estimated unvaccinated prevalence,Estimated vaccinated prevalence,Reported prevalence,Underreporting factor,Delay factor,Estimated prevalence
Entire state,0.000599,0.000484,0.000214,2.471,1.0,0.000529
Fraser,0.000182,0.000147,6.5e-05,2.471,1.0,0.00016
Interior,0.000355,0.000287,0.000127,2.471,1.0,0.000313
Island,0.000381,0.000308,0.000137,2.471,1.0,0.000339
Northern,0.000292,0.000236,0.000104,2.471,1.0,0.000257
Vancouver Coastal,0.000232,0.000188,8.4e-05,2.471,1.0,0.000207
