Name,Estimated unvaccinated prevalence,Estimated vaccinated prevalence,Reported prevalence,Underreporting factor,Delay factor,Estimated prevalence
Entire state,0.004607,0.000834,0.000602,2.324,1.2899,0.001805
Interlake-Eastern,0.004361,0.00079,0.000388,2.324,2.0,0.001805
Northern,0.015621,0.002829,0.002138,2.324,1.4375,0.007141
Prairie Mountain,0.003381,0.000612,0.000537,2.324,1.1375,0.001419
Southern Health,0.012654,0.002291,0.001966,2.324,1.4729,0.00673
Winnipeg,0.001045,0.000189,0.000156,2.324,1.0,0.000363
