Name,Estimated unvaccinated prevalence,Estimated vaccinated prevalence,Reported prevalence,Underreporting factor,Delay factor,Estimated prevalence
Entire state,0.018017,0.014553,0.004578,3.3587,1.0,0.015375
Central,0.021639,0.01748,0.005266,3.3587,1.0,0.017685
Far North,0.019881,0.01606,0.004919,3.3587,1.0,0.016522
North,0.02461,0.019879,0.006232,3.3587,1.0,0.020931
Regina,0.017055,0.013776,0.004407,3.3587,1.0,0.014803
Saskatoon,0.015751,0.012723,0.004098,3.3587,1.0,0.013765
South,0.023166,0.018713,0.005771,3.3587,1.0,0.019382
