Name,Estimated unvaccinated prevalence,Estimated vaccinated prevalence,Reported prevalence,Underreporting factor,Delay factor,Estimated prevalence
Entire state,0.000787,0.000634,0.000262,2.532,1.0,0.000664
Winnipeg,0.000743,0.000599,0.000261,2.532,1.0,0.000661
Prairie Mountain,0.002017,0.001625,0.000446,2.532,1.5833,0.001789
Interlake-Eastern,0.000712,0.000574,0.00025,2.532,1.0,0.000633
Northern,0.000538,0.000434,0.000185,2.532,1.0,0.000469
Southern,0.000557,0.000449,0.000173,2.532,1.125,0.000492
