Name,Estimated unvaccinated prevalence,Estimated vaccinated prevalence,Reported prevalence,Underreporting factor,Delay factor,Estimated prevalence
Entire state,0.044526,0.036019,0.005656,3.3835,2.0,0.038273
Central,0.053292,0.04311,0.006473,3.3835,2.0,0.043802
Far North,0.024943,0.020177,0.003094,3.3835,2.0,0.020939
North,0.023627,0.019113,0.002991,3.3835,2.0,0.020241
Regina,0.044575,0.036059,0.005755,3.3835,2.0,0.038944
Saskatoon,0.040878,0.033068,0.005315,3.3835,2.0,0.035969
South,0.056595,0.045782,0.007049,3.3835,2.0,0.047704
