Name,Estimated unvaccinated prevalence,Estimated vaccinated prevalence,Reported prevalence,Underreporting factor,Delay factor,Estimated prevalence
Entire state,0.005306,0.000972,0.00093,2.3881,1.0,0.002222
Calgary,0.003735,0.000684,0.000619,2.3881,1.0,0.001479
Central,0.008296,0.00152,0.001814,2.3881,1.0,0.004332
Edmonton,0.003512,0.000643,0.000605,2.3881,1.0,0.001446
North,0.008445,0.001547,0.001892,2.3881,1.0,0.004517
South,0.007399,0.001356,0.001475,2.3881,1.0,0.003523
