Name,Estimated unvaccinated prevalence,Estimated vaccinated prevalence,Reported prevalence,Underreporting factor,Delay factor,Estimated prevalence
Entire state,0.005855,0.001077,0.001128,2.5724,1.0,0.0029
Calgary,0.004785,0.000881,0.000839,2.5724,1.0,0.002158
Central,0.006629,0.00122,0.00153,2.5724,1.0,0.003937
Edmonton,0.005191,0.000955,0.000954,2.5724,1.0,0.002454
North,0.008735,0.001607,0.002074,2.5724,1.0,0.005335
South,0.008235,0.001515,0.001723,2.5724,1.0,0.004433
