Name,Estimated unvaccinated prevalence,Estimated vaccinated prevalence,Reported prevalence,Underreporting factor,Delay factor,Estimated prevalence
Entire state,0.053945,0.009707,0.003362,2.6154,2.0,0.017585
Interlake-Eastern,0.039992,0.007196,0.002614,2.6154,2.0,0.013675
Northern,0.011578,0.002083,0.001676,2.6154,1.0,0.004383
Prairie Mountain,0.046612,0.008388,0.003029,2.6154,2.0,0.015842
Southern Health,0.020678,0.003721,0.002538,2.6154,1.4598,0.009691
Winnipeg,0.06757,0.012159,0.004013,2.6154,2.0,0.020993
