Name,Estimated unvaccinated prevalence,Estimated vaccinated prevalence,Reported prevalence,Underreporting factor,Delay factor,Estimated prevalence
Entire state,0.008086,0.001505,0.001156,2.8228,1.2523,0.004086
Central,0.006488,0.001207,0.000801,2.8228,1.0,0.002262
Far North,0.047134,0.008771,0.0064,2.8228,1.3931,0.025168
North,0.017321,0.003223,0.002293,2.8228,1.3858,0.00897
Regina,0.000671,0.000125,0.000128,2.8228,1.0,0.000362
Saskatoon,0.01074,0.001999,0.001183,2.8228,1.8178,0.00607
South,0.002936,0.000546,0.000471,2.8228,1.0,0.001329
