Name,Estimated unvaccinated prevalence,Estimated vaccinated prevalence,Reported prevalence,Underreporting factor,Delay factor,Estimated prevalence
Entire state,0.002537,0.000459,0.000372,2.2511,1.2711,0.001064
Interlake-Eastern,0.001196,0.000216,0.000232,2.2511,1.0,0.000521
Northern,0.002339,0.000423,0.000501,2.2511,1.0,0.001129
Prairie Mountain,0.003699,0.000669,0.000479,2.2511,1.5283,0.001646
Southern Health,0.006817,0.001232,0.001038,2.2511,1.6165,0.003779
Winnipeg,0.001456,0.000263,0.000191,2.2511,1.2542,0.000539
