Name,Estimated unvaccinated prevalence,Estimated vaccinated prevalence,Reported prevalence,Underreporting factor,Delay factor,Estimated prevalence
Entire state,0.001966,0.001588,0.000706,2.4493,1.0,0.001729
Central,0.003162,0.002554,0.001055,2.4493,1.0,0.002584
Far North,0.001637,0.001322,0.000555,2.4493,1.0,0.00136
North,0.002128,0.001719,0.000739,2.4493,1.0,0.00181
Regina,0.00128,0.001034,0.000454,2.4493,1.0,0.001111
Saskatoon,0.001875,0.001514,0.000605,2.4493,1.1063,0.001638
South,0.002812,0.002272,0.000961,2.4493,1.0,0.002353
