Name,Estimated unvaccinated prevalence,Estimated vaccinated prevalence,Reported prevalence,Underreporting factor,Delay factor,Estimated prevalence
Entire state,0.008303,0.006718,0.002462,2.5945,1.144,0.007308
Fraser,0.004491,0.003634,0.001514,2.5945,1.0,0.003927
Interior,0.012703,0.010278,0.004242,2.5945,1.0161,0.011184
Island,0.005484,0.004437,0.001872,2.5945,1.0,0.004858
Northern,0.012564,0.010166,0.004251,2.5945,1.0,0.011029
Vancouver Coastal,0.003844,0.00311,0.00131,2.5945,1.0,0.003398
