Name,Estimated unvaccinated prevalence,Estimated vaccinated prevalence,Reported prevalence,Underreporting factor,Delay factor,Estimated prevalence
Entire state,0.00435,0.000802,0.000538,2.2593,1.1543,0.001403
Fraser,0.002972,0.000548,0.000392,2.2593,1.1022,0.000975
Interior,0.005466,0.001008,0.000749,2.2593,1.047,0.001771
Island,0.008592,0.001584,0.000852,2.2593,1.3662,0.002631
Northern,0.003514,0.000648,0.000715,2.2593,1.0,0.001615
Vancouver Coastal,0.005117,0.000944,0.00043,2.2593,1.4691,0.001426
