Name,Estimated unvaccinated prevalence,Estimated vaccinated prevalence,Reported prevalence,Underreporting factor,Delay factor,Estimated prevalence
Entire state,0.003299,0.000608,0.000477,2.2989,1.0089,0.001106
Fraser,0.00254,0.000468,0.000374,2.2989,1.0,0.00086
Interior,0.004649,0.000857,0.000684,2.2989,1.0,0.001573
Island,0.007079,0.001305,0.000656,2.2989,1.5054,0.00227
Northern,0.005855,0.00108,0.001178,2.2989,1.0,0.002707
Vancouver Coastal,0.002181,0.000402,0.000264,2.2989,1.0,0.000607
