Name,Estimated unvaccinated prevalence,Estimated vaccinated prevalence,Reported prevalence,Underreporting factor,Delay factor,Estimated prevalence
Entire state,0.002078,0.001676,0.000711,2.5559,1.0,0.001817
Calgary,0.002123,0.001712,0.000658,2.5559,1.1039,0.001857
Central,0.002894,0.002334,0.000988,2.5559,1.0,0.002526
Edmonton,0.002581,0.002081,0.000759,2.5559,1.1624,0.002256
North,0.002458,0.001982,0.00084,2.5559,1.0,0.002146
South,0.002708,0.002183,0.000924,2.5559,1.0,0.002361
