Name,Estimated unvaccinated prevalence,Estimated vaccinated prevalence,Reported prevalence,Underreporting factor,Delay factor,Estimated prevalence
Entire state,0.005813,0.001083,0.000903,2.5369,1.0,0.00229
Fraser,0.005069,0.000944,0.000814,2.5369,1.0,0.002064
Interior,0.008245,0.001536,0.00138,2.5369,1.0,0.0035
Island,0.004231,0.000788,0.000647,2.5369,1.0055,0.001649
Northern,0.015563,0.002899,0.002714,2.5369,1.2242,0.00843
Vancouver Coastal,0.003378,0.000629,0.000463,2.5369,1.0,0.001173
