Name,Estimated unvaccinated prevalence,Estimated vaccinated prevalence,Reported prevalence,Underreporting factor,Delay factor,Estimated prevalence
Entire state,0.018534,0.003449,0.002782,3.0139,1.0711,0.008979
Central,0.030518,0.005679,0.002618,3.0139,1.2598,0.009938
Far North,0.052569,0.009783,0.008595,3.0139,1.0,0.025905
North,0.029085,0.005413,0.004764,3.0139,1.0,0.014359
Regina,0.014701,0.002736,0.001318,3.0139,1.9417,0.007713
Saskatoon,0.010894,0.002027,0.00199,3.0139,1.0,0.005998
South,0.044675,0.008314,0.00341,3.0139,1.8772,0.019294
