Name,Estimated unvaccinated prevalence,Estimated vaccinated prevalence,Reported prevalence,Underreporting factor,Delay factor,Estimated prevalence
Entire state,0.01003,0.001846,0.00135,2.5349,1.468,0.005024
Calgary,0.007792,0.001434,0.001015,2.5349,1.3839,0.003561
Central,0.009959,0.001833,0.001414,2.5349,1.6675,0.005976
Edmonton,0.009545,0.001756,0.001273,2.5349,1.4178,0.004573
North,0.017216,0.003168,0.002388,2.5349,1.7544,0.010622
South,0.012494,0.002299,0.002063,2.5349,1.2984,0.006789
