Name,Estimated unvaccinated prevalence,Estimated vaccinated prevalence,Reported prevalence,Underreporting factor,Delay factor,Estimated prevalence
Entire state,0.02021,0.003761,0.002869,3.0151,1.0783,0.009327
Central,0.038252,0.007118,0.003044,3.0151,1.2458,0.011433
Far North,0.07291,0.013568,0.008833,3.0151,1.2288,0.032727
North,0.037557,0.006989,0.004887,3.0151,1.1901,0.017534
Regina,0.008998,0.001674,0.001522,3.0151,1.0,0.004588
Saskatoon,0.012466,0.00232,0.002111,3.0151,1.0484,0.006672
South,0.022067,0.004106,0.00299,3.0151,1.0,0.009016
