Name,Estimated unvaccinated prevalence,Estimated vaccinated prevalence,Reported prevalence,Underreporting factor,Delay factor,Estimated prevalence
Entire state,0.00255,0.000461,0.00029,2.2954,1.7009,0.001131
Interlake-Eastern,0.003059,0.000553,0.000306,2.2954,2.0,0.001406
Northern,0.007728,0.001397,0.000858,2.2954,2.0,0.003938
Prairie Mountain,0.00146,0.000264,0.000175,2.2954,1.7059,0.000685
Southern Health,0.004064,0.000735,0.000649,2.2954,1.5765,0.002348
Winnipeg,0.0014,0.000253,0.000169,2.2954,1.4396,0.000559
