Name,Estimated unvaccinated prevalence,Estimated vaccinated prevalence,Reported prevalence,Underreporting factor,Delay factor,Estimated prevalence
Entire state,0.004096,0.000743,0.000656,2.3224,1.0,0.001524
Interlake-Eastern,0.002637,0.000478,0.000456,2.3224,1.0,0.001058
Northern,0.006598,0.001196,0.001254,2.3224,1.0,0.002911
Prairie Mountain,0.004111,0.000745,0.000718,2.3224,1.0,0.001667
Southern Health,0.008475,0.001537,0.001884,2.3224,1.0,0.004376
Winnipeg,0.002137,0.000387,0.000309,2.3224,1.0,0.000717
