Name,Estimated unvaccinated prevalence,Estimated vaccinated prevalence,Reported prevalence,Underreporting factor,Delay factor,Estimated prevalence
Entire state,0.002282,0.001839,0.000797,2.512,1.0,0.002002
Interlake-Eastern,0.002843,0.00229,0.000993,2.512,1.0,0.002495
Northern,0.008823,0.007108,0.003048,2.512,1.0,0.007657
Prairie Mountain,0.003409,0.002747,0.00119,2.512,1.0,0.00299
Southern Health,0.001531,0.001234,0.000534,2.512,1.0,0.00134
Winnipeg,0.001568,0.001263,0.000548,2.512,1.0,0.001378
