Name,Estimated unvaccinated prevalence,Estimated vaccinated prevalence,Reported prevalence,Underreporting factor,Delay factor,Estimated prevalence
Entire state,0.001988,0.000359,0.00024,2.2839,1.6176,0.000888
Interlake-Eastern,0.002074,0.000375,0.000254,2.2839,1.65,0.000957
Northern,0.003947,0.000713,0.000501,2.2839,1.7619,0.002018
Prairie Mountain,0.000743,0.000134,0.000123,2.2839,1.25,0.00035
Southern Health,0.004664,0.000843,0.000591,2.2839,2.0,0.002701
Winnipeg,0.00114,0.000206,0.000152,2.2839,1.3111,0.000457
