Name,Estimated unvaccinated prevalence,Estimated vaccinated prevalence,Reported prevalence,Underreporting factor,Delay factor,Estimated prevalence
Entire state,0.000931,0.000752,0.000322,2.2999,1.1096,0.000823
Fraser,0.000553,0.000447,0.000181,2.2999,1.1661,0.000486
Interior,0.001597,0.00129,0.000612,2.2999,1.0,0.001408
Island,0.001473,0.00119,0.000459,2.2999,1.2404,0.001308
Northern,0.001335,0.001078,0.00051,2.2999,1.0,0.001173
Vancouver Coastal,0.000881,0.000712,0.000252,2.2999,1.354,0.000784
