Name,Estimated unvaccinated prevalence,Estimated vaccinated prevalence,Reported prevalence,Underreporting factor,Delay factor,Estimated prevalence
Entire state,0.002785,0.000509,0.000367,2.6915,1.1049,0.001091
Central,0.010416,0.001903,0.000578,2.6915,1.5135,0.002356
Far North,0.001451,0.000265,0.000159,2.6915,1.0,0.000427
North,0.001248,0.000228,0.000173,2.6915,1.0,0.000466
Regina,0.002406,0.00044,0.000388,2.6915,1.0541,0.0011
Saskatoon,0.003153,0.000576,0.000439,2.6915,1.2868,0.00152
South,0.002122,0.000388,0.000254,2.6915,1.0,0.000685
