Name,Estimated unvaccinated prevalence,Estimated vaccinated prevalence,Reported prevalence,Underreporting factor,Delay factor,Estimated prevalence
Entire state,0.008129,0.001463,0.000867,2.3598,1.3502,0.002763
Interlake-Eastern,0.006635,0.001194,0.000799,2.3598,1.3766,0.002596
Northern,0.01964,0.003534,0.001861,2.3598,1.9178,0.00842
Prairie Mountain,0.008465,0.001523,0.000858,2.3598,1.6591,0.003358
Southern Health,0.0096,0.001728,0.002019,2.3598,1.0244,0.004881
Winnipeg,0.005851,0.001053,0.000498,2.3598,1.61,0.001894
