Name,Estimated unvaccinated prevalence,Estimated vaccinated prevalence,Reported prevalence,Underreporting factor,Delay factor,Estimated prevalence
Entire state,0.000902,0.000727,0.000307,2.5011,1.0,0.000767
South,0.000601,0.000484,0.000211,2.5011,1.0,0.000527
Calgary,0.000516,0.000416,0.000181,2.5011,1.0,0.000453
Central,0.000776,0.000625,0.000273,2.5011,1.0,0.000684
Edmonton,0.000657,0.000529,0.00023,2.5011,1.0,0.000576
North,0.00089,0.000717,0.000306,2.5011,1.0147,0.000776
