Name,Estimated unvaccinated prevalence,Estimated vaccinated prevalence,Reported prevalence,Underreporting factor,Delay factor,Estimated prevalence
Entire state,0.009163,0.007391,0.002921,2.7538,1.0,0.008044
Interlake-Eastern,0.010049,0.008106,0.003204,2.7538,1.0,0.008824
Northern,0.024764,0.019975,0.007812,2.7538,1.0,0.021512
Prairie Mountain,0.014001,0.011294,0.004108,2.7538,1.0866,0.012292
Southern Health,0.006001,0.004841,0.001918,2.7538,1.0,0.005282
Winnipeg,0.007718,0.006225,0.002463,2.7538,1.0,0.006782
