Name,Estimated unvaccinated prevalence,Estimated vaccinated prevalence,Reported prevalence,Underreporting factor,Delay factor,Estimated prevalence
Entire state,0.003157,0.000572,0.000472,2.2855,1.2131,0.001308
Interlake-Eastern,0.001816,0.000329,0.000299,2.2855,1.1471,0.000783
Northern,0.014382,0.002604,0.001504,2.2855,2.0,0.006876
Prairie Mountain,0.003408,0.000617,0.000589,2.2855,1.1111,0.001497
Southern Health,0.005104,0.000924,0.001149,2.2855,1.0673,0.002802
Winnipeg,0.001389,0.000251,0.000205,2.2855,1.0816,0.000507
