Name,Estimated unvaccinated prevalence,Estimated vaccinated prevalence,Reported prevalence,Underreporting factor,Delay factor,Estimated prevalence
Entire state,0.002486,0.000454,0.000386,2.5615,1.0,0.000988
Central,0.010571,0.001932,0.000801,2.5615,1.1642,0.00239
Far North,0.007237,0.001322,0.000688,2.5615,1.25,0.002202
North,0.002298,0.00042,0.000341,2.5615,1.0,0.000875
Regina,0.001761,0.000322,0.000266,2.5615,1.194,0.000814
Saskatoon,0.002237,0.000409,0.000308,2.5615,1.381,0.001088
South,0.004105,0.00075,0.000528,2.5615,1.0,0.001353
