Name,Estimated unvaccinated prevalence,Estimated vaccinated prevalence,Reported prevalence,Underreporting factor,Delay factor,Estimated prevalence
Entire state,0.003437,0.000627,0.00058,2.3227,1.0,0.001348
Calgary,0.003545,0.000646,0.000571,2.3227,1.0,0.001327
Central,0.003547,0.000647,0.000749,2.3227,1.0,0.001739
Edmonton,0.002815,0.000513,0.000422,2.3227,1.1176,0.001095
North,0.004497,0.00082,0.000963,2.3227,1.0,0.002237
South,0.003518,0.000641,0.000679,2.3227,1.0,0.001577
