Name,Estimated unvaccinated prevalence,Estimated vaccinated prevalence,Reported prevalence,Underreporting factor,Delay factor,Estimated prevalence
Entire state,0.001213,0.000978,0.000306,2.5772,1.3111,0.001033
South,0.000517,0.000417,0.000175,2.5772,1.0,0.000451
Calgary,0.000731,0.000589,0.000248,2.5772,1.0,0.00064
Central,0.000479,0.000386,0.000162,2.5772,1.0,0.000417
Edmonton,0.000638,0.000514,0.000217,2.5772,1.0,0.000558
North,0.000319,0.000258,0.000108,2.5772,1.0,0.000278
