Name,Estimated unvaccinated prevalence,Estimated vaccinated prevalence,Reported prevalence,Underreporting factor,Delay factor,Estimated prevalence
Entire state,0.002124,0.000388,0.000332,2.5191,1.0,0.000837
Central,0.004291,0.000784,0.000386,2.5191,1.0,0.000971
Far North,0.003143,0.000574,0.00037,2.5191,1.0,0.000933
North,0.002048,0.000374,0.000306,2.5191,1.0,0.00077
Regina,0.0028,0.000512,0.000368,2.5191,1.3875,0.001287
Saskatoon,0.001977,0.000361,0.000342,2.5191,1.1121,0.000957
South,0.002067,0.000378,0.000267,2.5191,1.0,0.000673
