Name,Estimated unvaccinated prevalence,Estimated vaccinated prevalence,Reported prevalence,Underreporting factor,Delay factor,Estimated prevalence
Entire state,0.011182,0.002049,0.002005,2.4985,1.0,0.005009
Calgary,0.00797,0.00146,0.001328,2.4985,1.0,0.003318
Central,0.018391,0.00337,0.004068,2.4985,1.0,0.010164
Edmonton,0.007576,0.001388,0.00132,2.4985,1.0,0.003297
North,0.01753,0.003212,0.003959,2.4985,1.0,0.009892
South,0.01537,0.002816,0.003081,2.4985,1.0,0.007698
