Name,Estimated unvaccinated prevalence,Estimated vaccinated prevalence,Reported prevalence,Underreporting factor,Delay factor,Estimated prevalence
Entire state,0.019241,0.003581,0.002765,3.01,1.1239,0.009353
Central,0.035526,0.006611,0.002648,3.01,1.4607,0.011642
Far North,0.058477,0.010882,0.009627,3.01,1.0,0.028976
North,0.029809,0.005547,0.004902,3.01,1.0,0.014755
Regina,0.01375,0.002559,0.001223,3.01,1.963,0.007224
Saskatoon,0.011408,0.002123,0.001987,3.01,1.0515,0.00629
South,0.036799,0.006848,0.003054,3.01,1.7355,0.015953
