Name,Estimated unvaccinated prevalence,Estimated vaccinated prevalence,Reported prevalence,Underreporting factor,Delay factor,Estimated prevalence
Entire state,0.005948,0.001099,0.000899,2.8244,1.0,0.00254
Central,0.018723,0.00346,0.001644,2.8244,1.0,0.004642
Far North,0.018459,0.003411,0.002407,2.8244,1.0,0.006797
North,0.008807,0.001628,0.001299,2.8244,1.0,0.00367
Regina,0.004117,0.000761,0.000707,2.8244,1.0,0.001996
Saskatoon,0.003373,0.000623,0.000607,2.8244,1.0,0.001715
South,0.008039,0.001486,0.001037,2.8244,1.0,0.002929
