Name,Estimated unvaccinated prevalence,Estimated vaccinated prevalence,Reported prevalence,Underreporting factor,Delay factor,Estimated prevalence
Entire state,0.020384,0.01649,0.00518,3.3624,1.0,0.017418
Central,0.02621,0.021202,0.006382,3.3624,1.0,0.021457
Far North,0.022638,0.018313,0.005607,3.3624,1.0,0.018852
North,0.026228,0.021217,0.006645,3.3624,1.0,0.022342
Regina,0.018285,0.014792,0.004726,3.3624,1.0,0.015891
Saskatoon,0.017892,0.014473,0.004656,3.3624,1.0,0.015654
South,0.024225,0.019596,0.006038,3.3624,1.0,0.020302
