Name,Estimated unvaccinated prevalence,Estimated vaccinated prevalence,Reported prevalence,Underreporting factor,Delay factor,Estimated prevalence
Entire state,0.00072,0.00058,0.000246,2.4739,1.0,0.000608
Winnipeg,0.000692,0.000558,0.000246,2.4739,1.0,0.000608
Prairie Mountain,0.000687,0.000553,0.000243,2.4739,1.0,0.000602
Interlake-Eastern,0.002141,0.001725,0.000426,2.4739,1.7812,0.001879
Northern,0.000754,0.000608,0.000265,2.4739,1.0,0.000655
Southern,0.000407,0.000328,0.000145,2.4739,1.0,0.000358
