Name,Estimated unvaccinated prevalence,Estimated vaccinated prevalence,Reported prevalence,Underreporting factor,Delay factor,Estimated prevalence
Entire state,0.000464,0.000374,0.000125,3.1364,1.0,0.000392
Winnipeg,0.000473,0.000381,0.00013,3.1364,1.0202,0.000416
Prairie Mountain,0.000269,0.000217,7.5e-05,3.1364,1.0,0.000236
Interlake-Eastern,0.000368,0.000296,0.000103,3.1364,1.0,0.000323
Northern,0.001769,0.001425,0.00049,3.1364,1.0,0.001535
Southern,0.000183,0.000148,5.1e-05,3.1364,1.0,0.000161
