Name,Estimated unvaccinated prevalence,Estimated vaccinated prevalence,Reported prevalence,Underreporting factor,Delay factor,Estimated prevalence
Entire state,0.015111,0.002812,0.002181,3.0135,1.1378,0.007478
Central,0.016148,0.003005,0.001522,3.0135,1.192,0.005467
Far North,0.060203,0.011203,0.010341,3.0135,1.0,0.031162
North,0.036062,0.006711,0.00481,3.0135,1.2624,0.018299
Regina,0.00313,0.000582,0.000467,3.0135,1.1849,0.001666
Saskatoon,0.009492,0.001766,0.001759,3.0135,1.0,0.0053
South,0.013493,0.002511,0.001323,3.0135,1.5,0.005982
