Name,Estimated unvaccinated prevalence,Estimated vaccinated prevalence,Reported prevalence,Underreporting factor,Delay factor,Estimated prevalence
Entire state,0.005394,0.001007,0.000917,2.4069,1.0,0.002206
Fraser,0.004241,0.000792,0.000741,2.4069,1.0,0.001784
Interior,0.010808,0.002017,0.00198,2.4069,1.0,0.004765
Island,0.002831,0.000528,0.000475,2.4069,1.0,0.001144
Northern,0.010247,0.001913,0.001919,2.4069,1.2413,0.005733
Vancouver Coastal,0.003834,0.000716,0.000578,2.4069,1.0,0.001391
