Name,Estimated unvaccinated prevalence,Estimated vaccinated prevalence,Reported prevalence,Underreporting factor,Delay factor,Estimated prevalence
Entire state,0.010571,0.008553,0.003487,2.6125,1.0,0.00911
Fraser,0.011761,0.009515,0.003853,2.6125,1.0,0.010065
Interior,0.013559,0.010971,0.003916,2.6125,1.1479,0.011742
Island,0.012191,0.009864,0.003746,2.6125,1.0809,0.010577
Northern,0.021336,0.017263,0.004737,2.6125,1.5188,0.018797
Vancouver Coastal,0.007746,0.006267,0.002557,2.6125,1.0,0.00668
