Name,Estimated unvaccinated prevalence,Estimated vaccinated prevalence,Reported prevalence,Underreporting factor,Delay factor,Estimated prevalence
Entire state,0.006997,0.001282,0.001239,2.4239,1.0,0.003002
Calgary,0.004941,0.000905,0.000822,2.4239,1.0,0.001993
Central,0.009853,0.001805,0.002168,2.4239,1.0,0.005256
Edmonton,0.005387,0.000987,0.000934,2.4239,1.0,0.002263
North,0.011222,0.002056,0.002529,2.4239,1.0,0.006131
South,0.008682,0.001591,0.00174,2.4239,1.0,0.004216
