Name,Estimated unvaccinated prevalence,Estimated vaccinated prevalence,Reported prevalence,Underreporting factor,Delay factor,Estimated prevalence
Entire state,0.004413,0.000802,0.00063,2.334,1.1723,0.001724
Interlake-Eastern,0.005997,0.00109,0.00053,2.334,2.0,0.002476
Northern,0.00812,0.001476,0.001583,2.334,1.0,0.003696
Prairie Mountain,0.002959,0.000538,0.000531,2.334,1.0,0.001239
Southern Health,0.01403,0.00255,0.002086,2.334,1.53,0.007451
Winnipeg,0.001433,0.00026,0.000205,2.334,1.0392,0.000497
