Name,Estimated unvaccinated prevalence,Estimated vaccinated prevalence,Reported prevalence,Underreporting factor,Delay factor,Estimated prevalence
Entire state,0.00187,0.001508,0.000502,3.1723,1.0,0.001594
South,0.000436,0.000352,0.00012,3.1723,1.0,0.000381
Calgary,0.000895,0.000722,0.000247,3.1723,1.0,0.000784
Central,0.000452,0.000364,0.000124,3.1723,1.0,0.000394
Edmonton,0.000589,0.000475,0.000162,3.1723,1.0,0.000515
North,0.000313,0.000252,8.6e-05,3.1723,1.0,0.000272
