Name,Estimated unvaccinated prevalence,Estimated vaccinated prevalence,Reported prevalence,Underreporting factor,Delay factor,Estimated prevalence
Entire state,0.004102,0.000752,0.00062,2.7203,1.0069,0.001697
Central,0.013168,0.002414,0.001116,2.7203,1.0,0.003036
Far North,0.009813,0.001799,0.001217,2.7203,1.0,0.003309
North,0.00707,0.001296,0.000943,2.7203,1.1018,0.002825
Regina,0.002085,0.000382,0.000365,2.7203,1.0,0.000992
Saskatoon,0.003278,0.000601,0.000397,2.7203,1.5152,0.001636
South,0.008074,0.00148,0.001031,2.7203,1.0,0.002804
