Name,Estimated unvaccinated prevalence,Estimated vaccinated prevalence,Reported prevalence,Underreporting factor,Delay factor,Estimated prevalence
Entire state,0.00388,0.003126,0.001295,2.6287,1.0,0.003404
Interlake-Eastern,0.004026,0.003244,0.001344,2.6287,1.0,0.003534
Northern,0.022704,0.018291,0.007495,2.6287,1.0,0.019702
Prairie Mountain,0.00908,0.007315,0.002393,2.6287,1.2663,0.007964
Southern Health,0.002135,0.00172,0.000711,2.6287,1.0,0.00187
Winnipeg,0.001879,0.001514,0.000628,2.6287,1.0,0.00165
