Name,Estimated unvaccinated prevalence,Estimated vaccinated prevalence,Reported prevalence,Underreporting factor,Delay factor,Estimated prevalence
Entire state,0.002963,0.00054,0.000497,2.3033,1.0,0.001146
Calgary,0.003371,0.000615,0.000541,2.3033,1.0,0.001247
Central,0.002445,0.000446,0.000515,2.3033,1.0,0.001186
Edmonton,0.002379,0.000434,0.000396,2.3033,1.0,0.000913
North,0.003492,0.000637,0.00074,2.3033,1.0,0.001704
South,0.002516,0.000459,0.000483,2.3033,1.0,0.001113
