Name,Estimated unvaccinated prevalence,Estimated vaccinated prevalence,Reported prevalence,Underreporting factor,Delay factor,Estimated prevalence
Entire state,0.007179,0.001337,0.001008,2.443,1.1234,0.002768
Fraser,0.007367,0.001373,0.001008,2.443,1.1975,0.002948
Interior,0.010355,0.001929,0.001555,2.443,1.1332,0.004304
Island,0.004003,0.000746,0.00061,2.443,1.0279,0.001532
Northern,0.014494,0.0027,0.002828,2.443,1.1182,0.007726
Vancouver Coastal,0.003773,0.000703,0.000504,2.443,1.0389,0.00128
