Name,Estimated unvaccinated prevalence,Estimated vaccinated prevalence,Reported prevalence,Underreporting factor,Delay factor,Estimated prevalence
Entire state,0.015328,0.002817,0.002594,2.5408,1.0598,0.006984
Calgary,0.010833,0.001991,0.001619,2.5408,1.118,0.004599
Central,0.023361,0.004293,0.004802,2.5408,1.0782,0.013155
Edmonton,0.010587,0.001945,0.001847,2.5408,1.0,0.004694
North,0.028239,0.005189,0.005452,2.5408,1.1722,0.016237
South,0.020267,0.003724,0.00407,2.5408,1.0,0.010341
