Name,Estimated unvaccinated prevalence,Estimated vaccinated prevalence,Reported prevalence,Underreporting factor,Delay factor,Estimated prevalence
Entire state,0.002003,0.001615,0.000676,2.5911,1.0,0.001751
Calgary,0.002106,0.001698,0.000711,2.5911,1.0,0.001842
Central,0.002137,0.001723,0.000719,2.5911,1.0,0.001864
Edmonton,0.001878,0.001515,0.000634,2.5911,1.0,0.001642
North,0.001649,0.00133,0.000555,2.5911,1.0,0.001439
South,0.002764,0.002229,0.00093,2.5911,1.0,0.00241
