Name,Estimated unvaccinated prevalence,Estimated vaccinated prevalence,Reported prevalence,Underreporting factor,Delay factor,Estimated prevalence
Entire state,0.000796,0.000643,0.0002,3.1099,1.073,0.000668
Interior,0.000202,0.000163,5.8e-05,3.1099,1.0,0.00018
Fraser,0.000133,0.000108,3.8e-05,3.1099,1.0,0.000118
Vancouver Coastal,0.000232,0.000188,6.7e-05,3.1099,1.0,0.000208
Island,0.000211,0.000171,6.1e-05,3.1099,1.0,0.00019
Northern,0.00014,0.000113,4e-05,3.1099,1.0,0.000124
