Name,Estimated unvaccinated prevalence,Estimated vaccinated prevalence,Reported prevalence,Underreporting factor,Delay factor,Estimated prevalence
Entire state,0.014281,0.002624,0.002544,2.5371,1.0427,0.00673
Calgary,0.009366,0.001721,0.001607,2.5371,1.0,0.004077
Central,0.030905,0.005679,0.004762,2.5371,1.4739,0.017808
Edmonton,0.011203,0.002059,0.00201,2.5371,1.0,0.005098
North,0.019762,0.003631,0.004499,2.5371,1.0257,0.011709
South,0.026785,0.004922,0.004197,2.5371,1.3139,0.013991
