Name,Estimated unvaccinated prevalence,Estimated vaccinated prevalence,Reported prevalence,Underreporting factor,Delay factor,Estimated prevalence
Entire state,0.002594,0.00209,0.000903,2.5189,1.0,0.002275
Interlake-Eastern,0.003558,0.002867,0.00124,2.5189,1.0,0.003123
Northern,0.012333,0.009936,0.004249,2.5189,1.0,0.010703
Prairie Mountain,0.003838,0.003092,0.001336,2.5189,1.0,0.003366
Southern Health,0.001701,0.00137,0.000591,2.5189,1.0,0.001489
Winnipeg,0.001521,0.001225,0.00053,2.5189,1.0,0.001336
