Name,Estimated unvaccinated prevalence,Estimated vaccinated prevalence,Reported prevalence,Underreporting factor,Delay factor,Estimated prevalence
Entire state,0.002426,0.000443,0.000382,2.5614,1.0,0.000979
Central,0.00874,0.001597,0.000751,2.5614,1.0,0.001923
Far North,0.002945,0.000538,0.00037,2.5614,1.0,0.000948
North,0.003281,0.000599,0.000499,2.5614,1.0,0.001279
Regina,0.00133,0.000243,0.000243,2.5614,1.0,0.000623
Saskatoon,0.001082,0.000198,0.000208,2.5614,1.0,0.000532
South,0.005602,0.001024,0.000738,2.5614,1.0,0.00189
