Name,Estimated unvaccinated prevalence,Estimated vaccinated prevalence,Reported prevalence,Underreporting factor,Delay factor,Estimated prevalence
Entire state,0.013259,0.002437,0.002447,2.5214,1.0,0.006171
Calgary,0.008481,0.001558,0.001448,2.5214,1.0,0.003651
Central,0.021247,0.003904,0.004454,2.5214,1.0794,0.012121
Edmonton,0.011037,0.002028,0.001969,2.5214,1.0,0.004964
North,0.020967,0.003853,0.004651,2.5214,1.0459,0.012266
South,0.022944,0.004216,0.004086,2.5214,1.1509,0.011857
