Name,Estimated unvaccinated prevalence,Estimated vaccinated prevalence,Reported prevalence,Underreporting factor,Delay factor,Estimated prevalence
Entire state,0.000744,0.0006,0.000207,3.0288,1.0,0.000628
Winnipeg,0.000694,0.000559,0.000204,3.0288,1.0,0.000617
Prairie Mountain,0.001031,0.000831,0.000261,3.0288,1.1579,0.000915
Interlake-Eastern,0.000501,0.000404,0.000147,3.0288,1.0,0.000445
Northern,0.001564,0.00126,0.00045,3.0288,1.0,0.001362
Southern,0.000722,0.000581,0.000149,3.0288,1.4091,0.000637
