Name,Estimated unvaccinated prevalence,Estimated vaccinated prevalence,Reported prevalence,Underreporting factor,Delay factor,Estimated prevalence
Entire state,0.011124,0.008973,0.003499,2.7891,1.0,0.00976
Interlake-Eastern,0.012798,0.010323,0.004026,2.7891,1.0,0.011229
Northern,0.032508,0.026222,0.010121,2.7891,1.0,0.028229
Prairie Mountain,0.011776,0.009499,0.003705,2.7891,1.0,0.010335
Southern Health,0.007621,0.006147,0.002408,2.7891,1.0,0.006717
Winnipeg,0.009784,0.007892,0.00308,2.7891,1.0,0.008592
