Name,Estimated unvaccinated prevalence,Estimated vaccinated prevalence,Reported prevalence,Underreporting factor,Delay factor,Estimated prevalence
Entire state,0.001053,0.00085,0.000402,2.3152,1.0,0.000931
Fraser,0.000594,0.000479,0.000225,2.3152,1.0,0.000522
Interior,0.002172,0.001754,0.000827,2.3152,1.0,0.001915
Island,0.001389,0.001122,0.000533,2.3152,1.0,0.001234
Northern,0.002183,0.001763,0.000829,2.3152,1.0,0.001919
Vancouver Coastal,0.000706,0.00057,0.000252,2.3152,1.0775,0.000628
