Name,Estimated unvaccinated prevalence,Estimated vaccinated prevalence,Reported prevalence,Underreporting factor,Delay factor,Estimated prevalence
Entire state,0.001188,0.000958,0.000347,2.4642,1.1817,0.001011
South,0.000528,0.000426,0.000188,2.4642,1.0,0.000464
Calgary,0.000769,0.00062,0.000274,2.4642,1.0,0.000675
Central,0.00077,0.000621,0.000276,2.4642,1.0,0.000679
Edmonton,0.000698,0.000563,0.000248,2.4642,1.0,0.000612
North,0.001089,0.000878,0.000308,2.4642,1.2523,0.00095
