Name,Estimated unvaccinated prevalence,Estimated vaccinated prevalence,Reported prevalence,Underreporting factor,Delay factor,Estimated prevalence
Entire state,0.013883,0.002551,0.002531,2.531,1.0177,0.006519
Calgary,0.008818,0.00162,0.001517,2.531,1.0,0.003838
Central,0.029475,0.005416,0.00481,2.531,1.395,0.016984
Edmonton,0.010994,0.00202,0.001977,2.531,1.0,0.005004
North,0.020113,0.003696,0.00459,2.531,1.0257,0.011917
South,0.030141,0.005539,0.004448,2.531,1.3984,0.015744
