Name,Estimated unvaccinated prevalence,Estimated vaccinated prevalence,Reported prevalence,Underreporting factor,Delay factor,Estimated prevalence
Entire state,0.001587,0.00128,0.000537,2.5865,1.0,0.001388
Calgary,0.001678,0.001353,0.000568,2.5865,1.0,0.001468
Central,0.001762,0.001421,0.000594,2.5865,1.0,0.001537
Edmonton,0.001471,0.001186,0.000497,2.5865,1.0,0.001286
North,0.001312,0.001058,0.000443,2.5865,1.0,0.001145
South,0.002062,0.001663,0.000695,2.5865,1.0,0.001798
