Name,Estimated unvaccinated prevalence,Estimated vaccinated prevalence,Reported prevalence,Underreporting factor,Delay factor,Estimated prevalence
Entire state,0.027423,0.022183,0.006957,3.3699,1.0,0.023444
Central,0.034946,0.028269,0.008492,3.3699,1.0,0.028616
Far North,0.026312,0.021285,0.006506,3.3699,1.0,0.021924
North,0.028839,0.023329,0.007292,3.3699,1.0,0.024573
Regina,0.021326,0.017251,0.005502,3.3699,1.0,0.01854
Saskatoon,0.025284,0.020454,0.006567,3.3699,1.0,0.022129
South,0.031944,0.025841,0.007947,3.3699,1.0,0.026779
