Name,Estimated unvaccinated prevalence,Estimated vaccinated prevalence,Reported prevalence,Underreporting factor,Delay factor,Estimated prevalence
Entire state,0.00015,0.000121,4.3e-05,2.9107,1.0,0.000126
Winnipeg,0.000475,0.000383,7.3e-05,2.9107,2.0,0.000423
Prairie Mountain,0.000133,0.000107,4.1e-05,2.9107,1.0,0.000118
Interlake-Eastern,0.000434,0.000349,7.4e-05,2.9107,1.8,0.000385
Northern,0.000265,0.000214,4e-05,2.9107,2.0,0.000231
Southern,0.000472,0.00038,0.000112,2.9107,1.2778,0.000416
