Name,Estimated unvaccinated prevalence,Estimated vaccinated prevalence,Reported prevalence,Underreporting factor,Delay factor,Estimated prevalence
Entire state,0.003449,0.000629,0.000602,2.3336,1.0,0.001404
Calgary,0.003084,0.000563,0.000505,2.3336,1.0059,0.001184
Central,0.00439,0.000801,0.000949,2.3336,1.0,0.002214
Edmonton,0.002264,0.000413,0.000387,2.3336,1.0,0.000902
North,0.005822,0.001063,0.001284,2.3336,1.0,0.002997
South,0.003742,0.000683,0.000738,2.3336,1.0,0.001721
