Name,Estimated unvaccinated prevalence,Estimated vaccinated prevalence,Reported prevalence,Underreporting factor,Delay factor,Estimated prevalence
Entire state,0.017402,0.003238,0.002774,3.0056,1.0,0.008338
Central,0.033274,0.006192,0.002902,3.0056,1.2179,0.010622
Far North,0.064562,0.012014,0.010394,3.0056,1.0,0.03124
North,0.025265,0.004702,0.004097,3.0056,1.0,0.012314
Regina,0.008498,0.001581,0.001285,3.0056,1.1471,0.004431
Saskatoon,0.011306,0.002104,0.002058,3.0056,1.0,0.006187
South,0.031532,0.005868,0.003646,3.0056,1.2248,0.013421
