Name,Estimated unvaccinated prevalence,Estimated vaccinated prevalence,Reported prevalence,Underreporting factor,Delay factor,Estimated prevalence
Entire state,0.006005,0.001081,0.00079,2.3552,1.178,0.002191
Interlake-Eastern,0.009495,0.001709,0.000799,2.3552,2.0,0.003765
Northern,0.010043,0.001807,0.001768,2.3552,1.0472,0.004361
Prairie Mountain,0.003606,0.000649,0.000613,2.3552,1.0,0.001443
Southern Health,0.01003,0.001805,0.002009,2.3552,1.0831,0.005126
Winnipeg,0.004272,0.000769,0.000427,2.3552,1.4068,0.001414
