Name,Estimated unvaccinated prevalence,Estimated vaccinated prevalence,Reported prevalence,Underreporting factor,Delay factor,Estimated prevalence
Entire state,0.005523,0.001001,0.000793,2.3578,1.1207,0.002095
Interlake-Eastern,0.003257,0.000591,0.00056,2.3578,1.0,0.001321
Northern,0.019048,0.003454,0.002177,2.3578,1.6566,0.008504
Prairie Mountain,0.006781,0.00123,0.000928,2.3578,1.2742,0.002787
Southern Health,0.009343,0.001694,0.002019,2.3578,1.0244,0.004877
Winnipeg,0.002614,0.000474,0.000361,2.3578,1.0446,0.00089
