Name,Estimated unvaccinated prevalence,Estimated vaccinated prevalence,Reported prevalence,Underreporting factor,Delay factor,Estimated prevalence
Entire state,0.00342,0.002763,0.001193,2.5189,1.0,0.003006
Central,0.004941,0.003991,0.001603,2.5189,1.0,0.004038
Far North,0.007644,0.006175,0.00238,2.5189,1.0595,0.006353
North,0.003486,0.002816,0.001177,2.5189,1.0,0.002965
Regina,0.002823,0.002281,0.000973,2.5189,1.0,0.002451
Saskatoon,0.001803,0.001457,0.000626,2.5189,1.0,0.001576
South,0.005134,0.004147,0.001705,2.5189,1.0,0.004295
