Name,Estimated unvaccinated prevalence,Estimated vaccinated prevalence,Reported prevalence,Underreporting factor,Delay factor,Estimated prevalence
Entire state,0.002586,0.000474,0.000406,2.5809,1.0,0.001048
Central,0.010446,0.001915,0.000893,2.5809,1.0,0.002304
Far North,0.003174,0.000582,0.000397,2.5809,1.0,0.001024
North,0.003942,0.000723,0.000596,2.5809,1.0,0.001539
Regina,0.001267,0.000232,0.00023,2.5809,1.0,0.000594
Saskatoon,0.001007,0.000185,0.000192,2.5809,1.0,0.000495
South,0.006171,0.001131,0.000808,2.5809,1.0,0.002085
