Name,Estimated unvaccinated prevalence,Estimated vaccinated prevalence,Reported prevalence,Underreporting factor,Delay factor,Estimated prevalence
Entire state,0.003731,0.000676,0.00055,2.3001,1.2054,0.001526
Interlake-Eastern,0.00497,0.0009,0.000463,2.3001,2.0,0.00213
Northern,0.016969,0.003073,0.001953,2.3001,1.7927,0.008053
Prairie Mountain,0.004924,0.000892,0.000741,2.3001,1.26,0.002148
Southern Health,0.004994,0.000904,0.001187,2.3001,1.0,0.002731
Winnipeg,0.00148,0.000268,0.000228,2.3001,1.0231,0.000537
