Name,Estimated unvaccinated prevalence,Estimated vaccinated prevalence,Reported prevalence,Underreporting factor,Delay factor,Estimated prevalence
Entire state,0.018236,0.003394,0.002878,3.0284,1.0041,0.008752
Central,0.040246,0.007489,0.002983,3.0284,1.4223,0.012848
Far North,0.067532,0.012567,0.010791,3.0284,1.0,0.032678
North,0.026596,0.004949,0.00428,3.0284,1.0,0.012962
Regina,0.010655,0.001983,0.001344,3.0284,1.3645,0.005555
Saskatoon,0.011289,0.002101,0.00204,3.0284,1.0,0.006178
South,0.037497,0.006978,0.003805,3.0284,1.3852,0.01596
