Name,Estimated unvaccinated prevalence,Estimated vaccinated prevalence,Reported prevalence,Underreporting factor,Delay factor,Estimated prevalence
Entire state,0.003091,0.002492,0.001028,2.6285,1.0,0.002702
Calgary,0.002824,0.002277,0.000939,2.6285,1.0,0.002469
Central,0.004061,0.003274,0.001349,2.6285,1.0,0.003546
Edmonton,0.002879,0.002321,0.000957,2.6285,1.0,0.002516
North,0.004922,0.003969,0.001636,2.6285,1.0,0.004299
South,0.004398,0.003546,0.001459,2.6285,1.0,0.003835
