Name,Estimated unvaccinated prevalence,Estimated vaccinated prevalence,Reported prevalence,Underreporting factor,Delay factor,Estimated prevalence
Entire state,0.006926,0.00129,0.001003,2.3683,1.1366,0.002701
Fraser,0.007827,0.001458,0.001011,2.3683,1.3246,0.003171
Interior,0.009611,0.001791,0.001549,2.3683,1.1046,0.004051
Island,0.003714,0.000692,0.000608,2.3683,1.0,0.001439
Northern,0.0126,0.002347,0.002671,2.3683,1.0714,0.006776
Vancouver Coastal,0.003788,0.000706,0.000522,2.3683,1.0566,0.001305
