Name,Estimated unvaccinated prevalence,Estimated vaccinated prevalence,Reported prevalence,Underreporting factor,Delay factor,Estimated prevalence
Entire state,0.001595,0.001286,0.000345,3.0267,1.2994,0.001357
South,0.000235,0.000189,6.8e-05,3.0267,1.0,0.000206
Calgary,9e-05,7.2e-05,2.6e-05,3.0267,1.0,7.9e-05
Central,0.00018,0.000146,5.3e-05,3.0267,1.0,0.000159
Edmonton,0.000166,0.000134,4.8e-05,3.0267,1.0,0.000145
North,0.000122,9.9e-05,3.5e-05,3.0267,1.0,0.000106
