Name,Estimated unvaccinated prevalence,Estimated vaccinated prevalence,Reported prevalence,Underreporting factor,Delay factor,Estimated prevalence
Entire state,0.007003,0.00126,0.00083,2.3567,1.2884,0.002521
Interlake-Eastern,0.005231,0.000941,0.000687,2.3567,1.2639,0.002047
Northern,0.015185,0.002733,0.001808,2.3567,1.5281,0.00651
Prairie Mountain,0.007176,0.001291,0.000799,2.3567,1.5111,0.002847
Southern Health,0.010095,0.001817,0.002033,2.3567,1.0711,0.005133
Winnipeg,0.005011,0.000902,0.000466,2.3567,1.4756,0.001622
