Name,Estimated unvaccinated prevalence,Estimated vaccinated prevalence,Reported prevalence,Underreporting factor,Delay factor,Estimated prevalence
Entire state,0.000763,0.000617,0.000295,2.2852,1.0,0.000675
Fraser,0.000499,0.000403,0.000192,2.2852,1.0,0.000438
Interior,0.001738,0.001404,0.000671,2.2852,1.0,0.001533
Island,0.000763,0.000617,0.000297,2.2852,1.0,0.000678
Northern,0.001343,0.001085,0.000517,2.2852,1.0,0.001181
Vancouver Coastal,0.000493,0.000398,0.000192,2.2852,1.0,0.000439
