Name,Estimated unvaccinated prevalence,Estimated vaccinated prevalence,Reported prevalence,Underreporting factor,Delay factor,Estimated prevalence
Entire state,0.008082,0.001504,0.001156,2.8213,1.2523,0.004084
Central,0.006485,0.001207,0.000801,2.8213,1.0,0.002261
Far North,0.04711,0.008767,0.0064,2.8213,1.3931,0.025155
North,0.017313,0.003222,0.002293,2.8213,1.3858,0.008965
Regina,0.000671,0.000125,0.000128,2.8213,1.0,0.000362
Saskatoon,0.010734,0.001998,0.001183,2.8213,1.8178,0.006067
South,0.002934,0.000546,0.000471,2.8213,1.0,0.001328
