Name,Estimated unvaccinated prevalence,Estimated vaccinated prevalence,Reported prevalence,Underreporting factor,Delay factor,Estimated prevalence
Entire state,0.001578,0.001272,0.000461,2.9119,1.0,0.001342
South,0.000237,0.000191,7.1e-05,2.9119,1.0,0.000208
Calgary,0.000165,0.000133,5e-05,2.9119,1.0,0.000145
Central,0.000354,0.000286,0.000107,2.9119,1.0,0.000312
Edmonton,0.000234,0.000188,7e-05,2.9119,1.0,0.000205
North,0.000308,0.000248,9.2e-05,2.9119,1.0,0.000269
