Name,Estimated unvaccinated prevalence,Estimated vaccinated prevalence,Reported prevalence,Underreporting factor,Delay factor,Estimated prevalence
Entire state,0.003471,0.002804,0.001193,2.5569,1.0,0.003051
Central,0.004634,0.003743,0.001481,2.5569,1.0,0.003787
Far North,0.003174,0.002564,0.001031,2.5569,1.0,0.002637
North,0.002742,0.002215,0.000912,2.5569,1.0,0.002332
Regina,0.002604,0.002104,0.000884,2.5569,1.0,0.002261
Saskatoon,0.001477,0.001193,0.000505,2.5569,1.0,0.001291
South,0.003986,0.00322,0.001304,2.5569,1.0,0.003335
