Name,Estimated unvaccinated prevalence,Estimated vaccinated prevalence,Reported prevalence,Underreporting factor,Delay factor,Estimated prevalence
Entire state,0.009201,0.001712,0.001393,2.9225,1.0,0.004071
Central,0.023696,0.00441,0.002191,2.9225,1.0,0.006404
Far North,0.029981,0.005579,0.004126,2.9225,1.0,0.012058
North,0.012479,0.002322,0.00187,2.9225,1.0,0.005465
Regina,0.005508,0.001025,0.000933,2.9225,1.0,0.002728
Saskatoon,0.005816,0.001082,0.001033,2.9225,1.0,0.003019
South,0.011356,0.002113,0.001489,2.9225,1.0,0.004351
