Name,Estimated unvaccinated prevalence,Estimated vaccinated prevalence,Reported prevalence,Underreporting factor,Delay factor,Estimated prevalence
Entire state,0.001717,0.001384,0.000379,3.1062,1.241,0.001462
South,0.000196,0.000158,5.5e-05,3.1062,1.0,0.000171
Calgary,0.000398,0.000321,0.000112,3.1062,1.0,0.000349
Central,0.000165,0.000133,4.6e-05,3.1062,1.0,0.000144
Edmonton,0.000137,0.00011,3.9e-05,3.1062,1.0,0.00012
North,0.000157,0.000127,4.4e-05,3.1062,1.0,0.000137
