Name,Estimated unvaccinated prevalence,Estimated vaccinated prevalence,Reported prevalence,Underreporting factor,Delay factor,Estimated prevalence
Entire state,0.015111,0.002812,0.002181,3.0135,1.1378,0.007478
Central,0.016265,0.003027,0.001522,3.0135,1.192,0.005467
Far North,0.06064,0.011285,0.010341,3.0135,1.0,0.031162
North,0.036211,0.006739,0.00481,3.0135,1.2624,0.018299
Regina,0.00314,0.000584,0.000467,3.0135,1.1849,0.001666
Saskatoon,0.009516,0.001771,0.001759,3.0135,1.0,0.0053
South,0.013553,0.002522,0.001323,3.0135,1.5,0.005982
