Name,Estimated unvaccinated prevalence,Estimated vaccinated prevalence,Reported prevalence,Underreporting factor,Delay factor,Estimated prevalence
Entire state,0.034724,0.006345,0.00216,3.1241,2.0,0.013499
Central,0.070908,0.012956,0.002557,3.1241,2.0,0.015975
Far North,0.023217,0.004242,0.001084,3.1241,2.0,0.006775
North,0.016618,0.003036,0.000989,3.1241,2.0,0.006177
Regina,0.031823,0.005815,0.002314,3.1241,2.0,0.014457
Saskatoon,0.029777,0.005441,0.002287,3.1241,2.0,0.01429
South,0.045125,0.008245,0.002316,3.1241,2.0,0.01447
