Name,Estimated unvaccinated prevalence,Estimated vaccinated prevalence,Reported prevalence,Underreporting factor,Delay factor,Estimated prevalence
Entire state,0.022531,0.018227,0.005724,3.3643,1.0,0.019256
Central,0.030685,0.024823,0.007467,3.3643,1.0,0.025121
Far North,0.022544,0.018237,0.00558,3.3643,1.0,0.018774
North,0.026524,0.021456,0.006716,3.3643,1.0,0.022595
Regina,0.020993,0.016982,0.005423,3.3643,1.0,0.018244
Saskatoon,0.01961,0.015863,0.0051,3.3643,1.0,0.017157
South,0.026384,0.021343,0.006572,3.3643,1.0,0.022111
