Name,Estimated unvaccinated prevalence,Estimated vaccinated prevalence,Reported prevalence,Underreporting factor,Delay factor,Estimated prevalence
Entire state,0.054123,0.00981,0.003358,2.7791,2.0,0.018664
Calgary,0.022126,0.00401,0.002692,2.7791,1.0487,0.007845
Central,0.004905,0.000889,0.000715,2.7791,1.1633,0.002312
Edmonton,0.025784,0.004674,0.002436,2.7791,1.4081,0.009534
North,0.003444,0.000624,0.000586,2.7791,1.0,0.001628
South,0.008255,0.001496,0.000862,2.7791,1.4775,0.003538
