Name,Estimated unvaccinated prevalence,Estimated vaccinated prevalence,Reported prevalence,Underreporting factor,Delay factor,Estimated prevalence
Entire state,0.005748,0.001071,0.000872,2.6049,1.0,0.002272
Fraser,0.004626,0.000862,0.000725,2.6049,1.0,0.001888
Interior,0.008808,0.001641,0.001441,2.6049,1.0,0.003753
Island,0.004382,0.000816,0.000641,2.6049,1.0266,0.001713
Northern,0.015338,0.002858,0.00265,2.6049,1.2064,0.008329
Vancouver Coastal,0.00339,0.000632,0.000453,2.6049,1.0,0.001181
