Name,Estimated unvaccinated prevalence,Estimated vaccinated prevalence,Reported prevalence,Underreporting factor,Delay factor,Estimated prevalence
Entire state,0.031566,0.025535,0.00716,3.3661,1.1194,0.02698
Central,0.031368,0.025375,0.007629,3.3661,1.0,0.025681
Far North,0.025221,0.020402,0.006242,3.3661,1.0,0.02101
North,0.027723,0.022427,0.007017,3.3661,1.0,0.023619
Regina,0.020264,0.016393,0.005232,3.3661,1.0,0.017613
Saskatoon,0.021752,0.017597,0.005655,3.3661,1.0,0.019034
South,0.028668,0.023191,0.007139,3.3661,1.0,0.024029
