Name,Estimated unvaccinated prevalence,Estimated vaccinated prevalence,Reported prevalence,Underreporting factor,Delay factor,Estimated prevalence
Entire state,0.00332,0.000618,0.000513,2.3397,1.0,0.0012
Fraser,0.005605,0.001043,0.000907,2.3397,1.0,0.002123
Interior,0.005065,0.000943,0.000841,2.3397,1.0,0.001967
Island,0.003492,0.00065,0.00054,2.3397,1.0,0.001264
Northern,0.014267,0.002656,0.003066,2.3397,1.0,0.007175
Vancouver Coastal,0.002841,0.000529,0.000384,2.3397,1.0,0.000898
