Name,Estimated unvaccinated prevalence,Estimated vaccinated prevalence,Reported prevalence,Underreporting factor,Delay factor,Estimated prevalence
Entire state,0.00616,0.004967,0.001028,2.62,2.0,0.005388
Calgary,0.006522,0.005259,0.001089,2.62,2.0,0.005705
Central,0.006738,0.005433,0.001122,2.62,2.0,0.005878
Edmonton,0.006252,0.005041,0.001043,2.62,2.0,0.005467
North,0.004925,0.003971,0.00082,2.62,2.0,0.004297
South,0.006982,0.00563,0.001162,2.62,2.0,0.006088
