Name,Estimated unvaccinated prevalence,Estimated vaccinated prevalence,Reported prevalence,Underreporting factor,Delay factor,Estimated prevalence
Entire state,0.025243,0.02042,0.006397,3.3778,1.0,0.021606
Central,0.052814,0.042724,0.009395,3.3778,1.3643,0.043294
Far North,0.082959,0.067109,0.011108,3.3778,1.8458,0.069254
North,0.067774,0.054826,0.009478,3.3778,1.8066,0.057837
Regina,0.030044,0.024304,0.007257,3.3778,1.0667,0.026147
Saskatoon,0.027371,0.022142,0.006977,3.3778,1.0176,0.023982
South,0.043258,0.034994,0.008933,3.3778,1.2033,0.036305
