Name,Estimated unvaccinated prevalence,Estimated vaccinated prevalence,Reported prevalence,Underreporting factor,Delay factor,Estimated prevalence
Entire state,0.005793,0.001078,0.000851,2.333,1.0704,0.002125
Fraser,0.005797,0.001079,0.000888,2.333,1.0676,0.002212
Interior,0.005348,0.000996,0.0009,2.333,1.0,0.002101
Island,0.002994,0.000557,0.000469,2.333,1.0,0.001095
Northern,0.023656,0.004403,0.003496,2.333,1.4766,0.012043
Vancouver Coastal,0.003228,0.000601,0.000408,2.333,1.083,0.00103
