Name,Estimated unvaccinated prevalence,Estimated vaccinated prevalence,Reported prevalence,Underreporting factor,Delay factor,Estimated prevalence
Entire state,0.001063,0.000857,0.000298,2.5786,1.176,0.000904
South,0.000276,0.000223,9.4e-05,2.5786,1.0,0.000243
Calgary,0.000362,0.000292,0.000123,2.5786,1.0,0.000318
Central,0.000295,0.000238,0.000101,2.5786,1.0,0.00026
Edmonton,0.000382,0.000308,0.00013,2.5786,1.0,0.000335
North,0.000384,0.000309,0.00013,2.5786,1.0,0.000334
