Name,Estimated unvaccinated prevalence,Estimated vaccinated prevalence,Reported prevalence,Underreporting factor,Delay factor,Estimated prevalence
Entire state,0.004621,0.000859,0.000698,2.3042,1.0254,0.001649
Fraser,0.00447,0.00083,0.0007,2.3042,1.0,0.001612
Interior,0.007961,0.001479,0.000971,2.3042,1.306,0.002923
Island,0.004053,0.000753,0.000606,2.3042,1.0,0.001397
Northern,0.01156,0.002148,0.002137,2.3042,1.1297,0.005563
Vancouver Coastal,0.002381,0.000442,0.00031,2.3042,1.0027,0.000716
