Name,Estimated unvaccinated prevalence,Estimated vaccinated prevalence,Reported prevalence,Underreporting factor,Delay factor,Estimated prevalence
Entire state,0.051958,0.042031,0.006571,3.3973,2.0,0.044649
Central,0.060473,0.048919,0.007315,3.3973,2.0,0.049702
Far North,0.027187,0.021993,0.003359,3.3973,2.0,0.022822
North,0.027329,0.022108,0.003445,3.3973,2.0,0.023405
Regina,0.053621,0.043376,0.006892,3.3973,2.0,0.04683
Saskatoon,0.046578,0.037679,0.00603,3.3973,2.0,0.040975
South,0.066377,0.053696,0.008233,3.3973,2.0,0.05594
