Name,Estimated unvaccinated prevalence,Estimated vaccinated prevalence,Reported prevalence,Underreporting factor,Delay factor,Estimated prevalence
Entire state,0.025225,0.020405,0.003267,3.3226,2.0,0.021707
Central,0.033438,0.02705,0.004139,3.3226,2.0,0.027507
Far North,0.013172,0.010656,0.001666,3.3226,2.0,0.011072
North,0.013858,0.011211,0.001789,3.3226,2.0,0.011886
Regina,0.025518,0.020643,0.003359,3.3226,2.0,0.022321
Saskatoon,0.024934,0.02017,0.003304,3.3226,2.0,0.021959
South,0.029304,0.023705,0.003722,3.3226,2.0,0.024733
