Name,Estimated unvaccinated prevalence,Estimated vaccinated prevalence,Reported prevalence,Underreporting factor,Delay factor,Estimated prevalence
Entire state,0.006763,0.00125,0.001014,2.8754,1.0,0.002915
Central,0.020699,0.003825,0.001826,2.8754,1.0,0.005251
Far North,0.019141,0.003537,0.002512,2.8754,1.0,0.007225
North,0.009674,0.001788,0.001422,2.8754,1.0,0.004088
Regina,0.004266,0.000788,0.000723,2.8754,1.0,0.002079
Saskatoon,0.004142,0.000765,0.000736,2.8754,1.0,0.002117
South,0.008276,0.001529,0.001063,2.8754,1.0,0.003055
