Name,Estimated unvaccinated prevalence,Estimated vaccinated prevalence,Reported prevalence,Underreporting factor,Delay factor,Estimated prevalence
Entire state,0.012248,0.009884,0.003815,2.8063,1.0,0.010705
Calgary,0.01342,0.01083,0.004181,2.8063,1.0,0.011735
Central,0.012948,0.010449,0.004037,2.8063,1.0,0.011328
Edmonton,0.010877,0.008777,0.003388,2.8063,1.0,0.009508
North,0.011898,0.009602,0.00356,2.8063,1.0426,0.010416
South,0.015388,0.012418,0.004781,2.8063,1.0,0.013418
