Name,Estimated unvaccinated prevalence,Estimated vaccinated prevalence,Reported prevalence,Underreporting factor,Delay factor,Estimated prevalence
Entire state,0.003944,0.003183,0.001238,2.8117,1.0,0.00348
Abitibi-Témiscamingue,0.006487,0.005235,0.002047,2.8117,1.0,0.005755
Bas-Saint-Laurent,0.008403,0.006781,0.002656,2.8117,1.0,0.007467
Capitale-Nationale,0.005803,0.004683,0.001825,2.8117,1.0,0.005132
Chaudière-Appalaches,0.005216,0.004209,0.00164,2.8117,1.0,0.004612
Côte-Nord,0.010328,0.008334,0.003263,2.8117,1.0,0.009176
Estrie,0.003379,0.002727,0.001062,2.8117,1.0,0.002987
Gaspésie-Îles-de-la-Madeleine,0.006838,0.005518,0.00217,2.8117,1.0,0.006101
Lanaudière,0.002945,0.002376,0.000925,2.8117,1.0,0.002602
Laurentides,0.004602,0.003714,0.001445,2.8117,1.0,0.004062
Laval,0.003253,0.002625,0.001016,2.8117,1.0,0.002857
Mauricie,0.004399,0.00355,0.001384,2.8117,1.0,0.003891
Montérégie,0.002934,0.002368,0.000922,2.8117,1.0,0.002591
Montréal,0.002907,0.002346,0.000908,2.8117,1.0,0.002553
Nord-du-Québec,0.008141,0.00657,0.002567,2.8117,1.0,0.007218
Nunavik,0.018597,0.015008,0.005886,2.8117,1.0,0.016549
Outaouais,0.003103,0.002504,0.000972,2.8117,1.0,0.002732
Saguenay,0.005576,0.0045,0.00176,2.8117,1.0,0.004949
Terres-Cries-de-la-Baie-James,0.005952,0.004803,0.001875,2.8117,1.0,0.005273
