Name,Estimated unvaccinated prevalence,Estimated vaccinated prevalence,Reported prevalence,Underreporting factor,Delay factor,Estimated prevalence
Entire state,0.000238,0.000192,9.1e-05,2.3066,1.0,0.00021
Fraser,0.00017,0.000137,6.5e-05,2.3066,1.0,0.000149
Interior,0.000331,0.000268,0.000127,2.3066,1.0,0.000292
Island,0.000356,0.000288,0.000137,2.3066,1.0,0.000316
Northern,0.000273,0.000221,0.000104,2.3066,1.0,0.00024
Vancouver Coastal,0.000217,0.000175,8.4e-05,2.3066,1.0,0.000193
