Name,Estimated unvaccinated prevalence,Estimated vaccinated prevalence,Reported prevalence,Underreporting factor,Delay factor,Estimated prevalence
Entire state,0.011542,0.009315,0.003601,2.8018,1.0,0.010089
Calgary,0.012438,0.010037,0.003882,2.8018,1.0,0.010875
Central,0.012513,0.010098,0.003907,2.8018,1.0,0.010948
Edmonton,0.010179,0.008215,0.003176,2.8018,1.0,0.008899
North,0.010935,0.008825,0.003417,2.8018,1.0,0.009573
South,0.015216,0.01228,0.004736,2.8018,1.0,0.013268
