Name,Estimated unvaccinated prevalence,Estimated vaccinated prevalence,Reported prevalence,Underreporting factor,Delay factor,Estimated prevalence
Entire state,0.007332,0.001364,0.001098,2.8982,1.0,0.003184
Central,0.020537,0.003822,0.001836,2.8982,1.0,0.005322
Far North,0.019551,0.003638,0.002592,2.8982,1.0,0.007512
North,0.009833,0.00183,0.001447,2.8982,1.0,0.004194
Regina,0.00486,0.000904,0.000822,2.8982,1.0,0.002381
Saskatoon,0.004643,0.000864,0.000823,2.8982,1.0,0.002385
South,0.009428,0.001755,0.001215,2.8982,1.0,0.003522
