Name,Population,Cases in past week,Reported prevalence,Underreporting factor,Delay factor,Estimated prevalence
Entire country,220892331,22270,0.00010082287555741354,8,1.055700402939085,0.0008515100028115096
Azad Jammu and Kashmir,4045366,501,0.00012409260373474242,8,1.0,0.0009927408298779394
Balochistan,12344408,308,2.5031577050920548e-05,8,1.0,0.00020025261640736438
Gilgit-Baltistan,1013584,83,8.28742363731077e-05,8,1.0,0.0006629938909848616
Islamabad,2006572,2693,0.0013425882549940895,8,1.0,0.010740706039952716
Khyber Pakhtunkhwa,30523371,2486,8.14785496660903e-05,8,1.0,0.0006518283973287224
Punjab,110012442,4727,4.297695709727087e-05,8,1.0441793682350342,0.00035900521528393973
Sindh,47886051,11472,0.00023958960407906678,8,1.1845121321631389,0.0022703743421745412
