Name,Population,Cases in past week,Reported prevalence,Underreporting factor,Delay factor,Estimated prevalence
Entire country,220892331,23880,0.000108,2.7932,1.0,0.000302
Azad Jammu and Kashmir,4045366,495,0.000123,2.7932,1.0,0.000342
Balochistan,12344408,704,5.7e-05,2.7932,1.0,0.00016
Gilgit-Baltistan,1013584,53,5.3e-05,2.7932,1.0,0.000149
Islamabad,2006572,1765,0.00088,2.7932,1.0,0.002458
Khyber Pakhtunkhwa,30523371,3778,0.000124,2.7932,1.0,0.000346
Punjab,110012442,11043,0.0001,2.7932,1.0,0.00028
Sindh,47886051,6042,0.000126,2.7932,1.0,0.000352
