Name,Population,Cases in past week,Reported prevalence,Underreporting factor,Delay factor,Estimated prevalence
Entire country,220892331,21602,9.8e-05,2.7503,1.4703,0.000395
Azad Jammu and Kashmir,4045366,657,0.000163,2.7503,1.5718,0.000703
Balochistan,12344408,121,1e-05,2.7503,1.3152,3.6e-05
Gilgit-Baltistan,1013584,12,1.3e-05,2.7503,2.0,7.1e-05
Islamabad,2006572,3704,0.001846,2.7503,1.6906,0.008585
Khyber Pakhtunkhwa,30523371,3520,0.000115,2.7503,1.7452,0.000554
Punjab,110012442,11709,0.000106,2.7503,1.384,0.000405
Sindh,47886051,1879,3.9e-05,2.7503,1.2419,0.000134
