Name,Population,Cases in past week,Reported prevalence,Underreporting factor,Delay factor,Estimated prevalence
Entire country,220892331,14809,6.7e-05,2.9147,1.0,0.000195
Azad Jammu and Kashmir,4045366,211,5.2e-05,2.9147,1.0,0.000153
Balochistan,12344408,181,1.5e-05,2.9147,1.0,4.3e-05
Gilgit-Baltistan,1013584,33,3.4e-05,2.9147,1.0,9.8e-05
Islamabad,2006572,1076,0.000537,2.9147,1.0,0.001564
Khyber Pakhtunkhwa,30523371,2427,8e-05,2.9147,1.0,0.000232
Punjab,110012442,4435,4e-05,2.9147,1.061,0.000125
Sindh,47886051,6446,0.000135,2.9147,1.0,0.000392
