Name,Population,Cases in past week,Reported prevalence,Underreporting factor,Delay factor,Estimated prevalence
Entire country,220892331,10602,4.8e-05,2.3293,1.4587,0.000163
Azad Jammu and Kashmir,4045366,592,0.000147,2.3293,1.9603,0.000669
Balochistan,12344408,549,4.5e-05,2.3293,1.6339,0.00017
Gilgit-Baltistan,1013584,400,0.000396,2.3293,1.0899,0.001004
Islamabad,2006572,716,0.000357,2.3293,2.0,0.001665
Khyber Pakhtunkhwa,30523371,847,2.8e-05,2.3293,1.2066,7.8e-05
Punjab,110012442,1295,1.2e-05,2.3293,1.587,4.4e-05
Sindh,47886051,6203,0.00013,2.3293,1.4114,0.000426
