Name,Population,Cases in past week,Reported prevalence,Underreporting factor,Delay factor,Estimated prevalence
Entire country,220892331,32584,0.000148,2.8205,1.0,0.000416
Azad Jammu and Kashmir,4045366,738,0.000183,2.8205,1.0,0.000515
Balochistan,12344408,861,7e-05,2.8205,1.0722,0.000211
Gilgit-Baltistan,1013584,58,5.8e-05,2.8205,1.0,0.000164
Islamabad,2006572,2688,0.00134,2.8205,1.0,0.00378
Khyber Pakhtunkhwa,30523371,5929,0.000194,2.8205,1.0,0.000548
Punjab,110012442,15061,0.000137,2.8205,1.0,0.000386
Sindh,47886051,7249,0.000151,2.8205,1.2485,0.000533
