Name,Population,Cases in past week,Reported prevalence,Underreporting factor,Delay factor,Estimated prevalence
Entire country,220892331,9931,4.5e-05,2.5743,1.1095,0.000128
Azad Jammu and Kashmir,4045366,317,7.9e-05,2.5743,1.0,0.000202
Balochistan,12344408,68,6e-06,2.5743,1.0303,1.5e-05
Gilgit-Baltistan,1013584,2,3e-06,2.5743,1.0,8e-06
Islamabad,2006572,1223,0.00061,2.5743,1.4842,0.002331
Khyber Pakhtunkhwa,30523371,1512,5e-05,2.5743,1.1748,0.00015
Punjab,110012442,5147,4.7e-05,2.5743,1.274,0.000153
Sindh,47886051,1662,3.5e-05,2.5743,1.0,8.9e-05
