Name,Estimated unvaccinated prevalence,Estimated vaccinated prevalence,Reported prevalence,Underreporting factor,Delay factor,Estimated prevalence
Entire state,0.001625,0.001625,0.000683,2.3776,1.0,0.001625
Apache,0.00351,0.00351,0.00153,2.2937,1.0,0.00351
Cochise,0.002434,0.002434,0.001024,2.3764,1.0,0.002434
Coconino,0.001303,0.001303,0.000565,2.3083,1.0,0.001303
Gila,0.001366,0.001366,0.000574,2.3799,1.0,0.001366
Graham,0.001413,0.001413,0.000669,2.111,1.0,0.001413
Greenlee,0.003254,0.003254,0.001369,2.3776,1.0,0.003254
La Paz,0.002095,0.002095,0.000853,2.3125,1.0625,0.002095
Maricopa,0.001365,0.001365,0.000575,2.3752,1.0,0.001365
Mohave,0.00201,0.00201,0.000872,2.3054,1.0,0.00201
Navajo,0.002201,0.002201,0.000974,2.2603,1.0,0.002201
Pima,0.001707,0.001707,0.000732,2.3303,1.0,0.001707
Pinal,0.002269,0.002269,0.000959,2.3645,1.0,0.002269
Santa Cruz,Unknown,Unknown,0.00228,2.4955,1.5,0.008533
Yavapai,0.002371,0.002371,0.000978,2.4237,1.0,0.002371
Yuma,0.001961,0.001961,0.000758,2.5873,1.0,0.001961
