Name,Estimated unvaccinated prevalence,Estimated vaccinated prevalence,Reported prevalence,Underreporting factor,Delay factor,Estimated prevalence
Entire state,0.003515,0.003515,0.000747,2.3521,2.0,0.003515
Apache,0.013739,0.013739,0.002935,2.3404,2.0,0.013739
Cochise,0.003595,0.003595,0.000762,2.3578,2.0,0.003595
Coconino,0.00458,0.00458,0.001101,2.4371,1.7065,0.00458
Gila,0.004183,0.004183,0.001037,2.3477,1.7188,0.004183
Graham,0.001562,0.001562,0.000515,2.2343,1.3571,0.001562
Greenlee,0.002972,0.002972,0.000948,2.3521,1.3333,0.002972
La Paz,0.000964,0.000964,0.000426,2.2609,1.0,0.000964
Maricopa,0.00337,0.00337,0.000711,2.3718,2.0,0.00337
Mohave,0.002112,0.002112,0.000537,2.2609,1.7385,0.002112
Navajo,0.001902,0.001902,0.00082,2.3188,1.0,0.001902
Pima,0.003376,0.003376,0.00084,2.3492,1.7101,0.003376
Pinal,0.003291,0.003291,0.000713,2.3074,2.0,0.003291
Santa Cruz,0.000882,0.000882,0.000366,2.412,1.0,0.000882
Yavapai,0.002217,0.002217,0.000723,2.3219,1.3203,0.002217
Yuma,0.002234,0.002234,0.000491,2.2742,2.0,0.002234
