Name,Estimated unvaccinated prevalence,Estimated vaccinated prevalence,Reported prevalence,Underreporting factor,Delay factor,Estimated prevalence
Entire state,0.010771,0.001985,0.002313,2.5244,1.0,0.005839
Apache,0.011367,0.002095,0.001808,2.4483,1.0,0.004427
Cochise,0.017175,0.003165,0.003177,2.5393,1.1633,0.009383
Coconino,0.016182,0.002982,0.002697,2.457,1.0461,0.006933
Gila,0.010062,0.001854,0.00224,2.4016,1.0526,0.005663
Graham,0.016727,0.003082,0.003038,2.5996,1.1584,0.00915
Greenlee,0.012596,0.002321,0.003159,2.7272,1.0,0.008614
La Paz,0.006626,0.001221,0.001706,2.5168,1.0,0.004292
Maricopa,0.010487,0.001932,0.002424,2.5319,1.0,0.006137
Mohave,0.010455,0.001927,0.002682,2.6956,1.0,0.007229
Navajo,0.016019,0.002952,0.002831,2.5749,1.0539,0.007682
Pima,0.010223,0.001884,0.001886,2.4932,1.0991,0.005168
Pinal,0.009916,0.001827,0.00239,2.5633,1.0,0.006126
Santa Cruz,0.007512,0.001384,0.001054,2.3085,1.0,0.002433
Yavapai,0.008384,0.001545,0.002123,2.5772,1.0,0.00547
Yuma,0.005602,0.001032,0.001141,2.5294,1.0,0.002887
