Name,Estimated unvaccinated prevalence,Estimated vaccinated prevalence,Reported prevalence,Underreporting factor,Delay factor,Estimated prevalence
Entire state,0.000872,0.000872,0.000378,2.3065,1.0,0.000872
Apache,0.002717,0.002717,0.001196,2.271,1.0,0.002717
Cochise,0.001093,0.001093,0.000469,2.3319,1.0,0.001093
Coconino,0.000725,0.000725,0.000328,2.2128,1.0,0.000725
Gila,0.001312,0.001312,0.000574,2.2864,1.0,0.001312
Graham,0.002445,0.002445,0.001004,2.3065,1.0556,0.002445
Greenlee,0.000243,0.000243,0.000105,2.3065,1.0,0.000243
La Paz,0.000119,0.000119,4.7e-05,2.5062,1.0,0.000119
Maricopa,0.000753,0.000753,0.000323,2.3319,1.0,0.000753
Mohave,0.000937,0.000937,0.00041,2.2864,1.0,0.000937
Navajo,0.001164,0.001164,0.000514,2.2647,1.0,0.001164
Pima,0.001293,0.001293,0.000564,2.2908,1.0,0.001293
Pinal,0.000581,0.000581,0.000253,2.2981,1.0,0.000581
Santa Cruz,Unknown,Unknown,0.000903,2.4225,1.0,0.002188
Yavapai,0.000996,0.000996,0.000425,2.3408,1.0,0.000996
Yuma,0.000744,0.000744,0.000304,2.4471,1.0,0.000744
