Name,Estimated unvaccinated prevalence,Estimated vaccinated prevalence,Reported prevalence,Underreporting factor,Delay factor,Estimated prevalence
Entire state,0.003874,0.003143,0.0009,2.2686,1.6883,0.003447
Apache,0.006047,0.004906,0.001669,2.3618,1.2935,0.005099
Cochise,0.002298,0.001864,0.000731,2.2808,1.2133,0.002022
Coconino,0.004707,0.003818,0.000892,2.2591,2.0,0.004031
Gila,0.001305,0.001059,0.0005,2.3225,1.0,0.001161
Graham,0.003738,0.003032,0.000747,2.2048,2.0,0.003293
Greenlee,0.001939,0.001573,0.000632,2.2525,1.25,0.001779
La Paz,0.005014,0.004067,0.001042,2.1877,2.0,0.00456
Maricopa,0.004256,0.003452,0.000996,2.2558,1.692,0.003802
Mohave,0.003418,0.002773,0.000731,2.2982,1.878,0.003153
Navajo,0.007643,0.0062,0.001451,2.395,1.8824,0.006544
Pima,0.003624,0.00294,0.000776,2.301,1.7691,0.00316
Pinal,0.002639,0.002141,0.000676,2.2838,1.5369,0.002374
Santa Cruz,0.001515,0.001229,0.00043,2.2007,1.3571,0.001285
Yavapai,0.002144,0.00174,0.000425,2.301,2.0,0.001957
Yuma,0.002336,0.001895,0.000594,2.3065,1.4824,0.002031
