Name,Estimated unvaccinated prevalence,Estimated vaccinated prevalence,Reported prevalence,Underreporting factor,Delay factor,Estimated prevalence
Entire state,0.039372,0.00732,0.005327,2.4383,1.1764,0.01528
Fairfield,0.069321,0.012889,0.006002,2.4383,1.5992,0.023404
Hartford,0.026814,0.004986,0.004296,2.4593,1.0,0.010565
Litchfield,0.028509,0.005301,0.00442,2.4964,1.0,0.011033
Middlesex,0.044383,0.008252,0.004648,2.3904,1.3045,0.014494
New Haven,0.061339,0.011405,0.006623,2.4163,1.4289,0.022867
New London,0.029981,0.005574,0.004536,2.4087,1.0,0.010926
Tolland,0.015294,0.002844,0.002873,2.4547,1.0,0.007052
Windham,0.024271,0.004513,0.004735,2.5068,1.0,0.011871
