Name,Estimated unvaccinated prevalence,Estimated vaccinated prevalence,Reported prevalence,Underreporting factor,Delay factor,Estimated prevalence
Entire state,0.0352,0.006564,0.007718,2.5227,1.0,0.01947
Aleutians East,0.003526,0.000658,0.000599,2.5227,1.0,0.001512
Aleutians West,0.004785,0.000892,0.001065,2.3624,1.0,0.002516
Anchorage,0.035888,0.006692,0.007691,2.5022,1.0,0.019244
Bethel,0.058564,0.01092,0.012781,2.3551,1.0263,0.030894
Bristol Bay,Unknown,Unknown,0.001196,2.5227,1.0,0.003018
Copper River,Unknown,Unknown,0.005558,2.5227,1.0,0.01402
Chugach,Unknown,Unknown,0.009184,2.5227,1.0,0.023168
Denali,0.027561,0.005139,0.006676,2.5227,1.0,0.016842
Dillingham,0.046539,0.008678,0.011798,2.5227,1.0,0.029763
Fairbanks North Star,0.033172,0.006185,0.007507,2.6643,1.0,0.02
Haines,0.011568,0.002157,0.001976,2.8104,1.0,0.005554
Juneau,0.019081,0.003558,0.003753,2.3241,1.0,0.008723
Kenai Peninsula,0.033333,0.006215,0.00867,2.5302,1.0,0.021937
Ketchikan Gateway,0.026234,0.004892,0.005683,2.4257,1.0,0.013786
Kodiak Island,0.054113,0.01009,0.010848,2.6401,1.0,0.02864
Kusilvak,0.024897,0.004642,0.005172,2.5227,1.0,0.013047
Bristol Bay plus Lake and Peninsula,0.038963,0.007265,0.01112,2.5227,1.0,0.028053
Matanuska-Susitna,0.028004,0.005222,0.007875,2.5911,1.0,0.020405
Nome,0.05232,0.009756,0.008497,2.5227,1.2174,0.026094
North Slope,0.036833,0.006868,0.010578,2.5227,1.0,0.026684
Northwest Arctic,0.086322,0.016096,0.021651,2.3241,1.0,0.050319
Petersburg,0.043207,0.008057,0.008267,2.3696,1.0,0.019589
Prince of Wales-Hyder,0.004965,0.000926,0.00129,2.2899,1.0,0.002953
Sitka,0.012039,0.002245,0.002355,2.2349,1.0,0.005263
Skagway,0.009437,0.00176,0.001691,2.5227,1.0,0.004265
Southeast Fairbanks,0.027324,0.005095,0.006528,3.215,1.0,0.020989
Valdez-Cordova,0.000481,9e-05,0.000109,2.5227,1.0,0.000274
Wrangell,0.003528,0.000658,0.000799,2.5227,1.0,0.002017
Yakutat,0.589883,0.109993,0.074503,2.1356,1.6923,0.269262
Yukon-Koyukuk,0.041582,0.007754,0.007648,2.6857,1.0,0.020541
