Name,Estimated unvaccinated prevalence,Estimated vaccinated prevalence,Reported prevalence,Underreporting factor,Delay factor,Estimated prevalence
Entire state,0.005332,0.005332,0.00148,2.46,1.464,0.005332
Apache,0.021679,0.021679,0.008416,2.431,1.0596,0.021679
Cochise,0.009517,0.009517,0.002144,2.4254,1.8299,0.009517
Coconino,0.006235,0.006235,0.001965,2.3595,1.3445,0.006235
Gila,0.015217,0.015217,0.003092,2.461,2.0,0.015217
Graham,0.003434,0.003434,0.000901,2.2417,1.7,0.003434
Greenlee,0.01036,0.01036,0.002106,2.46,2.0,0.01036
La Paz,0.001969,0.001969,0.000426,2.3094,2.0,0.001969
Maricopa,0.004587,0.004587,0.001289,2.4589,1.4476,0.004587
Mohave,0.003567,0.003567,0.001225,2.3487,1.2392,0.003567
Navajo,0.011931,0.011931,0.003732,2.4537,1.3028,0.011931
Pima,0.006486,0.006486,0.001672,2.3963,1.6189,0.006486
Pinal,0.005541,0.005541,0.001309,2.4128,1.7536,0.005541
Santa Cruz,0.008944,0.008944,0.001828,2.4463,2.0,0.008944
Yavapai,0.005153,0.005153,0.001467,2.5214,1.3927,0.005153
Yuma,0.002769,0.002769,0.000753,2.4589,1.4953,0.002769
