Name,Estimated unvaccinated prevalence,Estimated vaccinated prevalence,Reported prevalence,Underreporting factor,Delay factor,Estimated prevalence
Entire state,0.001678,0.001678,0.000742,2.2612,1.0,0.001678
Fairfield,0.00164,0.00164,0.000719,2.2824,1.0,0.00164
Hartford,0.001462,0.001462,0.000652,2.2433,1.0,0.001462
Litchfield,0.001803,0.001803,0.000771,2.2881,1.0222,0.001803
Middlesex,0.001229,0.001229,0.000542,2.2689,1.0,0.001229
New Haven,0.002,0.002,0.000883,2.2643,1.0,0.002
New London,0.002007,0.002007,0.000875,2.2938,1.0,0.002007
Tolland,0.001425,0.001425,0.00063,2.2612,1.0,0.001425
Windham,0.001326,0.001326,0.000574,2.3114,1.0,0.001326
