Name,Estimated unvaccinated prevalence,Estimated vaccinated prevalence,Reported prevalence,Underreporting factor,Delay factor,Estimated prevalence
Entire state,0.005711,0.004633,0.001792,2.517,1.1343,0.005116
Apache,0.003196,0.002592,0.001127,2.3875,1.0,0.00269
Cochise,0.005652,0.004585,0.001453,2.5076,1.3582,0.00495
Coconino,0.007328,0.005944,0.00207,2.4591,1.2282,0.006252
Gila,0.003679,0.002985,0.001,2.5262,1.2927,0.003264
Graham,0.002968,0.002408,0.00085,2.3015,1.3333,0.002607
Greenlee,0.004298,0.003486,0.000842,2.3381,2.0,0.003939
La Paz,0.002737,0.00222,0.000521,2.3839,2.0,0.002485
Maricopa,0.00612,0.004965,0.001974,2.5379,1.0883,0.005452
Mohave,0.003823,0.003101,0.001126,2.468,1.266,0.003519
Navajo,0.004067,0.003299,0.001361,2.4264,1.049,0.003465
Pima,0.006422,0.00521,0.001896,2.5062,1.1732,0.005576
Pinal,0.006595,0.00535,0.001618,2.4782,1.4753,0.005917
Santa Cruz,0.002494,0.002023,0.000839,2.5209,1.0,0.002114
Yavapai,0.004407,0.003575,0.001251,2.5196,1.2739,0.004014
Yuma,0.002067,0.001677,0.000365,2.4531,2.0,0.00179
