Name,Estimated unvaccinated prevalence,Estimated vaccinated prevalence,Reported prevalence,Underreporting factor,Delay factor,Estimated prevalence
Entire state,0.001651,0.001651,0.000729,2.2659,1.0,0.001651
Fairfield,0.001553,0.001553,0.000682,2.2786,1.0,0.001553
Hartford,0.001449,0.001449,0.000638,2.2714,1.0,0.001449
Litchfield,0.00136,0.00136,0.000588,2.3134,1.0,0.00136
Middlesex,0.002005,0.002005,0.000868,2.3103,1.0,0.002005
New Haven,0.001898,0.001898,0.000842,2.2527,1.0,0.001898
New London,0.001794,0.001794,0.000792,2.2659,1.0,0.001794
Tolland,0.001327,0.001327,0.000577,2.299,1.0,0.001327
Windham,0.002267,0.002267,0.000976,2.3022,1.0089,0.002267
