Name,Estimated unvaccinated prevalence,Estimated vaccinated prevalence,Reported prevalence,Underreporting factor,Delay factor,Estimated prevalence
Entire state,0.001865,0.001865,0.00082,2.273,1.0,0.001865
Fairfield,0.00175,0.00175,0.000766,2.2834,1.0,0.00175
Hartford,0.001603,0.001603,0.000714,2.2442,1.0,0.001603
Litchfield,0.002023,0.002023,0.000843,2.2892,1.0486,0.002023
Middlesex,0.001454,0.001454,0.000634,2.2699,1.0099,0.001454
New Haven,0.002353,0.002353,0.001008,2.2653,1.0299,0.002353
New London,0.001999,0.001999,0.000871,2.2948,1.0,0.001999
Tolland,0.003815,0.003815,0.000869,2.2621,1.9403,0.003815
Windham,0.001446,0.001446,0.000625,2.3126,1.0,0.001446
