Name,Estimated unvaccinated prevalence,Estimated vaccinated prevalence,Reported prevalence,Underreporting factor,Delay factor,Estimated prevalence
Entire state,0.003213,0.003213,0.001349,2.3111,1.0304,0.003213
Fairfield,0.002759,0.002759,0.001145,2.3276,1.0355,0.002759
Hartford,0.003218,0.003218,0.001402,2.2955,1.0,0.003218
Litchfield,0.003482,0.003482,0.001325,2.3402,1.1226,0.003482
Middlesex,0.003791,0.003791,0.001434,2.3355,1.1317,0.003791
New Haven,0.00374,0.00374,0.001514,2.3043,1.0721,0.00374
New London,0.003489,0.003489,0.001497,2.3308,1.0,0.003489
Tolland,0.002416,0.002416,0.001028,2.3493,1.0,0.002416
Windham,0.002691,0.002691,0.001156,2.3276,1.0,0.002691
