Name,Estimated unvaccinated prevalence,Estimated vaccinated prevalence,Reported prevalence,Underreporting factor,Delay factor,Estimated prevalence
Entire state,0.003343,0.002715,0.001243,2.3375,1.0348,0.003006
Fairfield,0.003263,0.00265,0.001141,2.354,1.0337,0.002775
Hartford,0.003433,0.002788,0.001244,2.3507,1.0036,0.002934
Litchfield,0.002479,0.002013,0.000915,2.3184,1.0,0.002121
Middlesex,0.003667,0.002978,0.001151,2.3166,1.1553,0.003081
New Haven,0.004405,0.003577,0.001454,2.3202,1.1099,0.003745
New London,0.004847,0.003936,0.001572,2.3523,1.1123,0.004114
Tolland,0.002417,0.001963,0.000876,2.3523,1.0234,0.002108
Windham,0.002239,0.001818,0.000856,2.2942,1.0,0.001965
