Name,Population,Cases in past week,Reported prevalence,Underreporting factor,Delay factor,Estimated prevalence
Entire state,3565287,3741,0.00105,2.3617,1.6279,0.004035
Fairfield,943332,899,0.000954,2.3132,1.5608,0.003445
Hartford,891720,1033,0.00116,2.392,1.7217,0.004775
Litchfield,180333,148,0.000826,2.3132,2.0,0.003823
Middlesex,162436,153,0.000948,2.375,1.8,0.004053
New Haven,854757,1056,0.001237,2.3132,1.7255,0.004936
New London,265206,263,0.000995,2.3383,1.5655,0.003644
Tolland,150721,96,0.000644,2.4003,1.0549,0.00163
Windham,116782,78,0.000676,2.3431,1.0,0.001585
