Name,Estimated unvaccinated prevalence,Estimated vaccinated prevalence,Reported prevalence,Underreporting factor,Delay factor,Estimated prevalence
Entire state,0.002605,0.002605,0.000679,3.0764,1.2462,0.002605
Aleutians East,0.004988,0.004988,0.001498,3.3289,1.0,0.004988
Aleutians West,0.000546,0.000546,0.000177,3.0764,1.0,0.000546
Anchorage,0.00229,0.00229,0.000632,3.1036,1.1677,0.00229
Bethel,0.004828,0.004828,0.001632,2.9586,1.0,0.004828
Bristol Bay,Unknown,Unknown,0.001196,3.0764,1.0,0.00368
Copper River,Unknown,Unknown,0.001112,3.0764,1.0,0.003419
Chugach,Unknown,Unknown,0.000148,3.0764,1.0,0.000456
Denali,0.001467,0.001467,0.000477,3.0764,1.0,0.001467
Dillingham,0.003662,0.003662,0.00061,3.0004,2.0,0.003662
Fairbanks North Star,0.002729,0.002729,0.000485,3.0568,1.84,0.002729
Haines,0.001216,0.001216,0.000395,3.0764,1.0,0.001216
Juneau,0.002848,0.002848,0.000782,3.0357,1.2,0.002848
Kenai Peninsula,0.002828,0.002828,0.000664,3.1368,1.3571,0.002828
Ketchikan Gateway,0.003272,0.003272,0.000719,3.032,1.5,0.003272
Kodiak Island,0.000923,0.000923,0.000308,3.0004,1.0,0.000923
Kusilvak,0.01606,0.01606,0.002526,3.1792,2.0,0.01606
Bristol Bay plus Lake and Peninsula,0.002534,0.002534,0.000824,3.0764,1.0,0.002534
Matanuska-Susitna,0.002428,0.002428,0.000554,3.0464,1.439,0.002428
Nome,0.004541,0.004541,0.001499,3.0283,1.0,0.004541
North Slope,0.00535,0.00535,0.000814,3.2876,2.0,0.00535
Northwest Arctic,0.013493,0.013493,0.004461,3.0245,1.0,0.013493
Petersburg,0.007865,0.007865,0.001225,3.211,2.0,0.007865
Prince of Wales-Hyder,0.002058,0.002058,0.000645,3.1908,1.0,0.002058
Sitka,0.001075,0.001075,0.000353,3.0429,1.0,0.001075
Skagway,0.0026,0.0026,0.000845,3.0764,1.0,0.0026
Southeast Fairbanks,0.00872,0.00872,0.001451,3.3392,1.8,0.00872
Valdez-Cordova,0.000334,0.000334,0.000109,3.0764,1.0,0.000334
Wrangell,0.003837,0.003837,0.001199,3.1999,1.0,0.003837
Yakutat,0.010187,0.010187,0.003311,3.0764,1.0,0.010187
Yukon-Koyukuk,0.004053,0.004053,0.000956,3.1792,1.3333,0.004053
