Name,Estimated unvaccinated prevalence,Estimated vaccinated prevalence,Reported prevalence,Underreporting factor,Delay factor,Estimated prevalence
Entire state,0.001055,0.000857,0.000407,2.3258,1.0,0.000947
Fairfield,0.001875,0.001523,0.000681,2.3413,1.0,0.001593
Hartford,0.001682,0.001366,0.000619,2.3258,1.0,0.00144
Litchfield,0.001101,0.000894,0.000405,2.3297,1.0,0.000943
Middlesex,0.001523,0.001237,0.000548,2.3394,1.0,0.001282
New Haven,0.001734,0.001408,0.000638,2.3157,1.0,0.001477
New London,0.001878,0.001525,0.000686,2.3238,1.0,0.001595
Tolland,0.001078,0.000876,0.000405,2.3258,1.0,0.000941
Windham,0.000933,0.000758,0.00036,2.2787,1.0,0.00082
