Name,Estimated unvaccinated prevalence,Estimated vaccinated prevalence,Reported prevalence,Underreporting factor,Delay factor,Estimated prevalence
Entire state,0.09814,0.079744,0.017817,2.7305,1.7828,0.086735
Fairfield,0.108684,0.088312,0.020151,2.7601,1.6706,0.092917
Hartford,0.10918,0.088715,0.018579,2.7167,1.8708,0.094424
Litchfield,0.08719,0.070847,0.014224,2.646,2.0,0.075272
Middlesex,0.08023,0.065191,0.012984,2.6255,2.0,0.068176
New Haven,0.099072,0.080502,0.018624,2.691,1.7037,0.085387
New London,0.085185,0.069218,0.014641,2.646,1.8872,0.073113
Tolland,0.058752,0.04774,0.010198,2.635,1.9224,0.051657
Windham,0.085334,0.069339,0.01436,2.6319,2.0,0.075588
