Name,Estimated unvaccinated prevalence,Estimated vaccinated prevalence,Reported prevalence,Underreporting factor,Delay factor,Estimated prevalence
Entire state,0.004291,0.003485,0.001545,2.3627,1.0556,0.003854
Fairfield,0.003981,0.003233,0.001422,2.3808,1.0,0.003384
Hartford,0.004298,0.003491,0.001512,2.3455,1.037,0.003677
Litchfield,0.00293,0.002379,0.00107,2.3438,1.0,0.002508
Middlesex,0.004331,0.003517,0.001447,2.3887,1.0541,0.003643
New Haven,0.005799,0.00471,0.001811,2.3644,1.1528,0.004936
New London,0.007427,0.006032,0.002055,2.371,1.2952,0.006311
Tolland,0.002767,0.002247,0.000942,2.3627,1.0846,0.002414
Windham,0.004042,0.003283,0.00131,2.3525,1.1515,0.003549
