Name,Estimated unvaccinated prevalence,Estimated vaccinated prevalence,Reported prevalence,Underreporting factor,Delay factor,Estimated prevalence
Entire state,0.003104,0.003104,0.001339,2.3174,1.0,0.003104
Fairfield,0.002641,0.002641,0.001128,2.3418,1.0,0.002641
Hartford,0.003425,0.003425,0.001474,2.3241,1.0,0.003425
Litchfield,0.003037,0.003037,0.001298,2.3402,1.0,0.003037
Middlesex,0.002986,0.002986,0.001281,2.3322,1.0,0.002986
New Haven,0.003299,0.003299,0.001433,2.3018,1.0,0.003299
New London,0.003524,0.003524,0.00152,2.3191,1.0,0.003524
Tolland,0.002791,0.002791,0.001062,2.2816,1.1522,0.002791
Windham,0.003871,0.003871,0.001319,2.3789,1.2339,0.003871
