Name,Estimated unvaccinated prevalence,Estimated vaccinated prevalence,Reported prevalence,Underreporting factor,Delay factor,Estimated prevalence
Entire state,0.007066,0.005732,0.00158,2.5101,1.5961,0.006329
Apache,0.004163,0.003377,0.001169,2.3848,1.2576,0.003504
Cochise,0.006081,0.004933,0.001072,2.4836,2.0,0.005325
Coconino,0.006838,0.005546,0.001687,2.4691,1.4012,0.005835
Gila,0.002213,0.001795,0.000778,2.5248,1.0,0.001963
Graham,0.001957,0.001587,0.000644,2.3369,1.1429,0.001719
Greenlee,0.000848,0.000688,0.000316,2.4617,1.0,0.000778
La Paz,0.000376,0.000305,0.000142,2.4041,1.0,0.000342
Maricopa,0.008727,0.007079,0.001814,2.5314,1.693,0.007774
Mohave,0.003187,0.002585,0.000891,2.4706,1.3333,0.002934
Navajo,0.004681,0.003797,0.001298,2.4058,1.2768,0.003988
Pima,0.007219,0.005856,0.001617,2.4977,1.5523,0.006268
Pinal,0.004247,0.003445,0.001098,2.4647,1.4083,0.00381
Santa Cruz,0.003852,0.003124,0.000839,2.5618,1.52,0.003266
Yavapai,0.002699,0.002189,0.000983,2.5019,1.0,0.002458
Yuma,0.000507,0.000411,0.000182,2.4075,1.0,0.000439
