Name,Estimated unvaccinated prevalence,Estimated vaccinated prevalence,Reported prevalence,Underreporting factor,Delay factor,Estimated prevalence
Entire state,0.017287,0.00319,0.003342,2.5706,1.0,0.008591
Apache,0.025994,0.004797,0.003408,2.5566,1.0,0.008713
Cochise,0.022018,0.004063,0.004368,2.5996,1.0,0.011355
Coconino,0.016265,0.003002,0.002628,2.4849,1.0,0.006529
Gila,0.022625,0.004175,0.004721,2.5996,1.0,0.012272
Graham,0.023592,0.004354,0.004506,2.7274,1.0,0.01229
Greenlee,0.015952,0.002944,0.003685,2.896,1.0,0.010672
La Paz,0.009103,0.00168,0.002369,2.3834,1.0,0.005646
Maricopa,0.015152,0.002796,0.003332,2.5546,1.0,0.008512
Mohave,0.009518,0.001756,0.002418,2.6485,1.0,0.006403
Navajo,0.030316,0.005595,0.005058,2.6759,1.0,0.013533
Pima,0.01968,0.003632,0.003643,2.5863,1.0,0.009421
Pinal,0.013922,0.002569,0.003096,2.6657,1.0,0.008254
Santa Cruz,0.024497,0.004521,0.003075,2.5746,1.0,0.007918
Yavapai,0.017983,0.003319,0.00416,2.729,1.0,0.011352
Yuma,0.006499,0.001199,0.00124,2.5317,1.0,0.003138
