Name,Estimated unvaccinated prevalence,Estimated vaccinated prevalence,Reported prevalence,Underreporting factor,Delay factor,Estimated prevalence
Entire state,0.011085,0.002063,0.001558,2.3123,1.0749,0.003873
Fairfield,0.007602,0.001414,0.001176,2.2736,1.0463,0.002797
Hartford,0.006626,0.001233,0.001193,2.3159,1.0,0.002763
Litchfield,0.012553,0.002336,0.002057,2.4013,1.0335,0.005106
Middlesex,0.015726,0.002926,0.001687,2.2652,1.4368,0.00549
New Haven,0.012261,0.002281,0.001737,2.2974,1.2204,0.004871
New London,0.015623,0.002907,0.002583,2.3434,1.0,0.006053
Tolland,0.007539,0.001403,0.001314,2.35,1.1726,0.00362
Windham,0.014801,0.002754,0.003057,2.4442,1.0,0.007472
