Name,Estimated unvaccinated prevalence,Estimated vaccinated prevalence,Reported prevalence,Underreporting factor,Delay factor,Estimated prevalence
Entire state,0.005192,0.000965,0.000951,2.2967,1.0,0.002185
Fairfield,0.00395,0.000734,0.000712,2.2569,1.0,0.001608
Hartford,0.005824,0.001082,0.001119,2.3358,1.0,0.002614
Litchfield,0.004876,0.000906,0.000909,2.3358,1.0,0.002124
Middlesex,0.004525,0.000841,0.000776,2.2225,1.0,0.001724
New Haven,0.004354,0.000809,0.000844,2.2515,1.0,0.001899
New London,0.006851,0.001273,0.001263,2.3013,1.0,0.002907
Tolland,0.003994,0.000742,0.000869,2.319,1.0,0.002016
Windham,0.009652,0.001794,0.002115,2.4388,1.0,0.005158
