Name,Estimated unvaccinated prevalence,Estimated vaccinated prevalence,Reported prevalence,Underreporting factor,Delay factor,Estimated prevalence
Entire state,0.025556,0.004752,0.004056,2.4213,1.0,0.00982
Fairfield,0.028465,0.005293,0.003771,2.3873,1.0756,0.009682
Hartford,0.02475,0.004602,0.004026,2.4336,1.0,0.009798
Litchfield,0.027721,0.005154,0.004364,2.4687,1.0,0.010774
Middlesex,0.022717,0.004224,0.003201,2.3282,1.0,0.007453
New Haven,0.027537,0.00512,0.004241,2.4336,1.0,0.010321
New London,0.028531,0.005305,0.004359,2.3981,1.0,0.010453
Tolland,0.017123,0.003184,0.003231,2.4503,1.0,0.007917
Windham,0.030824,0.005731,0.00596,2.536,1.0,0.015114
