Name,Estimated unvaccinated prevalence,Estimated vaccinated prevalence,Reported prevalence,Underreporting factor,Delay factor,Estimated prevalence
Entire state,0.025686,0.004768,0.004378,2.4615,1.4346,0.015461
Aleutians East,0.006692,0.001242,0.001199,2.4615,1.0,0.002951
Aleutians West,0.010998,0.002041,0.001242,2.4407,2.0,0.006065
Anchorage,0.020707,0.003843,0.004024,2.4716,1.2164,0.012099
Bethel,0.032763,0.006081,0.00359,2.5455,2.0,0.018275
Bristol Bay,Unknown,Unknown,0.001196,2.4615,1.0,0.002944
Copper River,Unknown,Unknown,0.003335,2.4615,2.0,0.016416
Chugach,Unknown,Unknown,0.005777,2.4615,1.4074,0.020013
Denali,0.017613,0.003269,0.004292,2.5897,1.0,0.011114
Dillingham,0.040063,0.007436,0.007526,2.4615,1.44,0.026678
Fairbanks North Star,0.010826,0.00201,0.001838,2.4113,1.5664,0.006942
Haines,0.208735,0.038744,0.020949,2.4943,2.0,0.104505
Juneau,0.047515,0.00882,0.005035,2.5426,1.7778,0.022761
Kenai Peninsula,0.059831,0.011106,0.008057,2.5817,1.9585,0.040737
Ketchikan Gateway,0.031501,0.005847,0.00705,2.4615,1.0,0.017353
Kodiak Island,0.036316,0.006741,0.007078,2.4478,1.1818,0.020475
Kusilvak,0.022602,0.004195,0.003127,2.3627,1.6667,0.012315
Bristol Bay plus Lake and Peninsula,0.064131,0.011904,0.009473,2.4615,2.0,0.046635
Matanuska-Susitna,0.014456,0.002683,0.003277,2.4943,1.3308,0.010879
Nome,0.162933,0.030243,0.016993,2.4615,2.0,0.083659
North Slope,0.020487,0.003803,0.004984,2.2962,1.3333,0.015258
Northwest Arctic,0.075749,0.01406,0.009448,2.4615,2.0,0.046511
Petersburg,0.002995,0.000556,0.000612,2.3215,1.0,0.001422
Prince of Wales-Hyder,0.01664,0.003089,0.003869,2.6455,1.0,0.010236
Sitka,0.059199,0.010988,0.008124,2.3311,1.4468,0.027401
Skagway,0.104743,0.019442,0.007608,3.2515,2.0,0.049474
Southeast Fairbanks,0.00291,0.00054,0.001016,2.2742,1.0,0.002309
Valdez-Cordova,0.000446,8.3e-05,0.000109,2.4615,1.0,0.000268
Wrangell,0.049061,0.009106,0.005596,2.5923,2.0,0.029011
Yakutat,0.060932,0.01131,0.011589,2.5099,1.0,0.029088
Yukon-Koyukuk,0.00944,0.001752,0.001721,2.4879,1.1429,0.004893
