Name,Estimated unvaccinated prevalence,Estimated vaccinated prevalence,Reported prevalence,Underreporting factor,Delay factor,Estimated prevalence
Entire state,0.004565,0.000849,0.0007,2.2348,1.0895,0.001705
Fairfield,0.002293,0.000426,0.000396,2.2018,1.0,0.000873
Hartford,0.005193,0.000965,0.00081,2.2544,1.2138,0.002216
Litchfield,0.007203,0.001339,0.000982,2.3018,1.3233,0.00299
Middlesex,0.004867,0.000905,0.000677,2.2243,1.1596,0.001747
New Haven,0.003779,0.000703,0.000661,2.2296,1.0483,0.001545
New London,0.005408,0.001006,0.00095,2.2636,1.0,0.002151
Tolland,0.004678,0.00087,0.000644,2.2544,1.5738,0.002283
Windham,0.00925,0.00172,0.001721,2.3696,1.1628,0.004742
