Name,Estimated unvaccinated prevalence,Estimated vaccinated prevalence,Reported prevalence,Underreporting factor,Delay factor,Estimated prevalence
Entire state,0.003047,0.002475,0.001241,2.3557,1.0,0.002924
Fairfield,0.003151,0.002559,0.001119,2.3917,1.0,0.002677
Hartford,0.004116,0.003343,0.001496,2.3557,1.0,0.003524
Litchfield,0.003332,0.002706,0.001209,2.3613,1.0,0.002855
Middlesex,0.004365,0.003546,0.001527,2.4069,1.0,0.003675
New Haven,0.002944,0.002391,0.001065,2.3557,1.0,0.002508
New London,0.003636,0.002953,0.001301,2.3741,1.0,0.003088
Tolland,0.002866,0.002328,0.001075,2.3281,1.0,0.002502
Windham,0.003145,0.002554,0.001165,2.3723,1.0,0.002763
