Name,Estimated unvaccinated prevalence,Estimated vaccinated prevalence,Reported prevalence,Underreporting factor,Delay factor,Estimated prevalence
Entire state,0.003573,0.002902,0.001345,2.3812,1.0,0.003203
Fairfield,0.003476,0.002823,0.001233,2.3952,1.0,0.002953
Hartford,0.004487,0.003645,0.001634,2.3516,1.0,0.003842
Litchfield,0.003744,0.003041,0.001359,2.3611,1.0,0.003208
Middlesex,0.004769,0.003873,0.001662,2.4154,1.0,0.004015
New Haven,0.003103,0.00252,0.001124,2.3516,1.0,0.002644
New London,0.004024,0.003268,0.001437,2.3795,1.0,0.003418
Tolland,0.002865,0.002327,0.001075,2.3276,1.0,0.002502
Windham,0.003422,0.002779,0.001267,2.3722,1.0,0.003006
