Name,Estimated unvaccinated prevalence,Estimated vaccinated prevalence,Reported prevalence,Underreporting factor,Delay factor,Estimated prevalence
Entire state,0.004037,0.000751,0.00067,2.2351,1.0123,0.001515
Fairfield,0.002429,0.000452,0.000421,2.2021,1.0,0.000927
Hartford,0.003686,0.000685,0.000699,2.2548,1.0,0.001575
Litchfield,0.005597,0.001041,0.000876,2.3022,1.1544,0.002329
Middlesex,0.005176,0.000962,0.000665,2.2247,1.2588,0.001862
New Haven,0.004183,0.000778,0.000701,2.23,1.0972,0.001715
New London,0.005249,0.000976,0.00092,2.264,1.0041,0.002092
Tolland,0.002965,0.000551,0.000518,2.2548,1.2419,0.001449
Windham,0.007196,0.001338,0.001558,2.3701,1.0,0.003694
