Name,Estimated unvaccinated prevalence,Estimated vaccinated prevalence,Reported prevalence,Underreporting factor,Delay factor,Estimated prevalence
Entire state,0.005017,0.004075,0.001713,2.373,1.1087,0.004508
Fairfield,0.006105,0.004959,0.001759,2.3857,1.2373,0.005191
Hartford,0.004112,0.00334,0.00149,2.3599,1.0,0.003517
Litchfield,0.003136,0.002547,0.001109,2.3358,1.0365,0.002685
Middlesex,0.004214,0.003422,0.001478,2.3481,1.0214,0.003543
New Haven,0.00738,0.005994,0.002194,2.3633,1.2114,0.00628
New London,0.005326,0.004326,0.001904,2.3762,1.0,0.004525
Tolland,0.003071,0.002494,0.001035,2.3549,1.0993,0.002679
Windham,0.002807,0.002279,0.001036,2.3778,1.0,0.002464
