Name,Estimated unvaccinated prevalence,Estimated vaccinated prevalence,Reported prevalence,Underreporting factor,Delay factor,Estimated prevalence
Entire state,0.00289,0.002348,0.000864,2.2528,1.323,0.002576
Fairfield,0.00518,0.004208,0.0012,2.277,1.6111,0.004402
Hartford,0.002647,0.00215,0.000718,2.2591,1.4013,0.002272
Litchfield,0.002804,0.002278,0.000671,2.2432,1.6,0.002408
Middlesex,0.002092,0.001699,0.000776,2.277,1.0,0.001766
New Haven,0.002224,0.001807,0.000805,2.2262,1.0618,0.001903
New London,0.002116,0.001719,0.000732,2.2226,1.1092,0.001803
Tolland,0.003078,0.0025,0.000736,2.2938,1.5942,0.002693
Windham,0.001788,0.001452,0.000582,2.2591,1.1964,0.001574
