Name,Estimated unvaccinated prevalence,Estimated vaccinated prevalence,Reported prevalence,Underreporting factor,Delay factor,Estimated prevalence
Entire state,0.064577,0.052546,0.021768,2.644,1.0,0.057553
Aleutians East,0.486199,0.395621,0.079712,2.644,2.0,0.421516
Aleutians West,0.048911,0.039799,0.015619,2.7821,1.0,0.043456
Anchorage,0.066246,0.053904,0.022187,2.6411,1.0,0.058599
Bethel,0.058939,0.047959,0.020233,2.5598,1.0,0.051792
Bristol Bay,Unknown,Unknown,0.001196,2.644,1.0,0.003163
Copper River,Unknown,Unknown,0.01482,2.644,1.0,0.039185
Chugach,Unknown,Unknown,0.017331,2.644,1.0,0.045822
Denali,0.022282,0.018131,0.00763,2.644,1.0,0.020173
Dillingham,0.094458,0.076861,0.024003,2.4132,1.481,0.085788
Fairbanks North Star,0.060374,0.049126,0.020682,2.6187,1.0,0.054159
Haines,0.043074,0.03505,0.014229,2.644,1.0,0.037622
Juneau,0.046943,0.038198,0.015669,2.594,1.0,0.040645
Kenai Peninsula,0.05403,0.043964,0.019009,2.6034,1.0,0.049488
Ketchikan Gateway,0.05739,0.046698,0.020574,2.4666,1.0,0.050747
Kodiak Island,0.063169,0.051401,0.021542,2.5892,1.0,0.055776
Kusilvak,0.07007,0.057016,0.024417,2.518,1.0,0.061482
Bristol Bay plus Lake and Peninsula,0.180936,0.147228,0.033773,2.644,1.8837,0.168205
Matanuska-Susitna,0.059529,0.048439,0.020486,2.7038,1.0,0.055391
Nome,0.1775,0.144432,0.058277,2.644,1.0069,0.155149
North Slope,0.0893,0.072664,0.025529,3.2503,1.0,0.082975
Northwest Arctic,0.108417,0.088219,0.038446,2.518,1.0,0.096809
Petersburg,0.022504,0.018311,0.007348,2.6454,1.0,0.01944
Prince of Wales-Hyder,0.0511,0.04158,0.019345,2.3801,1.0,0.046045
Sitka,0.052847,0.043002,0.017073,2.6683,1.0,0.045555
Skagway,0.010312,0.008391,0.003381,2.644,1.0,0.00894
Southeast Fairbanks,0.053218,0.043303,0.017989,2.644,1.0424,0.049579
Valdez-Cordova,0.000322,0.000262,0.000109,2.644,1.0,0.000287
Wrangell,0.054651,0.04447,0.019185,2.5445,1.0,0.048816
Yakutat,0.173085,0.140839,0.043046,2.644,1.3158,0.149755
Yukon-Koyukuk,0.068447,0.055695,0.01912,2.644,1.1786,0.059582
