Name,Population,Cases in past week,Reported prevalence,Underreporting factor,Delay factor,Estimated prevalence
Entire state,3565287,267,7.5e-05,2.1226,1.0,0.00016
Fairfield,943332,99,0.000106,2.1226,1.32,0.000297
Hartford,891720,55,6.3e-05,2.1226,1.0,0.000133
Litchfield,180333,8,5e-05,2.1501,1.0,0.000107
Middlesex,162436,2,1.8e-05,2.137,1.0,3.9e-05
New Haven,854757,61,7.3e-05,2.1226,1.0,0.000154
New London,265206,29,0.000113,2.1061,2.0,0.000476
Tolland,150721,4,3.3e-05,2.1226,1.0,7e-05
Windham,116782,13,0.00012,2.137,1.0,0.000256
