Name,Estimated unvaccinated prevalence,Estimated vaccinated prevalence,Reported prevalence,Underreporting factor,Delay factor,Estimated prevalence
Entire state,0.002487,0.002487,0.001064,2.3388,1.0,0.002487
Aleutians East,0.002932,0.002932,0.001199,2.4464,1.0,0.002932
Aleutians West,0.004837,0.004837,0.001952,2.4775,1.0,0.004837
Anchorage,0.00192,0.00192,0.000812,2.3627,1.0,0.00192
Bethel,0.007859,0.007859,0.002556,2.2723,1.3529,0.007859
Bristol Bay,Unknown,Unknown,0.001196,2.3388,1.0,0.002798
Copper River,Unknown,Unknown,0.002223,2.3388,2.0,0.010399
Chugach,Unknown,Unknown,0.001629,2.3388,1.0,0.003811
Denali,0.002231,0.002231,0.000954,2.3388,1.0,0.002231
Dillingham,0.001833,0.001833,0.000814,2.2525,1.0,0.001833
Fairbanks North Star,0.003035,0.003035,0.00096,2.3365,1.3529,0.003035
Haines,0.001769,0.001769,0.000791,2.2379,1.0,0.001769
Juneau,0.002038,0.002038,0.000876,2.3268,1.0,0.002038
Kenai Peninsula,0.001639,0.001639,0.000681,2.4062,1.0,0.001639
Ketchikan Gateway,0.000796,0.000796,0.00036,2.2132,1.0,0.000796
Kodiak Island,0.004064,0.004064,0.001693,2.4013,1.0,0.004064
Kusilvak,0.023861,0.023861,0.005172,2.3067,2.0,0.023861
Bristol Bay plus Lake and Peninsula,0.00289,0.00289,0.001236,2.3388,1.0,0.00289
Matanuska-Susitna,0.002031,0.002031,0.000665,2.2809,1.3396,0.002031
Nome,0.019072,0.019072,0.005098,2.3194,1.6129,0.019072
North Slope,0.025247,0.025247,0.006916,2.4518,1.4889,0.025247
Northwest Arctic,0.00179,0.00179,0.000787,2.2737,1.0,0.00179
Petersburg,0.003413,0.003413,0.001531,2.2294,1.0,0.003413
Prince of Wales-Hyder,0.009825,0.009825,0.003869,2.5394,1.0,0.009825
Sitka,0.002641,0.002641,0.000589,2.2429,2.0,0.002641
Skagway,0.001977,0.001977,0.000845,2.3388,1.0,0.001977
Southeast Fairbanks,0.00137,0.00137,0.00058,2.3605,1.0,0.00137
Valdez-Cordova,0.000254,0.000254,0.000109,2.3388,1.0,0.000254
Wrangell,0.001763,0.001763,0.000799,2.2056,1.0,0.001763
Yakutat,0.003872,0.003872,0.001656,2.3388,1.0,0.003872
Yukon-Koyukuk,0.007106,0.007106,0.002103,2.3649,1.4286,0.007106
