Name,Estimated unvaccinated prevalence,Estimated vaccinated prevalence,Reported prevalence,Underreporting factor,Delay factor,Estimated prevalence
Entire state,0.007946,0.001486,0.001661,2.2692,1.0,0.003769
Aleutians East,0.001696,0.000317,0.0003,2.2692,1.0,0.00068
Aleutians West,0.000803,0.00015,0.000177,2.2692,1.0,0.000403
Anchorage,0.006837,0.001279,0.001517,2.2262,1.0,0.003378
Bethel,0.013149,0.00246,0.00223,2.2692,1.2121,0.006134
Bristol Bay,Unknown,Unknown,0.001196,2.2692,1.0,0.002714
Copper River,Unknown,Unknown,0.002594,2.2692,1.0,0.005885
Chugach,Unknown,Unknown,0.000741,2.2692,2.0,0.003361
Denali,0.003777,0.000707,0.000954,2.2692,1.0,0.002164
Dillingham,0.006861,0.001283,0.001627,2.5324,1.0,0.004121
Fairbanks North Star,0.004555,0.000852,0.001094,2.2992,1.0,0.002516
Haines,0.011948,0.002235,0.001581,2.2692,1.5,0.005381
Juneau,0.01023,0.001914,0.001877,2.2611,1.0,0.004243
Kenai Peninsula,0.005211,0.000975,0.001414,2.3232,1.0,0.003284
Ketchikan Gateway,0.026472,0.004952,0.005179,2.5141,1.0,0.013022
Kodiak Island,0.004561,0.000853,0.001,2.2399,1.0,0.00224
Kusilvak,0.027202,0.005088,0.005533,2.2692,1.0,0.012555
Bristol Bay plus Lake and Peninsula,0.002711,0.000507,0.000824,2.2692,1.0,0.001869
Matanuska-Susitna,0.006469,0.00121,0.001948,2.3131,1.0,0.004506
Nome,0.021114,0.00395,0.004198,2.2692,1.0,0.009527
North Slope,0.005148,0.000963,0.001017,2.7299,1.2857,0.00357
Northwest Arctic,0.01198,0.002241,0.002756,2.3455,1.0,0.006463
Petersburg,0.03025,0.005659,0.002756,2.2529,2.0,0.012416
Prince of Wales-Hyder,0.002578,0.000482,0.000645,2.2611,1.0,0.001458
Sitka,0.04671,0.008738,0.004003,2.3546,2.0,0.018852
Skagway,0.00931,0.001742,0.001691,2.2692,1.0,0.003836
Southeast Fairbanks,0.000902,0.000169,0.00029,2.2692,1.0,0.000658
Valdez-Cordova,0.000458,8.6e-05,0.000109,2.2692,1.0,0.000247
Wrangell,0.003365,0.000629,0.000799,2.2692,1.0,0.001814
Yakutat,0.017804,0.003331,0.003311,2.2692,1.0,0.007514
Yukon-Koyukuk,0.02701,0.005053,0.002677,2.2692,2.0,0.012149
