Name,Population,Cases in past week,Reported prevalence,Underreporting factor,Delay factor,Estimated prevalence
Entire state,3565287,5764,0.001617,2.5664,1.0,0.00415
Fairfield,943332,1670,0.001771,2.6085,1.0,0.004621
Hartford,891720,1199,0.001346,2.598,1.0,0.003496
Litchfield,180333,231,0.001287,2.5756,1.0,0.003314
Middlesex,162436,245,0.001514,2.4939,1.0,0.003777
New Haven,854757,1647,0.001928,2.5914,1.0,0.004996
New London,265206,409,0.001546,2.579,1.0,0.003987
Tolland,150721,167,0.001115,2.5272,1.0,0.002817
Windham,116782,163,0.001404,2.6219,1.0,0.003682
