Name,Population,Cases in past week,Reported prevalence,Underreporting factor,Delay factor,Estimated prevalence
Entire state,3565287,1807,0.000507,2.2977,1.0,0.001165
Fairfield,943332,428,0.000455,2.3084,1.0,0.00105
Hartford,891720,537,0.000603,2.321,1.0,0.0014
Litchfield,180333,55,0.000311,2.2443,1.0,0.000697
Middlesex,162436,72,0.000449,2.2065,1.2632,0.001253
New Haven,854757,473,0.000555,2.3042,1.0,0.001278
New London,265206,126,0.000479,2.2536,1.0,0.001079
Tolland,150721,52,0.000352,2.26,1.0,0.000795
Windham,116782,61,0.000531,2.3613,1.0,0.001254
