Name,Estimated unvaccinated prevalence,Estimated vaccinated prevalence,Reported prevalence,Underreporting factor,Delay factor,Estimated prevalence
Entire state,0.001794,0.001794,0.000793,2.2623,1.0,0.001794
Fairfield,0.001726,0.001726,0.000751,2.2765,1.01,0.001726
Hartford,0.001883,0.001883,0.000838,2.2473,1.0,0.001883
Litchfield,0.001925,0.001925,0.000848,2.2695,1.0,0.001925
Middlesex,0.001714,0.001714,0.000757,2.2641,1.0,0.001714
New Haven,0.001857,0.001857,0.000825,2.2511,1.0,0.001857
New London,0.002027,0.002027,0.000894,2.2677,1.0,0.002027
Tolland,0.000884,0.000884,0.000391,2.2586,1.0,0.000884
Windham,0.001757,0.001757,0.000771,2.2799,1.0,0.001757
