Name,Estimated unvaccinated prevalence,Estimated vaccinated prevalence,Reported prevalence,Underreporting factor,Delay factor,Estimated prevalence
Entire state,0.004411,0.003583,0.00129,2.2703,1.3441,0.003936
Fairfield,0.006822,0.005542,0.001836,2.3054,1.3695,0.005797
Hartford,0.004818,0.003914,0.001176,2.2871,1.5367,0.004134
Litchfield,0.004126,0.003352,0.001137,2.2299,1.3973,0.003542
Middlesex,0.004799,0.003898,0.001268,2.3054,1.3851,0.00405
New Haven,0.006491,0.005273,0.001473,2.2366,1.6841,0.005548
New London,0.010787,0.008762,0.002047,2.2431,2.0,0.009185
Tolland,0.004972,0.004039,0.001208,2.308,1.5603,0.004349
Windham,0.002643,0.002147,0.000891,2.2816,1.1444,0.002325
