Name,Estimated unvaccinated prevalence,Estimated vaccinated prevalence,Reported prevalence,Underreporting factor,Delay factor,Estimated prevalence
Entire state,0.019995,0.016246,0.006843,2.5948,1.0,0.017756
Fairfield,0.019704,0.01601,0.006533,2.5705,1.0,0.016793
Hartford,0.020477,0.016638,0.006766,2.6105,1.0,0.017662
Litchfield,0.01718,0.013959,0.005701,2.5964,1.0,0.014801
Middlesex,0.018824,0.015295,0.006267,2.545,1.0,0.01595
New Haven,0.019421,0.01578,0.00652,2.5604,1.0,0.016694
New London,0.028124,0.022851,0.009065,2.6539,1.0,0.024057
Tolland,0.017288,0.014047,0.005812,2.6105,1.0,0.015172
Windham,0.032437,0.026356,0.010387,2.7597,1.0,0.028664
