Name,Estimated unvaccinated prevalence,Estimated vaccinated prevalence,Reported prevalence,Underreporting factor,Delay factor,Estimated prevalence
Entire state,0.058842,0.047745,0.018315,2.8581,1.0,0.052347
Apache,0.06281,0.050964,0.016665,2.809,1.1368,0.053214
Cochise,0.091451,0.074203,0.021331,2.8458,1.3318,0.080846
Coconino,0.079579,0.06457,0.024562,2.7839,1.0,0.068377
Gila,0.065363,0.053035,0.018531,2.8558,1.1025,0.058347
Graham,0.129925,0.10542,0.022144,2.8843,1.8008,0.115017
Greenlee,0.03086,0.025039,0.010634,2.6686,1.0,0.028378
La Paz,0.047418,0.038475,0.015634,2.7642,1.0,0.043216
Maricopa,0.058537,0.047496,0.018223,2.88,1.0,0.052482
Mohave,0.068691,0.055735,0.020699,2.9821,1.0288,0.063507
Navajo,0.067425,0.054708,0.020266,2.8843,1.0,0.058453
Pima,0.053715,0.043584,0.016678,2.8043,1.006,0.047054
Pinal,0.066484,0.053945,0.020312,2.9566,1.0,0.060054
Santa Cruz,0.126018,0.102251,0.033184,2.9743,1.0829,0.10688
Yavapai,0.03704,0.030054,0.010527,2.7971,1.1502,0.033869
Yuma,0.069393,0.056305,0.020418,2.9753,1.0,0.060749
