Name,Estimated unvaccinated prevalence,Estimated vaccinated prevalence,Reported prevalence,Underreporting factor,Delay factor,Estimated prevalence
Entire state,0.000868,0.000868,0.000391,2.2195,1.0,0.000868
Fairfield,0.000712,0.000712,0.000319,2.2318,1.0,0.000712
Hartford,0.000806,0.000806,0.000367,2.1968,1.0,0.000806
Litchfield,0.000894,0.000894,0.000399,2.2402,1.0,0.000894
Middlesex,0.000792,0.000792,0.000357,2.2177,1.0,0.000792
New Haven,0.001,0.001,0.000453,2.2085,1.0,0.001
New London,0.001405,0.001405,0.000569,2.253,1.0949,0.001405
Tolland,0.00072,0.00072,0.000325,2.2159,1.0,0.00072
Windham,0.001294,0.001294,0.000497,2.2402,1.1633,0.001294
