Name,Estimated unvaccinated prevalence,Estimated vaccinated prevalence,Reported prevalence,Underreporting factor,Delay factor,Estimated prevalence
Entire state,0.003251,0.003251,0.001376,2.3621,1.0,0.003251
Fairfield,0.002983,0.002983,0.00126,2.3669,1.0,0.002983
Hartford,0.003089,0.003089,0.001326,2.3303,1.0,0.003089
Litchfield,0.003031,0.003031,0.001287,2.356,1.0,0.003031
Middlesex,0.002985,0.002985,0.001268,2.3535,1.0,0.002985
New Haven,0.003828,0.003828,0.001631,2.3472,1.0,0.003828
New London,0.004217,0.004217,0.001455,2.3181,1.25,0.004217
Tolland,0.002039,0.002039,0.000876,2.3277,1.0,0.002039
Windham,0.002761,0.002761,0.000976,2.3025,1.2283,0.002761
