Name,Estimated unvaccinated prevalence,Estimated vaccinated prevalence,Reported prevalence,Underreporting factor,Delay factor,Estimated prevalence
Entire state,0.002704,0.002704,0.000949,2.2575,1.2625,0.002704
Fairfield,0.002119,0.002119,0.000807,2.2773,1.1533,0.002119
Hartford,0.004366,0.004366,0.001183,2.248,1.6417,0.004366
Litchfield,0.003663,0.003663,0.001026,2.2703,1.5726,0.003663
Middlesex,0.001645,0.001645,0.000726,2.2649,1.0,0.001645
New Haven,0.002212,0.002212,0.000903,2.2519,1.0874,0.002212
New London,0.004834,0.004834,0.001146,2.2685,1.8589,0.004834
Tolland,0.001519,0.001519,0.000637,2.2594,1.0556,0.001519
Windham,0.00168,0.00168,0.000736,2.2807,1.0,0.00168
