Name,Estimated unvaccinated prevalence,Estimated vaccinated prevalence,Reported prevalence,Underreporting factor,Delay factor,Estimated prevalence
Entire state,0.012017,0.009778,0.003528,2.5433,1.1862,0.010644
Aleutians East,0.013887,0.011302,0.003296,2.5433,1.4286,0.011977
Aleutians West,0.011068,0.009008,0.004082,2.3917,1.0,0.009764
Anchorage,0.008571,0.006974,0.002962,2.4838,1.0167,0.007479
Bethel,0.005437,0.004424,0.002012,2.3606,1.0,0.00475
Bristol Bay,Unknown,Unknown,0.001196,2.5433,1.0,0.003042
Copper River,Unknown,Unknown,0.004076,2.5433,1.0,0.010365
Chugach,Unknown,Unknown,0.003259,2.5433,1.3125,0.010878
Denali,0.24589,0.200083,0.058178,2.5433,1.4938,0.221031
Dillingham,0.00482,0.003923,0.001424,2.5433,1.2,0.004346
Fairbanks North Star,0.00928,0.00755,0.00317,2.3164,1.1209,0.00823
Haines,0.016624,0.013523,0.003557,2.5433,1.6,0.014476
Juneau,0.023591,0.019196,0.005723,2.7319,1.2908,0.020182
Kenai Peninsula,0.011611,0.009448,0.003577,2.5551,1.1547,0.010554
Ketchikan Gateway,0.021392,0.017405,0.006043,2.5803,1.2029,0.018756
Kodiak Island,0.010429,0.008486,0.003693,2.4784,1.0,0.009152
Kusilvak,0.027361,0.022263,0.004931,2.5433,1.9048,0.023889
Bristol Bay plus Lake and Peninsula,0.101595,0.082741,0.018534,2.5433,2.0,0.094273
Matanuska-Susitna,0.008471,0.006893,0.002465,2.5644,1.2372,0.007821
Nome,0.007156,0.005823,0.001899,2.5433,1.2857,0.00621
North Slope,0.028943,0.02355,0.006001,2.5433,1.7576,0.026824
Northwest Arctic,0.017355,0.014119,0.003149,2.5433,1.9167,0.015351
Petersburg,0.005448,0.004432,0.001837,2.5433,1.0,0.004672
Prince of Wales-Hyder,0.005936,0.00483,0.002257,2.3659,1.0,0.00534
Sitka,0.007999,0.006508,0.002708,2.5188,1.0,0.006821
Skagway,0.167975,0.13671,0.046492,2.5433,1.2273,0.145115
Southeast Fairbanks,0.005995,0.004877,0.002176,2.5433,1.0,0.005534
Valdez-Cordova,0.000314,0.000255,0.000109,2.5433,1.0,0.000276
Wrangell,0.033827,0.027523,0.005995,2.5099,2.0,0.030095
Yakutat,0.063704,0.051855,0.021523,2.5433,1.0,0.054739
Yukon-Koyukuk,0.019437,0.015817,0.003633,2.5433,1.8,0.016631
