Name,Estimated unvaccinated prevalence,Estimated vaccinated prevalence,Reported prevalence,Underreporting factor,Delay factor,Estimated prevalence
Entire state,0.015723,0.002899,0.003142,2.5522,1.1093,0.008895
Apache,0.035535,0.006551,0.003853,2.4963,1.5333,0.014749
Cochise,0.010207,0.001882,0.002065,2.5051,1.1116,0.00575
Coconino,0.01801,0.00332,0.002474,2.5469,1.2688,0.007996
Gila,0.027057,0.004988,0.005109,2.6475,1.1555,0.01563
Graham,0.037275,0.006872,0.006566,2.7958,1.1651,0.021389
Greenlee,0.020953,0.003863,0.004738,2.5627,1.2222,0.01484
La Paz,0.02365,0.00436,0.003174,2.4721,2.0,0.015693
Maricopa,0.018451,0.003402,0.00358,2.5549,1.2198,0.011156
Mohave,0.013103,0.002416,0.003356,2.7619,1.0,0.009268
Navajo,0.013614,0.00251,0.002605,2.6174,1.0,0.006819
Pima,0.009603,0.00177,0.001936,2.4933,1.0406,0.005024
Pinal,0.009577,0.001766,0.002336,2.6126,1.0,0.006103
Santa Cruz,0.016001,0.00295,0.001828,2.5222,1.2,0.005533
Yavapai,0.011565,0.002132,0.00288,2.6698,1.0,0.007688
Yuma,0.009383,0.00173,0.001955,2.5781,1.0,0.005041
