Name,Estimated unvaccinated prevalence,Estimated vaccinated prevalence,Reported prevalence,Underreporting factor,Delay factor,Estimated prevalence
Entire state,0.00478,0.00478,0.00168,2.3718,1.1994,0.00478
Fairfield,0.004282,0.004282,0.001564,2.4246,1.1295,0.004282
Hartford,0.004729,0.004729,0.001712,2.3924,1.1543,0.004729
Litchfield,0.004138,0.004138,0.001481,2.3958,1.1667,0.004138
Middlesex,0.003606,0.003606,0.001422,2.3924,1.0599,0.003606
New Haven,0.005513,0.005513,0.001903,2.4277,1.193,0.005513
New London,0.007829,0.007829,0.001995,2.3267,1.6869,0.007829
Tolland,0.002767,0.002767,0.001028,2.3765,1.1324,0.002767
Windham,0.002472,0.002472,0.000899,2.4056,1.1429,0.002472
