Name,Estimated unvaccinated prevalence,Estimated vaccinated prevalence,Reported prevalence,Underreporting factor,Delay factor,Estimated prevalence
Entire state,0.003194,0.002591,0.00119,2.3715,1.0183,0.002874
Apache,0.013056,0.01059,0.00409,2.3418,1.149,0.011005
Cochise,0.005117,0.00415,0.001604,2.3684,1.1754,0.004466
Coconino,0.00208,0.001687,0.000774,2.285,1.0,0.001768
Gila,0.00622,0.005045,0.002314,2.3803,1.0,0.005508
Graham,0.004829,0.003917,0.001905,2.2213,1.0,0.004232
Greenlee,0.001909,0.001548,0.000737,2.3715,1.0,0.001748
La Paz,0.00544,0.004412,0.00109,2.4682,1.8333,0.004931
Maricopa,0.003188,0.002586,0.001091,2.3774,1.0924,0.002834
Mohave,0.000978,0.000793,0.000396,2.271,1.0,0.000899
Navajo,0.005429,0.004403,0.001983,2.3234,1.0,0.004608
Pima,0.004801,0.003894,0.001517,2.4387,1.1231,0.004156
Pinal,0.002889,0.002343,0.001106,2.3385,1.0,0.002587
Santa Cruz,0.00745,0.006043,0.002538,2.4891,1.0,0.006317
Yavapai,0.002079,0.001687,0.000808,2.3385,1.0,0.00189
Yuma,0.002993,0.002428,0.001085,2.3803,1.0,0.002583
