Name,Estimated unvaccinated prevalence,Estimated vaccinated prevalence,Reported prevalence,Underreporting factor,Delay factor,Estimated prevalence
Entire state,0.02239,0.004188,0.002564,2.3077,1.7655,0.010448
Aleutians East,0.005201,0.000973,0.000899,2.3077,1.0,0.002075
Aleutians West,0.005752,0.001076,0.001242,2.3077,1.0,0.002867
Anchorage,0.027395,0.005124,0.003035,2.2079,2.0,0.013401
Bethel,0.009086,0.001699,0.001632,2.3077,1.1154,0.0042
Bristol Bay,Unknown,Unknown,0.001196,2.3077,1.0,0.00276
Copper River,Unknown,Unknown,0.002223,2.3077,1.25,0.006413
Chugach,Unknown,Unknown,0.000889,2.3077,1.0,0.002051
Denali,0.011589,0.002167,0.001431,2.3077,2.0,0.006603
Dillingham,0.011001,0.002057,0.001627,2.3077,1.75,0.006572
Fairbanks North Star,0.013978,0.002614,0.0019,2.2722,1.7767,0.00767
Haines,0.053149,0.009941,0.005138,2.3077,2.0,0.023716
Juneau,0.051432,0.00962,0.004597,2.2975,2.0,0.021126
Kenai Peninsula,0.005316,0.000994,0.001431,2.3303,1.0,0.003334
Ketchikan Gateway,0.024291,0.004543,0.004244,2.5557,1.0943,0.01187
Kodiak Island,0.034447,0.006443,0.00377,2.2268,2.0,0.01679
Kusilvak,0.021742,0.004067,0.00433,2.3077,1.0,0.009993
Bristol Bay plus Lake and Peninsula,0.005553,0.001039,0.001647,2.3077,1.0,0.003802
Matanuska-Susitna,0.011753,0.002198,0.002105,2.3044,1.6815,0.008156
Nome,0.009252,0.00173,0.001799,2.3077,1.0,0.004152
North Slope,0.007474,0.001398,0.001119,2.3077,2.0,0.005164
Northwest Arctic,0.011369,0.002126,0.002624,2.3077,1.0,0.006056
Petersburg,0.026038,0.00487,0.003062,2.3077,1.5,0.010599
Prince of Wales-Hyder,0.005298,0.000991,0.00129,2.3077,1.0,0.002976
Sitka,0.073032,0.01366,0.00624,2.3455,2.0,0.029274
Skagway,0.009504,0.001777,0.001691,2.3077,1.0,0.003901
Southeast Fairbanks,0.015646,0.002926,0.002466,2.3077,2.0,0.011383
Valdez-Cordova,0.000469,8.8e-05,0.000109,2.3077,1.0,0.000251
Wrangell,0.006842,0.00128,0.001599,2.3077,1.0,0.003689
Yakutat,0.21968,0.041088,0.019868,2.3077,2.0,0.091697
Yukon-Koyukuk,0.003947,0.000738,0.000765,2.3077,1.0,0.001765
