Name,Estimated unvaccinated prevalence,Estimated vaccinated prevalence,Reported prevalence,Underreporting factor,Delay factor,Estimated prevalence
Entire state,0.012241,0.009961,0.004097,2.5725,1.0306,0.010862
Aleutians East,0.032202,0.026211,0.005394,2.5725,2.0,0.027753
Aleutians West,0.012078,0.00983,0.00355,2.685,1.1176,0.010653
Anchorage,0.009697,0.007891,0.003309,2.5593,1.0,0.008469
Bethel,0.009466,0.007703,0.0031,2.5725,1.037,0.008271
Bristol Bay,Unknown,Unknown,0.001196,2.5725,1.0,0.003077
Copper River,Unknown,Unknown,0.00704,2.5725,1.0,0.01811
Chugach,Unknown,Unknown,0.002814,2.5725,1.0,0.00724
Denali,0.132381,0.107762,0.046257,2.5725,1.0,0.118997
Dillingham,0.026191,0.021305,0.005899,2.5725,1.5556,0.023607
Fairbanks North Star,0.008986,0.007313,0.003201,2.4889,1.0,0.007966
Haines,0.015014,0.012218,0.003953,2.5725,1.2857,0.013073
Juneau,0.016358,0.013311,0.004566,2.557,1.1983,0.013992
Kenai Peninsula,0.015214,0.01238,0.004701,2.6308,1.1179,0.013826
Ketchikan Gateway,0.00809,0.006583,0.003165,2.2399,1.0,0.00709
Kodiak Island,0.022732,0.018498,0.005155,2.5801,1.5,0.01995
Kusilvak,0.015624,0.012712,0.00421,2.5725,1.2593,0.013638
Bristol Bay plus Lake and Peninsula,0.191828,0.156229,0.034596,2.5725,2.0,0.178002
Matanuska-Susitna,0.014951,0.012167,0.003693,2.6416,1.4149,0.013802
Nome,0.011262,0.009164,0.001899,2.5725,2.0,0.009772
North Slope,0.029268,0.023818,0.006306,2.8197,1.525,0.027116
Northwest Arctic,0.083399,0.067866,0.014827,2.4876,2.0,0.073769
Petersburg,0.013226,0.010766,0.002756,2.5725,1.6,0.011343
Prince of Wales-Hyder,0.005326,0.004335,0.001935,2.4772,1.0,0.004792
Sitka,0.017027,0.013857,0.004945,2.3625,1.2424,0.014515
Skagway,0.1068,0.086922,0.029586,3.1186,1.0,0.092265
Southeast Fairbanks,0.008645,0.007032,0.002756,2.5725,1.125,0.007977
Valdez-Cordova,0.000317,0.000258,0.000109,2.5725,1.0,0.00028
Wrangell,0.114433,0.09304,0.018785,2.7074,2.0,0.101719
Yakutat,0.19827,0.161312,0.033113,2.5725,2.0,0.170368
Yukon-Koyukuk,0.026538,0.021596,0.00478,2.5725,1.8462,0.022702
