Name,Estimated unvaccinated prevalence,Estimated vaccinated prevalence,Reported prevalence,Underreporting factor,Delay factor,Estimated prevalence
Entire state,0.00178,0.001444,0.000708,2.237,1.0,0.001584
Apache,0.003641,0.002954,0.001335,2.2987,1.0,0.00307
Cochise,0.001623,0.001317,0.000627,2.2757,1.0,0.001428
Coconino,0.001086,0.000881,0.000418,2.2226,1.0,0.000929
Gila,0.005467,0.004435,0.001074,2.2634,2.0,0.004861
Graham,0.00097,0.000787,0.000386,2.2112,1.0,0.000854
Greenlee,0.001581,0.001282,0.000632,2.2959,1.0,0.00145
La Paz,0.001318,0.001069,0.000569,2.1075,1.0,0.001198
Maricopa,0.001878,0.001524,0.000751,2.2335,1.0,0.001678
Mohave,0.001267,0.001028,0.000514,2.2757,1.0,0.001169
Navajo,0.002896,0.00235,0.001064,2.3302,1.0,0.002479
Pima,0.002012,0.001632,0.00078,2.237,1.0049,0.001754
Pinal,0.001326,0.001076,0.000532,2.2439,1.0,0.001193
Santa Cruz,0.000477,0.000387,0.000194,2.0909,1.0,0.000405
Yavapai,0.000838,0.00068,0.000345,2.2189,1.0,0.000764
Yuma,0.001143,0.000928,0.000435,2.2845,1.0,0.000994
