Name,Population,Cases in past week,Reported prevalence,Underreporting factor,Delay factor,Estimated prevalence
Entire state,3565287,525,0.000148,2.1638,1.1693,0.000373
Fairfield,943332,140,0.000149,2.1784,1.5217,0.000495
Hartford,891720,150,0.000169,2.1748,1.1719,0.000432
Litchfield,180333,16,9.4e-05,2.1285,2.0,0.000401
Middlesex,162436,22,0.000142,2.1036,1.375,0.00041
New Haven,854757,140,0.000165,2.1829,1.0,0.00036
New London,265206,23,9e-05,2.1452,1.0,0.000194
Tolland,150721,19,0.000133,2.1907,1.0,0.000291
Windham,116782,15,0.000137,2.1113,1.3636,0.000394
