Name,Estimated unvaccinated prevalence,Estimated vaccinated prevalence,Reported prevalence,Underreporting factor,Delay factor,Estimated prevalence
Entire state,0.014816,0.012056,0.004244,2.5724,1.2031,0.013136
Aleutians East,0.013948,0.011355,0.003896,2.5724,1.2,0.012025
Aleutians West,0.010236,0.008331,0.00355,2.5437,1.0,0.00903
Anchorage,0.018654,0.01518,0.004354,2.5449,1.4707,0.016296
Bethel,0.027219,0.02215,0.004623,2.5724,2.0,0.023784
Bristol Bay,Unknown,Unknown,0.001196,2.5724,1.0,0.003077
Copper River,Unknown,Unknown,0.005187,2.5724,1.3,0.017346
Chugach,Unknown,Unknown,0.002074,2.5724,1.0,0.005334
Denali,0.106442,0.086648,0.037196,2.5724,1.0,0.095681
Dillingham,0.019734,0.016059,0.003458,2.5724,2.0,0.017791
Fairbanks North Star,0.01481,0.012051,0.004027,2.5656,1.2712,0.013134
Haines,0.010504,0.008552,0.003557,2.5724,1.0,0.009151
Juneau,0.017585,0.014309,0.005692,2.6429,1.0,0.015044
Kenai Peninsula,0.01478,0.012027,0.004344,2.5449,1.2153,0.013434
Ketchikan Gateway,0.015591,0.012689,0.005395,2.533,1.0,0.013666
Kodiak Island,0.008208,0.00668,0.003077,2.3412,1.0,0.007205
Kusilvak,0.058833,0.04787,0.009983,2.5724,2.0,0.051361
Bristol Bay plus Lake and Peninsula,0.176608,0.143833,0.034185,2.5724,1.8636,0.163879
Matanuska-Susitna,0.009288,0.007558,0.002797,2.7001,1.1353,0.008575
Nome,0.002964,0.002411,0.001,2.5724,1.0,0.002571
North Slope,0.015811,0.012865,0.005696,2.5724,1.0,0.014651
Northwest Arctic,0.006868,0.005589,0.002362,2.5724,1.0,0.006076
Petersburg,0.002755,0.002242,0.000919,2.5724,1.0,0.002363
Prince of Wales-Hyder,0.007253,0.005904,0.002418,2.5059,1.0769,0.006526
Sitka,0.01681,0.013678,0.003768,2.6992,1.4091,0.01433
Skagway,0.035238,0.028687,0.011834,2.5724,1.0,0.030442
Southeast Fairbanks,0.012126,0.009867,0.003047,2.5724,1.4286,0.011196
Valdez-Cordova,0.000317,0.000258,0.000109,2.5724,1.0,0.00028
Wrangell,0.006587,0.005361,0.002398,2.4439,1.0,0.005861
Yakutat,0.141257,0.114926,0.031457,2.5724,1.5,0.121378
Yukon-Koyukuk,0.008622,0.007017,0.002868,2.5724,1.0,0.007378
