Name,Estimated unvaccinated prevalence,Estimated vaccinated prevalence,Reported prevalence,Underreporting factor,Delay factor,Estimated prevalence
Entire state,0.008777,0.007142,0.002667,2.4207,1.2015,0.007757
Aleutians East,0.001682,0.001368,0.000599,2.4207,1.0,0.001451
Aleutians West,0.000973,0.000792,0.000355,2.4207,1.0,0.000859
Anchorage,0.006529,0.005312,0.002326,2.3663,1.0356,0.005701
Bethel,0.006023,0.004901,0.002176,2.4207,1.0,0.005266
Bristol Bay,Unknown,Unknown,0.001196,2.4207,1.0,0.002896
Copper River,Unknown,Unknown,0.001112,2.4207,1.0,0.002691
Chugach,Unknown,Unknown,0.001629,2.4207,1.0,0.003944
Denali,0.053915,0.043871,0.010014,2.4207,2.0,0.048484
Dillingham,0.005458,0.004441,0.001221,2.4207,1.6667,0.004924
Fairbanks North Star,0.007076,0.005758,0.001869,2.389,1.4062,0.006279
Haines,0.019768,0.016086,0.003953,2.4207,1.8,0.017222
Juneau,0.06806,0.055381,0.011165,2.6092,2.0,0.058265
Kenai Peninsula,0.006753,0.005495,0.001925,2.3926,1.3333,0.00614
Ketchikan Gateway,0.025514,0.020761,0.006474,2.447,1.4127,0.022381
Kodiak Island,0.010025,0.008157,0.002,2.1999,2.0,0.008801
Kusilvak,0.003333,0.002712,0.001203,2.4207,1.0,0.002912
Bristol Bay plus Lake and Peninsula,0.008059,0.006558,0.002471,2.4207,1.25,0.007477
Matanuska-Susitna,0.003635,0.002958,0.001403,2.3926,1.0,0.003358
Nome,0.001672,0.001361,0.0006,2.4207,1.0,0.001452
North Slope,0.012746,0.010372,0.002441,2.4207,2.0,0.011818
Northwest Arctic,0.008972,0.0073,0.00328,2.4207,1.0,0.007941
Petersburg,0.004318,0.003514,0.001531,2.4207,1.0,0.003706
Prince of Wales-Hyder,0.003264,0.002656,0.00129,2.2776,1.0,0.002937
Sitka,0.024159,0.019659,0.007536,2.7365,1.0,0.020621
Skagway,0.291244,0.236987,0.043956,2.8632,2.0,0.25171
Southeast Fairbanks,0.002661,0.002165,0.001016,2.4207,1.0,0.002458
Valdez-Cordova,0.000298,0.000243,0.000109,2.4207,1.0,0.000263
Wrangell,0.009691,0.007886,0.003597,2.398,1.0,0.008626
Yakutat,0.288944,0.235116,0.051325,2.4207,2.0,0.248484
Yukon-Koyukuk,0.021631,0.017601,0.003824,2.4207,2.0,0.018514
