Name,Estimated unvaccinated prevalence,Estimated vaccinated prevalence,Reported prevalence,Underreporting factor,Delay factor,Estimated prevalence
Entire state,0.002346,0.001903,0.00094,2.2242,1.0,0.00209
Apache,0.001587,0.001288,0.000584,2.2885,1.0,0.001337
Cochise,0.001412,0.001146,0.000476,2.2506,1.1569,0.001241
Coconino,0.003074,0.002494,0.000878,2.2276,1.3441,0.002629
Gila,0.009455,0.00767,0.001851,2.2688,2.0,0.0084
Graham,0.000124,0.000101,5.1e-05,2.1253,1.0,0.000109
Greenlee,0.000255,0.000207,0.000105,2.2242,1.0,0.000234
La Paz,0.001438,0.001166,0.000521,2.2568,1.1111,0.001307
Maricopa,0.00262,0.002125,0.001049,2.2276,1.0,0.002338
Mohave,0.000331,0.000268,0.000137,2.2311,1.0,0.000305
Navajo,0.000638,0.000518,0.000243,2.241,1.0,0.000545
Pima,0.001303,0.001057,0.000503,2.2537,1.0,0.001134
Pinal,0.007288,0.005912,0.002131,2.1941,1.4011,0.00655
Santa Cruz,0.004239,0.003439,0.000839,2.1429,2.0,0.003595
Yavapai,0.003233,0.002623,0.000672,2.1941,2.0,0.002949
Yuma,0.000469,0.000381,0.000187,2.1772,1.0,0.000407
