Name,Estimated unvaccinated prevalence,Estimated vaccinated prevalence,Reported prevalence,Underreporting factor,Delay factor,Estimated prevalence
Entire state,0.00128,0.00128,0.000509,2.2596,1.1141,0.00128
Aleutians East,0.000677,0.000677,0.0003,2.2596,1.0,0.000677
Aleutians West,0.000831,0.000831,0.000355,2.3412,1.0,0.000831
Anchorage,0.001653,0.001653,0.000604,2.2613,1.2098,0.001653
Bethel,0.006446,0.006446,0.002176,2.2791,1.3,0.006446
Bristol Bay,Unknown,Unknown,0.001196,2.2596,1.0,0.002703
Copper River,Unknown,Unknown,0.000371,2.2596,1.0,0.000837
Chugach,Unknown,Unknown,0.000148,2.2596,1.0,0.000335
Denali,0.001078,0.001078,0.000477,2.2596,1.0,0.001078
Dillingham,0.00502,0.00502,0.001221,2.4677,1.6667,0.00502
Fairbanks North Star,0.000365,0.000365,0.000165,2.2092,1.0,0.000365
Haines,0.001815,0.001815,0.000791,2.2958,1.0,0.001815
Juneau,0.002159,0.002159,0.000563,2.2562,1.7,0.002159
Kenai Peninsula,0.002759,0.002759,0.000715,2.2579,1.7083,0.002759
Ketchikan Gateway,0.002891,0.002891,0.000647,2.2329,2.0,0.002891
Kodiak Island,0.000691,0.000691,0.000308,2.2439,1.0,0.000691
Kusilvak,0.001044,0.001044,0.000481,2.1699,1.0,0.001044
Bristol Bay plus Lake and Peninsula,0.003169,0.003169,0.001236,2.5644,1.0,0.003169
Matanuska-Susitna,0.000404,0.000404,0.000185,2.1871,1.0,0.000404
Nome,0.006509,0.006509,0.001399,2.3254,2.0,0.006509
North Slope,0.00048,0.00048,0.000203,2.3574,1.0,0.00048
Northwest Arctic,0.001449,0.001449,0.000656,2.2092,1.0,0.001449
Petersburg,0.001313,0.001313,0.000612,2.1449,1.0,0.001313
Prince of Wales-Hyder,0.002935,0.002935,0.000645,2.2759,2.0,0.002935
Sitka,0.003787,0.003787,0.001648,2.2973,1.0,0.003787
Skagway,0.00191,0.00191,0.000845,2.2596,1.0,0.00191
Southeast Fairbanks,0.001583,0.001583,0.000725,2.1824,1.0,0.001583
Valdez-Cordova,0.000246,0.000246,0.000109,2.2596,1.0,0.000246
Wrangell,0.001881,0.001881,0.000799,2.3537,1.0,0.001881
Yakutat,0.022446,0.022446,0.006623,2.2596,1.5,0.022446
Yukon-Koyukuk,0.000842,0.000842,0.000382,2.2006,1.0,0.000842
