Name,Estimated unvaccinated prevalence,Estimated vaccinated prevalence,Reported prevalence,Underreporting factor,Delay factor,Estimated prevalence
Entire state,0.004712,0.003827,0.001605,2.3631,1.1159,0.004232
Fairfield,0.004246,0.003448,0.001519,2.3763,1.0,0.00361
Hartford,0.004557,0.003701,0.001527,2.3494,1.0862,0.003898
Litchfield,0.003269,0.002655,0.001203,2.3259,1.0,0.002799
Middlesex,0.004689,0.003808,0.001521,2.3406,1.1081,0.003944
New Haven,0.006786,0.005511,0.001918,2.3648,1.2737,0.005776
New London,0.007114,0.005778,0.00201,2.3631,1.2727,0.006045
Tolland,0.002422,0.001967,0.000929,2.2751,1.0,0.002113
Windham,0.003677,0.002986,0.001225,2.3763,1.1094,0.003228
