Name,Estimated unvaccinated prevalence,Estimated vaccinated prevalence,Reported prevalence,Underreporting factor,Delay factor,Estimated prevalence
Entire state,0.005873,0.004764,0.002066,2.5561,1.0,0.00528
Apache,0.015934,0.012925,0.005314,2.5264,1.0,0.013425
Cochise,0.009215,0.007474,0.002692,2.575,1.1615,0.008052
Coconino,0.005966,0.004839,0.002014,2.5196,1.0,0.005075
Gila,0.032528,0.026384,0.006313,2.5645,1.7801,0.028819
Graham,0.021141,0.017147,0.005278,2.4279,1.4468,0.018542
Greenlee,0.005582,0.004528,0.002,2.5561,1.0,0.005113
La Paz,0.006662,0.005403,0.002132,2.6405,1.0732,0.006041
Maricopa,0.005422,0.004398,0.001885,2.5582,1.0,0.004823
Mohave,0.0063,0.00511,0.0023,2.5196,1.0,0.005795
Navajo,0.01038,0.00842,0.00348,2.5342,1.0,0.008819
Pima,0.006098,0.004946,0.002056,2.5698,1.0,0.005283
Pinal,0.005598,0.004541,0.001984,2.5286,1.0,0.005016
Santa Cruz,0.013171,0.010684,0.004086,2.7332,1.0,0.011168
Yavapai,0.004582,0.003717,0.001663,2.5056,1.0,0.004167
Yuma,0.006286,0.005099,0.002091,2.5973,1.0,0.005431
