Name,Estimated unvaccinated prevalence,Estimated vaccinated prevalence,Reported prevalence,Underreporting factor,Delay factor,Estimated prevalence
Entire state,0.011278,0.009177,0.003945,2.5379,1.0,0.010012
Aleutians East,0.006587,0.005362,0.002397,2.3681,1.0,0.005677
Aleutians West,0.006779,0.005518,0.002485,2.406,1.0,0.005979
Anchorage,0.011191,0.009106,0.003538,2.5826,1.0693,0.009771
Bethel,0.02916,0.023728,0.00582,2.3125,1.8929,0.025474
Bristol Bay,Unknown,Unknown,0.001196,2.5379,1.0,0.003036
Copper River,Unknown,Unknown,0.008151,2.5379,1.1667,0.024135
Chugach,Unknown,Unknown,0.006369,2.5379,2.0,0.03233
Denali,0.143596,0.116915,0.044349,2.9105,1.0,0.129079
Dillingham,0.005712,0.004647,0.002034,2.5311,1.0,0.005149
Fairbanks North Star,0.006962,0.005665,0.002468,2.5003,1.0,0.00617
Haines,0.011489,0.00935,0.003953,2.5311,1.0,0.010004
Juneau,0.027111,0.022062,0.006193,2.7559,1.3586,0.023186
Kenai Peninsula,0.016051,0.013061,0.00528,2.4583,1.1236,0.014585
Ketchikan Gateway,0.004903,0.00399,0.001798,2.3891,1.0,0.004297
Kodiak Island,0.012489,0.010162,0.004385,2.4991,1.0,0.010959
Kusilvak,0.005778,0.004702,0.002285,2.2067,1.0,0.005043
Bristol Bay plus Lake and Peninsula,0.009366,0.007626,0.003295,2.6376,1.0,0.008691
Matanuska-Susitna,0.006934,0.005642,0.002493,2.5677,1.0,0.006401
Nome,0.009151,0.007446,0.002499,2.3828,1.3333,0.007939
North Slope,0.057617,0.046869,0.01129,2.6211,1.8033,0.053362
Northwest Arctic,0.014661,0.011931,0.00538,2.4105,1.0,0.012968
Petersburg,0.00303,0.002465,0.001225,2.121,1.0,0.002598
Prince of Wales-Hyder,0.031487,0.025623,0.005642,2.51,2.0,0.028325
Sitka,0.028883,0.023503,0.006829,2.593,1.3902,0.024618
Skagway,0.040862,0.033227,0.01268,2.7813,1.0,0.035266
Southeast Fairbanks,0.014154,0.011516,0.003917,2.3086,1.4444,0.013062
Valdez-Cordova,0.000313,0.000255,0.000109,2.5379,1.0,0.000276
Wrangell,0.025315,0.020585,0.008793,2.5591,1.0,0.022502
Yakutat,0.508564,0.413766,0.086093,2.5379,2.0,0.436995
Yukon-Koyukuk,0.005654,0.004599,0.002103,2.2985,1.0,0.004834
