Name,Estimated unvaccinated prevalence,Estimated vaccinated prevalence,Reported prevalence,Underreporting factor,Delay factor,Estimated prevalence
Entire state,0.005068,0.005068,0.001269,3.2141,1.243,0.005068
Fairfield,0.007329,0.007329,0.001571,3.2317,1.4435,0.007329
Hartford,0.003444,0.003444,0.001081,3.1862,1.0,0.003444
Litchfield,0.003525,0.003525,0.000904,3.1537,1.2366,0.003525
Middlesex,0.006163,0.006163,0.001281,3.2317,1.4892,0.006163
New Haven,0.005788,0.005788,0.001423,3.198,1.2723,0.005788
New London,0.003509,0.003509,0.001041,3.1511,1.07,0.003509
Tolland,0.003579,0.003579,0.00077,3.1537,1.4744,0.003579
Windham,0.004296,0.004296,0.000754,3.1458,1.8125,0.004296
