Name,Estimated unvaccinated prevalence,Estimated vaccinated prevalence,Reported prevalence,Underreporting factor,Delay factor,Estimated prevalence
Entire state,0.009885,0.008018,0.002775,2.6137,1.2231,0.008871
Apache,0.339556,0.275431,0.055351,2.5821,2.0,0.285843
Cochise,0.008606,0.006981,0.002819,2.6706,1.0,0.007529
Coconino,0.018874,0.01531,0.003861,2.6188,1.5891,0.016069
Gila,0.005999,0.004866,0.002036,2.6116,1.0,0.005318
Graham,0.003867,0.003137,0.00121,2.5612,1.0952,0.003395
Greenlee,0.00901,0.007308,0.001579,2.6137,2.0,0.008256
La Paz,0.003302,0.002679,0.001137,2.6349,1.0,0.002996
Maricopa,0.006515,0.005284,0.002211,2.6219,1.0,0.005798
Mohave,0.007819,0.006342,0.002521,2.5756,1.1079,0.007195
Navajo,0.02423,0.019654,0.005085,2.6418,1.5341,0.020606
Pima,0.006315,0.005122,0.002111,2.5939,1.0,0.005476
Pinal,0.006213,0.005039,0.002148,2.5567,1.0143,0.00557
Santa Cruz,0.00631,0.005119,0.002,2.5589,1.0455,0.005351
Yavapai,0.006145,0.004985,0.002148,2.6034,1.0,0.005592
Yuma,0.006485,0.00526,0.001441,2.664,1.4619,0.005611
