Name,Estimated unvaccinated prevalence,Estimated vaccinated prevalence,Reported prevalence,Underreporting factor,Delay factor,Estimated prevalence
Entire state,0.003251,0.003251,0.001394,2.3319,1.0,0.003251
Fairfield,0.003232,0.003232,0.001369,2.3614,1.0,0.003232
Hartford,0.003659,0.003659,0.001477,2.3251,1.0656,0.003659
Litchfield,0.003346,0.003346,0.001331,2.3039,1.0913,0.003346
Middlesex,0.00323,0.00323,0.001379,2.3424,1.0,0.00323
New Haven,0.003704,0.003704,0.001583,2.3398,1.0,0.003704
New London,0.002669,0.002669,0.001158,2.3054,1.0,0.002669
Tolland,0.00232,0.00232,0.001028,2.2564,1.0,0.00232
Windham,0.00167,0.00167,0.000728,2.2951,1.0,0.00167
