Name,Estimated unvaccinated prevalence,Estimated vaccinated prevalence,Reported prevalence,Underreporting factor,Delay factor,Estimated prevalence
Entire state,0.00276,0.00276,0.001186,2.3264,1.0,0.00276
Fairfield,0.00276,0.00276,0.001162,2.3753,1.0,0.00276
Hartford,0.002896,0.002896,0.001247,2.3224,1.0,0.002896
Litchfield,0.002476,0.002476,0.001054,2.3505,1.0,0.002476
Middlesex,0.001982,0.001982,0.000856,2.3157,1.0,0.001982
New Haven,0.003238,0.003238,0.001366,2.3696,1.0,0.003238
New London,0.002831,0.002831,0.001195,2.3684,1.0,0.002831
Tolland,0.001565,0.001565,0.00067,2.3354,1.0,0.001565
Windham,0.003178,0.003178,0.000882,2.3316,1.5455,0.003178
