Name,Estimated unvaccinated prevalence,Estimated vaccinated prevalence,Reported prevalence,Underreporting factor,Delay factor,Estimated prevalence
Entire state,0.003673,0.002983,0.001393,2.3702,1.0,0.003302
Fairfield,0.003675,0.002985,0.001313,2.3796,1.0,0.003125
Hartford,0.003875,0.003147,0.001386,2.3902,1.0,0.003313
Litchfield,0.00286,0.002323,0.001031,2.3733,1.0,0.002448
Middlesex,0.003397,0.002759,0.001213,2.354,1.0,0.002855
New Haven,0.00436,0.003541,0.001567,2.367,1.0,0.003708
New London,0.005686,0.004618,0.00178,2.3557,1.1516,0.004828
Tolland,0.003183,0.002585,0.001108,2.3247,1.0779,0.002776
Windham,0.002721,0.00221,0.00101,2.3638,1.0,0.002388
