Name,Estimated unvaccinated prevalence,Estimated vaccinated prevalence,Reported prevalence,Underreporting factor,Delay factor,Estimated prevalence
Entire state,0.019245,0.003598,0.004168,2.3898,1.0,0.00996
Aleutians East,0.014525,0.002716,0.002098,2.3898,1.2,0.006016
Aleutians West,0.002426,0.000454,0.000532,2.3547,1.0,0.001254
Anchorage,0.017359,0.003246,0.003781,2.3867,1.0,0.009025
Bethel,0.038963,0.007285,0.008702,2.2964,1.0,0.019984
Bristol Bay,Unknown,Unknown,0.001196,2.3898,1.0,0.002859
Copper River,Unknown,Unknown,0.00741,2.3898,1.0,0.017709
Chugach,Unknown,Unknown,0.00237,2.3898,1.0,0.005664
Denali,0.047421,0.008866,0.005722,2.4873,2.0,0.028466
Dillingham,0.007786,0.001456,0.002034,2.3898,1.0,0.004861
Fairbanks North Star,0.014292,0.002672,0.003407,2.4571,1.0,0.008372
Haines,0.008118,0.001518,0.001581,2.3898,1.0,0.003778
Juneau,0.009176,0.001716,0.00172,2.3614,1.0,0.004062
Kenai Peninsula,0.012062,0.002255,0.003304,2.3547,1.0,0.007781
Ketchikan Gateway,0.024583,0.004596,0.003741,2.511,1.3421,0.012607
Kodiak Island,0.021451,0.004011,0.003539,2.2179,1.4062,0.011038
Kusilvak,0.01009,0.001887,0.002165,2.3898,1.0,0.005174
Bristol Bay plus Lake and Peninsula,0.016513,0.003088,0.004942,2.3898,1.0,0.011811
Matanuska-Susitna,0.01811,0.003386,0.005345,2.4106,1.0,0.012885
Nome,0.094887,0.017741,0.019492,2.3898,1.0,0.046583
North Slope,0.010202,0.001907,0.003051,2.3898,1.0,0.007292
Northwest Arctic,0.053987,0.010094,0.013647,2.2337,1.0098,0.030781
Petersburg,0.051622,0.009652,0.009492,2.3928,1.0,0.022712
Prince of Wales-Hyder,0.02138,0.003997,0.003708,2.3004,1.4667,0.01251
Sitka,0.003739,0.000699,0.000706,2.2669,1.0,0.001601
Skagway,0.009134,0.001708,0.001691,2.3898,1.0,0.00404
Southeast Fairbanks,0.013021,0.002435,0.004062,2.3898,1.0,0.009708
Valdez-Cordova,0.000468,8.7e-05,0.000109,2.3898,1.0,0.00026
Wrangell,0.040251,0.007526,0.005596,2.0,2.0,0.022382
Yakutat,0.053319,0.009969,0.009934,2.3898,1.0,0.02374
Yukon-Koyukuk,0.022615,0.004228,0.004398,2.4439,1.0,0.010748
