Name,Estimated unvaccinated prevalence,Estimated vaccinated prevalence,Reported prevalence,Underreporting factor,Delay factor,Estimated prevalence
Entire state,0.006823,0.005534,0.00237,2.5869,1.0,0.006131
Apache,0.040408,0.032776,0.00843,2.5961,1.5553,0.034037
Cochise,0.007013,0.005688,0.002319,2.6431,1.0,0.006129
Coconino,0.007755,0.00629,0.002586,2.5518,1.0,0.006598
Gila,0.009938,0.008061,0.003554,2.4775,1.0,0.008806
Graham,0.010739,0.008711,0.003656,2.4121,1.0682,0.009421
Greenlee,0.008326,0.006752,0.002948,2.5869,1.0,0.007626
La Paz,0.005676,0.004603,0.00199,2.5869,1.0,0.005147
Maricopa,0.0062,0.005029,0.002122,2.5992,1.0,0.005515
Mohave,0.007146,0.005796,0.002545,2.5828,1.0,0.006573
Navajo,0.013355,0.010832,0.004408,2.5744,1.0,0.011349
Pima,0.009659,0.007834,0.00264,2.5817,1.2279,0.00837
Pinal,0.006347,0.005148,0.00223,2.5507,1.0,0.005688
Santa Cruz,0.014508,0.011768,0.004495,2.6842,1.0196,0.012302
Yavapai,0.006192,0.005022,0.002169,2.5961,1.0,0.005632
Yuma,0.007648,0.006204,0.00247,2.6762,1.0,0.00661
