Name,Estimated unvaccinated prevalence,Estimated vaccinated prevalence,Reported prevalence,Underreporting factor,Delay factor,Estimated prevalence
Entire state,0.007667,0.00624,0.00288,2.3594,1.0,0.006796
Aleutians East,0.007131,0.005803,0.002098,2.928,1.0,0.006142
Aleutians West,0.005339,0.004345,0.001065,2.2156,2.0,0.004719
Anchorage,0.005406,0.004399,0.002066,2.2934,1.0,0.004738
Bethel,0.004531,0.003687,0.001795,2.2156,1.0,0.003977
Bristol Bay,Unknown,Unknown,0.001196,2.3594,1.0,0.002822
Copper River,Unknown,Unknown,0.002964,2.3594,1.0,0.006993
Chugach,Unknown,Unknown,0.002666,2.3594,1.0,0.006291
Denali,0.020002,0.016278,0.003815,2.3594,2.0,0.018002
Dillingham,0.006282,0.005112,0.002238,2.5363,1.0,0.005675
Fairbanks North Star,0.009179,0.00747,0.002612,2.3078,1.3548,0.008168
Haines,0.016,0.013021,0.005929,2.3594,1.0,0.013989
Juneau,0.009348,0.007607,0.003346,2.3981,1.0,0.008025
Kenai Peninsula,0.008951,0.007284,0.00339,2.4066,1.0,0.008158
Ketchikan Gateway,0.007688,0.006257,0.002806,2.4108,1.0,0.006764
Kodiak Island,0.009147,0.007444,0.003539,2.2753,1.0,0.008052
Kusilvak,0.031128,0.025332,0.007096,2.6562,1.45,0.027332
Bristol Bay plus Lake and Peninsula,0.027154,0.022098,0.005354,2.3594,2.0,0.025265
Matanuska-Susitna,0.004766,0.003879,0.001939,2.2753,1.0,0.004411
Nome,0.055225,0.044943,0.019492,2.464,1.0,0.048028
North Slope,0.005469,0.00445,0.002034,2.4963,1.0,0.005078
Northwest Arctic,0.064996,0.052894,0.017714,2.2875,1.4255,0.057765
Petersburg,0.022692,0.018467,0.003674,2.6562,2.0,0.019519
Prince of Wales-Hyder,0.009714,0.007905,0.003385,2.5869,1.0,0.008758
Sitka,0.020836,0.016956,0.004592,2.5521,1.52,0.017813
Skagway,0.004578,0.003726,0.001691,2.3594,1.0,0.003989
Southeast Fairbanks,0.003285,0.002673,0.001161,2.6183,1.0,0.003039
Valdez-Cordova,0.00029,0.000236,0.000109,2.3594,1.0,0.000256
Wrangell,0.003169,0.002579,0.001199,2.3594,1.0,0.002829
Yakutat,0.065381,0.053207,0.014901,2.3594,1.6,0.056251
Yukon-Koyukuk,0.00807,0.006568,0.002677,2.5869,1.0,0.006925
