Name,Estimated unvaccinated prevalence,Estimated vaccinated prevalence,Reported prevalence,Underreporting factor,Delay factor,Estimated prevalence
Entire state,0.002226,0.002226,0.000947,2.35,1.0,0.002226
Aleutians East,0.003521,0.003521,0.001498,2.35,1.0,0.003521
Aleutians West,0.011539,0.011539,0.00426,2.7087,1.0,0.011539
Anchorage,0.001758,0.001758,0.00075,2.344,1.0,0.001758
Bethel,0.011775,0.011775,0.00446,2.2165,1.1912,0.011775
Bristol Bay,Unknown,Unknown,0.001196,2.35,1.0,0.002811
Copper River,Unknown,Unknown,0.002594,2.35,1.0,0.006095
Chugach,Unknown,Unknown,0.000296,2.35,1.0,0.000696
Denali,0.001121,0.001121,0.000477,2.35,1.0,0.001121
Dillingham,0.011855,0.011855,0.002644,2.2416,2.0,0.011855
Fairbanks North Star,0.002139,0.002139,0.000805,2.3803,1.1159,0.002139
Haines,0.005573,0.005573,0.001186,2.35,2.0,0.005573
Juneau,0.003179,0.003179,0.00097,2.2952,1.4286,0.003179
Kenai Peninsula,0.001462,0.001462,0.000579,2.2952,1.1,0.001462
Ketchikan Gateway,0.000954,0.000954,0.000432,2.2107,1.0,0.000954
Kodiak Island,0.002823,0.002823,0.001154,2.446,1.0,0.002823
Kusilvak,0.004794,0.004794,0.001684,2.1902,1.3,0.004794
Bristol Bay plus Lake and Peninsula,0.009679,0.009679,0.002059,2.35,2.0,0.009679
Matanuska-Susitna,0.001163,0.001163,0.000499,2.3319,1.0,0.001163
Nome,0.013661,0.013661,0.005598,2.4404,1.0,0.013661
North Slope,0.011672,0.011672,0.003356,2.6082,1.3333,0.011672
Northwest Arctic,0.004765,0.004765,0.001575,2.2007,1.375,0.004765
Petersburg,0.000674,0.000674,0.000306,2.2027,1.0,0.000674
Prince of Wales-Hyder,0.000758,0.000758,0.000322,2.35,1.0,0.000758
Sitka,0.001819,0.001819,0.000824,2.2067,1.0,0.001819
Skagway,0.001986,0.001986,0.000845,2.35,1.0,0.001986
Southeast Fairbanks,0.003242,0.003242,0.000725,2.2347,2.0,0.003242
Valdez-Cordova,0.000255,0.000255,0.000109,2.35,1.0,0.000255
Wrangell,0.000939,0.000939,0.0004,2.35,1.0,0.000939
Yakutat,0.062251,0.062251,0.013245,2.35,2.0,0.062251
Yukon-Koyukuk,0.001798,0.001798,0.000765,2.3511,1.0,0.001798
