Name,Estimated unvaccinated prevalence,Estimated vaccinated prevalence,Reported prevalence,Underreporting factor,Delay factor,Estimated prevalence
Entire state,0.006986,0.001307,0.001453,2.2633,1.0,0.003289
Aleutians East,0.001692,0.000317,0.0003,2.2633,1.0,0.000678
Aleutians West,0.000804,0.00015,0.000177,2.2633,1.0,0.000402
Anchorage,0.006623,0.001239,0.001462,2.2292,1.0,0.003259
Bethel,0.007167,0.001341,0.001469,2.2633,1.0,0.003324
Bristol Bay,Unknown,Unknown,0.001196,2.2633,1.0,0.002707
Copper River,Unknown,Unknown,0.001853,2.2633,1.0,0.004193
Chugach,Unknown,Unknown,0.001481,2.2633,2.0,0.006705
Denali,0.003786,0.000708,0.000954,2.2633,1.0,0.002159
Dillingham,0.003842,0.000719,0.001017,2.2633,1.0,0.002302
Fairbanks North Star,0.004331,0.00081,0.001074,2.1998,1.0098,0.002385
Haines,0.015977,0.002989,0.001581,2.2633,2.0,0.007157
Juneau,0.008206,0.001535,0.00147,2.3074,1.0,0.003392
Kenai Peninsula,0.005289,0.000989,0.001448,2.297,1.0,0.003326
Ketchikan Gateway,0.019707,0.003686,0.003885,2.4893,1.0,0.00967
Kodiak Island,0.003601,0.000674,0.000769,2.2935,1.0,0.001764
Kusilvak,0.021903,0.004097,0.00445,2.2633,1.0,0.010072
Bristol Bay plus Lake and Peninsula,0.013568,0.002538,0.002059,2.2633,2.0,0.009322
Matanuska-Susitna,0.004179,0.000782,0.001256,2.3142,1.0,0.002906
Nome,0.02314,0.004328,0.004598,2.2633,1.0,0.010407
North Slope,0.002402,0.000449,0.00061,2.7246,1.0,0.001663
Northwest Arctic,0.012007,0.002246,0.002756,2.343,1.0,0.006456
Petersburg,0.023645,0.004423,0.002143,2.2633,2.0,0.009702
Prince of Wales-Hyder,0.005827,0.00109,0.001451,2.2633,1.0,0.003284
Sitka,0.014425,0.002698,0.002473,2.349,1.0,0.005808
Skagway,0.009302,0.00174,0.001691,2.2633,1.0,0.003826
Southeast Fairbanks,0.001802,0.000337,0.00058,2.2633,1.0,0.001313
Valdez-Cordova,0.000459,8.6e-05,0.000109,2.2633,1.0,0.000246
Wrangell,0.001679,0.000314,0.0004,2.2633,1.0,0.000905
Yakutat,0.088791,0.016609,0.008278,2.2633,2.0,0.037471
Yukon-Koyukuk,0.027011,0.005053,0.002677,2.2633,2.0,0.012117
