Name,Estimated unvaccinated prevalence,Estimated vaccinated prevalence,Reported prevalence,Underreporting factor,Delay factor,Estimated prevalence
Entire state,0.003562,0.002893,0.00135,2.3663,1.0,0.003194
Fairfield,0.003467,0.002816,0.001231,2.3931,1.0,0.002945
Hartford,0.004504,0.003658,0.001636,2.3569,1.0,0.003856
Litchfield,0.003548,0.002881,0.001287,2.3626,1.0,0.003039
Middlesex,0.004755,0.003862,0.001662,2.4083,1.0,0.004003
New Haven,0.003207,0.002605,0.001159,2.3569,1.0,0.002733
New London,0.004017,0.003263,0.001437,2.3754,1.0,0.003413
Tolland,0.002832,0.0023,0.001062,2.3293,1.0,0.002473
Windham,0.003401,0.002762,0.001259,2.3736,1.0,0.002988
