Name,Estimated unvaccinated prevalence,Estimated vaccinated prevalence,Reported prevalence,Underreporting factor,Delay factor,Estimated prevalence
Entire state,0.001747,0.001747,0.000774,2.258,1.0,0.001747
Aleutians East,0.026436,0.026436,0.011687,2.262,1.0,0.026436
Aleutians West,0.000797,0.000797,0.000355,2.2458,1.0,0.000797
Anchorage,0.000976,0.000976,0.000434,2.2479,1.0,0.000976
Bethel,0.004244,0.004244,0.00174,2.124,1.1481,0.004244
Bristol Bay,Unknown,Unknown,0.001196,2.258,1.0,0.002701
Copper River,Unknown,Unknown,0.000741,2.258,1.0,0.001673
Chugach,Unknown,Unknown,0.000593,2.258,1.0,0.001338
Denali,0.002249,0.002249,0.000954,2.3578,1.0,0.002249
Dillingham,0.005855,0.005855,0.002441,2.3985,1.0,0.005855
Fairbanks North Star,0.001276,0.001276,0.000558,2.2881,1.0,0.001276
Haines,0.001794,0.001794,0.000791,2.2697,1.0,0.001794
Juneau,0.001623,0.001623,0.000719,2.2561,1.0,0.001623
Kenai Peninsula,0.001526,0.001526,0.000613,2.2753,1.0938,0.001526
Ketchikan Gateway,0.00048,0.00048,0.000216,2.224,1.0,0.00048
Kodiak Island,0.001491,0.001491,0.000692,2.1535,1.0,0.001491
Kusilvak,0.009635,0.009635,0.003969,2.124,1.1429,0.009635
Bristol Bay plus Lake and Peninsula,0.004638,0.004638,0.002059,2.252,1.0,0.004638
Matanuska-Susitna,0.003099,0.003099,0.00084,2.2951,1.6071,0.003099
Nome,0.008994,0.008994,0.002599,2.2147,1.5625,0.008994
North Slope,0.002046,0.002046,0.000915,2.2352,1.0,0.002046
Northwest Arctic,0.013711,0.013711,0.006036,2.2716,1.0,0.013711
Petersburg,0.002085,0.002085,0.000919,2.2697,1.0,0.002085
Prince of Wales-Hyder,0.001043,0.001043,0.000484,2.1568,1.0,0.001043
Sitka,0.001284,0.001284,0.000589,2.1811,1.0,0.001284
Skagway,0.001909,0.001909,0.000845,2.258,1.0,0.001909
Southeast Fairbanks,0.003186,0.003186,0.001306,2.44,1.0,0.003186
Valdez-Cordova,0.000245,0.000245,0.000109,2.258,1.0,0.000245
Wrangell,0.000874,0.000874,0.0004,2.1866,1.0,0.000874
Yakutat,0.067293,0.067293,0.016556,2.258,1.8,0.067293
Yukon-Koyukuk,0.003419,0.003419,0.000765,2.2352,2.0,0.003419
