Name,Estimated unvaccinated prevalence,Estimated vaccinated prevalence,Reported prevalence,Underreporting factor,Delay factor,Estimated prevalence
Entire state,0.005208,0.004238,0.001978,2.3314,1.0,0.004612
Aleutians East,0.00325,0.002645,0.001199,2.3314,1.0,0.002795
Aleutians West,0.003726,0.003033,0.00071,2.3188,2.0,0.003293
Anchorage,0.004194,0.003413,0.001587,2.2834,1.0133,0.003672
Bethel,0.0133,0.010824,0.005004,2.3314,1.0,0.011666
Bristol Bay,Unknown,Unknown,0.001196,2.3314,1.0,0.002789
Copper River,Unknown,Unknown,0.001112,2.3314,1.0,0.002591
Chugach,Unknown,Unknown,0.002963,2.3314,1.0,0.006907
Denali,0.004944,0.004023,0.001907,2.3314,1.0,0.004447
Dillingham,0.045125,0.036723,0.013629,2.3553,1.2692,0.040743
Fairbanks North Star,0.003082,0.002508,0.000878,2.3412,1.3333,0.00274
Haines,0.005277,0.004294,0.001976,2.3314,1.0,0.004608
Juneau,0.006603,0.005374,0.002377,2.3507,1.0135,0.005663
Kenai Peninsula,0.005664,0.004609,0.002146,2.4029,1.0,0.005157
Ketchikan Gateway,0.007563,0.006155,0.002734,2.3644,1.0278,0.006643
Kodiak Island,0.00397,0.003231,0.001539,2.2686,1.0,0.003491
Kusilvak,0.008,0.00651,0.002766,2.5372,1.0,0.007019
Bristol Bay plus Lake and Peninsula,0.007226,0.00588,0.002883,2.3314,1.0,0.006722
Matanuska-Susitna,0.00277,0.002254,0.001099,2.2529,1.0351,0.002562
Nome,0.042369,0.03448,0.014594,2.3314,1.0821,0.036818
North Slope,0.007813,0.006358,0.002746,2.6402,1.0,0.00725
Northwest Arctic,0.021361,0.017384,0.008135,2.3314,1.0,0.018967
Petersburg,0.002871,0.002336,0.000919,2.6847,1.0,0.002466
Prince of Wales-Hyder,0.009369,0.007624,0.003063,2.7553,1.0,0.00844
Sitka,0.010611,0.008635,0.00365,2.4825,1.0,0.009061
Skagway,0.011194,0.00911,0.004227,2.303,1.0,0.009734
Southeast Fairbanks,0.000732,0.000595,0.00029,2.3314,1.0,0.000676
Valdez-Cordova,0.000287,0.000233,0.000109,2.3314,1.0,0.000253
Wrangell,0.031148,0.025349,0.005995,2.3188,2.0,0.027804
Yakutat,0.031417,0.025567,0.011589,2.3314,1.0,0.02702
Yukon-Koyukuk,0.005721,0.004656,0.002103,2.3314,1.0,0.004904
