Name,Estimated unvaccinated prevalence,Estimated vaccinated prevalence,Reported prevalence,Underreporting factor,Delay factor,Estimated prevalence
Entire state,0.003826,0.003107,0.00144,2.3817,1.0,0.00343
Fairfield,0.003866,0.00314,0.001358,2.4191,1.0,0.003285
Hartford,0.005075,0.004122,0.00184,2.3615,1.0,0.004346
Litchfield,0.003737,0.003035,0.001348,2.3763,1.0,0.003202
Middlesex,0.004795,0.003895,0.001662,2.4287,1.0,0.004037
New Haven,0.00313,0.002542,0.001131,2.3578,1.0,0.002667
New London,0.004421,0.003591,0.001561,2.4059,1.0,0.003756
Tolland,0.00326,0.002648,0.001221,2.3321,1.0,0.002847
Windham,0.003025,0.002457,0.001113,2.387,1.0,0.002657
