Name,Estimated unvaccinated prevalence,Estimated vaccinated prevalence,Reported prevalence,Underreporting factor,Delay factor,Estimated prevalence
Entire state,0.003998,0.003998,0.001229,3.1992,1.0165,0.003998
Fairfield,0.004535,0.004535,0.001401,3.2357,1.0,0.004535
Hartford,0.003862,0.003862,0.001126,3.1739,1.0808,0.003862
Litchfield,0.004418,0.004418,0.00107,3.2037,1.2886,0.004418
Middlesex,0.003617,0.003617,0.001114,3.2459,1.0,0.003617
New Haven,0.004443,0.004443,0.001388,3.197,1.0017,0.004443
New London,0.003269,0.003269,0.001029,3.1519,1.0074,0.003269
Tolland,0.00345,0.00345,0.000869,3.2059,1.2381,0.00345
Windham,0.002713,0.002713,0.000745,3.1339,1.1622,0.002713
