Name,Estimated unvaccinated prevalence,Estimated vaccinated prevalence,Reported prevalence,Underreporting factor,Delay factor,Estimated prevalence
Entire state,0.046726,0.037913,0.01454,2.8578,1.0,0.041552
Apache,0.056954,0.046212,0.017208,2.8045,1.0,0.048259
Cochise,0.057688,0.046807,0.017828,2.8588,1.0,0.050969
Coconino,0.061362,0.049788,0.018993,2.7748,1.0,0.0527
Gila,0.049676,0.040306,0.015273,2.9016,1.0,0.044315
Graham,0.048562,0.039402,0.014857,2.8911,1.0,0.042953
Greenlee,0.053069,0.043059,0.016635,2.9324,1.0,0.04878
La Paz,0.043241,0.035085,0.013739,2.8676,1.0,0.039397
Maricopa,0.045135,0.036622,0.014111,2.8665,1.0,0.040448
Mohave,0.052516,0.042611,0.016392,2.9612,1.0,0.048539
Navajo,0.053267,0.04322,0.016011,2.8794,1.0,0.046102
Pima,0.04129,0.033502,0.013116,2.7563,1.0,0.036152
Pinal,0.058346,0.047341,0.017885,2.9454,1.0,0.052679
Santa Cruz,0.097829,0.079376,0.028066,2.9563,1.0,0.08297
Yavapai,0.030795,0.024986,0.010119,2.782,1.0,0.028152
Yuma,0.056215,0.045612,0.016596,2.9632,1.0,0.049176
