Name,Estimated unvaccinated prevalence,Estimated vaccinated prevalence,Reported prevalence,Underreporting factor,Delay factor,Estimated prevalence
Entire state,0.001947,0.001947,0.000843,2.3086,1.0,0.001947
Aleutians East,0.005551,0.005551,0.001199,2.3154,2.0,0.005551
Aleutians West,0.000385,0.000385,0.000177,2.1691,1.0,0.000385
Anchorage,0.001459,0.001459,0.000635,2.2964,1.0,0.001459
Bethel,0.002593,0.002593,0.001251,2.0727,1.0,0.002593
Bristol Bay,Unknown,Unknown,0.001196,2.3086,1.0,0.002762
Copper River,Unknown,Unknown,0.000371,2.3086,1.0,0.000855
Chugach,Unknown,Unknown,0.000296,2.3086,1.0,0.000684
Denali,0.003597,0.003597,0.001431,2.5144,1.0,0.003597
Dillingham,0.001726,0.001726,0.000814,2.1217,1.0,0.001726
Fairbanks North Star,0.001767,0.001767,0.000764,2.3121,1.0,0.001767
Haines,0.003567,0.003567,0.001581,2.2562,1.0,0.003567
Juneau,0.006557,0.006557,0.00197,2.5765,1.2917,0.006557
Kenai Peninsula,0.002436,0.002436,0.001073,2.2702,1.0,0.002436
Ketchikan Gateway,0.004012,0.004012,0.000863,2.3237,2.0,0.004012
Kodiak Island,0.003299,0.003299,0.001385,2.3822,1.0,0.003299
Kusilvak,0.001836,0.001836,0.000842,2.1811,1.0,0.001836
Bristol Bay plus Lake and Peninsula,0.001902,0.001902,0.000824,2.3086,1.0,0.001902
Matanuska-Susitna,0.002339,0.002339,0.000803,2.2683,1.2836,0.002339
Nome,0.004218,0.004218,0.001899,2.2207,1.0,0.004218
North Slope,0.004099,0.004099,0.001831,2.2391,1.0,0.004099
Northwest Arctic,0.006404,0.006404,0.001575,2.2182,1.8333,0.006404
Petersburg,0.004043,0.004043,0.001225,2.2006,1.5,0.004043
Prince of Wales-Hyder,0.00109,0.00109,0.000484,2.2541,1.0,0.00109
Sitka,0.003317,0.003317,0.001413,2.3474,1.0,0.003317
Skagway,0.009758,0.009758,0.004227,2.3086,1.0,0.009758
Southeast Fairbanks,0.002436,0.002436,0.00087,2.2391,1.25,0.002436
Valdez-Cordova,0.000251,0.000251,0.000109,2.3086,1.0,0.000251
Wrangell,0.002635,0.002635,0.001199,2.1979,1.0,0.002635
Yakutat,0.014107,0.014107,0.004967,2.8402,1.0,0.014107
Yukon-Koyukuk,0.005944,0.005944,0.001338,2.2207,2.0,0.005944
