Name,Estimated unvaccinated prevalence,Estimated vaccinated prevalence,Reported prevalence,Underreporting factor,Delay factor,Estimated prevalence
Entire state,0.013677,0.002522,0.00298,2.5628,1.0478,0.008003
Apache,0.011944,0.002202,0.002073,2.4584,1.0,0.005096
Cochise,0.009658,0.001781,0.001715,2.3863,1.3608,0.00557
Coconino,0.011326,0.002088,0.00207,2.5088,1.0,0.005193
Gila,0.04167,0.007683,0.005868,2.5265,1.6545,0.024529
Graham,0.049858,0.009193,0.005587,2.6365,2.0,0.029462
Greenlee,0.02356,0.004344,0.003896,2.6507,1.6364,0.016897
La Paz,0.003554,0.000655,0.000995,2.3941,1.0,0.002382
Maricopa,0.014426,0.00266,0.003302,2.5655,1.0547,0.008934
Mohave,0.012257,0.00226,0.003271,2.6871,1.0,0.008789
Navajo,0.023645,0.00436,0.00348,2.5709,1.3604,0.012171
Pima,0.008553,0.001577,0.001818,2.4811,1.0155,0.004581
Pinal,0.013265,0.002446,0.003308,2.6145,1.0,0.008649
Santa Cruz,0.011117,0.00205,0.00157,2.3863,1.0588,0.003967
Yavapai,0.010927,0.002015,0.00279,2.6412,1.0,0.00737
Yuma,0.009629,0.001775,0.001871,2.6096,1.0932,0.005337
