Name,Estimated unvaccinated prevalence,Estimated vaccinated prevalence,Reported prevalence,Underreporting factor,Delay factor,Estimated prevalence
Entire state,0.001748,0.001748,0.000774,2.2588,1.0,0.001748
Aleutians East,0.026445,0.026445,0.011687,2.2628,1.0,0.026445
Aleutians West,0.000819,0.000819,0.000355,2.3063,1.0,0.000819
Anchorage,0.000976,0.000976,0.000434,2.2487,1.0,0.000976
Bethel,0.004336,0.004336,0.00174,2.1699,1.1481,0.004336
Bristol Bay,Unknown,Unknown,0.001196,2.2588,1.0,0.002702
Copper River,Unknown,Unknown,0.000741,2.2588,1.0,0.001674
Chugach,Unknown,Unknown,0.000593,2.2588,1.0,0.001338
Denali,0.00225,0.00225,0.000954,2.3589,1.0,0.00225
Dillingham,0.005689,0.005689,0.002441,2.3305,1.0,0.005689
Fairbanks North Star,0.001278,0.001278,0.000558,2.2925,1.0,0.001278
Haines,0.001789,0.001789,0.000791,2.2628,1.0,0.001789
Juneau,0.00169,0.00169,0.000719,2.3487,1.0,0.00169
Kenai Peninsula,0.001514,0.001514,0.000613,2.2568,1.0938,0.001514
Ketchikan Gateway,0.000467,0.000467,0.000216,2.1637,1.0,0.000467
Kodiak Island,0.001623,0.001623,0.000692,2.3443,1.0,0.001623
Kusilvak,0.00974,0.00974,0.003969,2.1471,1.1429,0.00974
Bristol Bay plus Lake and Peninsula,0.005488,0.005488,0.002059,2.665,1.0,0.005488
Matanuska-Susitna,0.003078,0.003078,0.00084,2.2799,1.6071,0.003078
Nome,0.009197,0.009197,0.002599,2.2647,1.5625,0.009197
North Slope,0.002047,0.002047,0.000915,2.2359,1.0,0.002047
Northwest Arctic,0.014123,0.014123,0.006036,2.3398,1.0,0.014123
Petersburg,0.002096,0.002096,0.000919,2.2817,1.0,0.002096
Prince of Wales-Hyder,0.00108,0.00108,0.000484,2.2337,1.0,0.00108
Sitka,0.001284,0.001284,0.000589,2.1816,1.0,0.001284
Skagway,0.001909,0.001909,0.000845,2.2588,1.0,0.001909
Southeast Fairbanks,0.003128,0.003128,0.001306,2.3958,1.0,0.003128
Valdez-Cordova,0.000245,0.000245,0.000109,2.2588,1.0,0.000245
Wrangell,0.000874,0.000874,0.0004,2.1872,1.0,0.000874
Yakutat,0.067316,0.067316,0.016556,2.2588,1.8,0.067316
Yukon-Koyukuk,0.003354,0.003354,0.000765,2.1926,2.0,0.003354
