Name,Estimated unvaccinated prevalence,Estimated vaccinated prevalence,Reported prevalence,Underreporting factor,Delay factor,Estimated prevalence
Entire state,0.000776,0.000776,0.00033,2.3535,1.0,0.000776
Apache,0.002876,0.002876,0.001224,2.3492,1.0,0.002876
Cochise,0.000813,0.000813,0.000349,2.328,1.0,0.000813
Coconino,0.001562,0.001562,0.000648,2.4099,1.0,0.001562
Gila,0.001465,0.001465,0.000611,2.3985,1.0,0.001465
Graham,0.000841,0.000841,0.000386,2.1782,1.0,0.000841
Greenlee,0.001735,0.001735,0.000737,2.3535,1.0,0.001735
La Paz,0.001945,0.001945,0.000426,2.2809,2.0,0.001945
Maricopa,0.000608,0.000608,0.000256,2.3719,1.0,0.000608
Mohave,0.000705,0.000705,0.000311,2.2659,1.0,0.000705
Navajo,0.00194,0.00194,0.000838,2.3136,1.0,0.00194
Pima,0.001164,0.001164,0.000492,2.3677,1.0,0.001164
Pinal,0.000647,0.000647,0.000281,2.3036,1.0,0.000647
Santa Cruz,5.3e-05,5.3e-05,2.2e-05,2.4458,1.0,5.3e-05
Yavapai,0.00128,0.00128,0.000549,2.3326,1.0,0.00128
Yuma,0.000471,0.000471,0.000201,2.3402,1.0,0.000471
