Name,Estimated unvaccinated prevalence,Estimated vaccinated prevalence,Reported prevalence,Underreporting factor,Delay factor,Estimated prevalence
Entire state,0.006707,0.001247,0.001242,2.3698,1.0,0.002943
Fairfield,0.005427,0.001009,0.000987,2.3361,1.0,0.002306
Hartford,0.008267,0.001537,0.001451,2.4362,1.0856,0.003838
Litchfield,0.007288,0.001355,0.001281,2.408,1.0648,0.003284
Middlesex,0.005144,0.000956,0.000862,2.3533,1.0,0.002028
New Haven,0.006719,0.001249,0.001303,2.3405,1.0,0.00305
New London,0.008066,0.0015,0.001512,2.3698,1.0,0.003583
Tolland,0.00477,0.000887,0.001028,2.3894,1.0,0.002457
Windham,0.008663,0.001611,0.001404,2.4116,1.4052,0.004759
