Name,Estimated unvaccinated prevalence,Estimated vaccinated prevalence,Reported prevalence,Underreporting factor,Delay factor,Estimated prevalence
Entire state,0.012326,0.002294,0.001672,2.3104,1.1333,0.004378
Fairfield,0.010197,0.001897,0.001317,2.2678,1.2435,0.003713
Hartford,0.010266,0.00191,0.001505,2.314,1.2213,0.004253
Litchfield,0.021027,0.003913,0.00254,2.4072,1.3891,0.008492
Middlesex,0.010992,0.002045,0.001576,2.2719,1.0625,0.003804
New Haven,0.01044,0.001943,0.0017,2.2994,1.0522,0.004113
New London,0.014821,0.002758,0.002443,2.3314,1.0,0.005696
Tolland,0.008691,0.001617,0.0014,2.3314,1.2727,0.004154
Windham,0.013861,0.002579,0.002826,2.4638,1.0,0.006962
