Name,Estimated unvaccinated prevalence,Estimated vaccinated prevalence,Reported prevalence,Underreporting factor,Delay factor,Estimated prevalence
Entire state,0.006787,0.005505,0.00237,2.5733,1.0,0.006099
Apache,0.040102,0.032528,0.00843,2.5765,1.5553,0.033779
Cochise,0.006983,0.005664,0.002319,2.632,1.0,0.006103
Coconino,0.007653,0.006208,0.002586,2.5184,1.0,0.006512
Gila,0.010166,0.008246,0.003554,2.5343,1.0,0.009008
Graham,0.011019,0.008937,0.003656,2.4749,1.0682,0.009666
Greenlee,0.008282,0.006717,0.002948,2.5733,1.0,0.007586
La Paz,0.005487,0.00445,0.00199,2.5007,1.0,0.004976
Maricopa,0.006148,0.004987,0.002122,2.5775,1.0,0.005469
Mohave,0.007199,0.005839,0.002545,2.6019,1.0,0.006622
Navajo,0.013322,0.010806,0.004408,2.5681,1.0,0.011321
Pima,0.009647,0.007825,0.00264,2.5785,1.2279,0.008359
Pinal,0.006329,0.005133,0.00223,2.5432,1.0,0.005671
Santa Cruz,0.014483,0.011748,0.004495,2.6796,1.0196,0.012281
Yavapai,0.005987,0.004856,0.002169,2.5102,1.0,0.005445
Yuma,0.007492,0.006077,0.00247,2.6215,1.0,0.006475
