Name,Estimated unvaccinated prevalence,Estimated vaccinated prevalence,Reported prevalence,Underreporting factor,Delay factor,Estimated prevalence
Entire state,0.011083,0.002062,0.001558,2.3118,1.0749,0.003872
Fairfield,0.0076,0.001414,0.001176,2.2732,1.0463,0.002796
Hartford,0.006624,0.001233,0.001193,2.3154,1.0,0.002763
Litchfield,0.01255,0.002335,0.002057,2.4007,1.0335,0.005105
Middlesex,0.015723,0.002926,0.001687,2.2648,1.4368,0.005489
New Haven,0.012259,0.002281,0.001737,2.297,1.2204,0.00487
New London,0.01562,0.002906,0.002583,2.3429,1.0,0.006051
Tolland,0.007537,0.001402,0.001314,2.3494,1.1726,0.003619
Windham,0.014797,0.002753,0.003057,2.4435,1.0,0.00747
