Name,Estimated unvaccinated prevalence,Estimated vaccinated prevalence,Reported prevalence,Underreporting factor,Delay factor,Estimated prevalence
Entire state,0.004632,0.003769,0.001772,2.313,1.0,0.004098
Aleutians East,0.00403,0.00328,0.001498,2.313,1.0,0.003466
Aleutians West,0.002788,0.002269,0.000532,2.313,2.0,0.002463
Anchorage,0.004949,0.004028,0.001882,2.3003,1.0,0.004329
Bethel,0.007225,0.005879,0.002556,2.313,1.0698,0.006325
Bristol Bay,Unknown,Unknown,0.001196,2.313,1.0,0.002767
Copper River,Unknown,Unknown,0.000371,2.313,1.0,0.000857
Chugach,Unknown,Unknown,0.000148,2.313,1.0,0.000343
Denali,0.001227,0.000998,0.000477,2.313,1.0,0.001103
Dillingham,0.029253,0.023806,0.008747,3.0183,1.0,0.026401
Fairbanks North Star,0.002119,0.001724,0.000857,2.1971,1.0,0.001883
Haines,0.010479,0.008527,0.001976,2.313,2.0,0.009142
Juneau,0.005094,0.004145,0.00197,2.216,1.0,0.004366
Kenai Peninsula,0.002683,0.002183,0.001039,2.3505,1.0,0.002442
Ketchikan Gateway,0.003871,0.00315,0.001583,2.1475,1.0,0.003399
Kodiak Island,0.002863,0.00233,0.001154,2.1807,1.0,0.002517
Kusilvak,0.016512,0.013437,0.003127,2.313,2.0,0.014466
Bristol Bay plus Lake and Peninsula,0.043033,0.03502,0.008649,2.313,2.0,0.04001
Matanuska-Susitna,0.002759,0.002245,0.001089,2.3415,1.0,0.002551
Nome,0.033539,0.027293,0.009896,2.313,1.2727,0.029132
North Slope,0.003297,0.002683,0.001322,2.313,1.0,0.003058
Northwest Arctic,0.011981,0.00975,0.004593,2.313,1.0,0.010622
Petersburg,0.008248,0.006712,0.003062,2.313,1.0,0.007082
Prince of Wales-Hyder,0.001242,0.001011,0.000484,2.313,1.0,0.001119
Sitka,0.0338,0.027506,0.005769,2.5003,2.0,0.028851
Skagway,0.009395,0.007645,0.003381,2.4154,1.0,0.008167
Southeast Fairbanks,0.004357,0.003545,0.001741,2.313,1.0,0.004027
Valdez-Cordova,0.000285,0.000232,0.000109,2.313,1.0,0.000251
Wrangell,0.014624,0.011901,0.005596,2.3322,1.0,0.01305
Yakutat,0.071268,0.057997,0.013245,2.313,2.0,0.061271
Yukon-Koyukuk,0.002583,0.002102,0.000956,2.313,1.0,0.002211
