Name,Estimated unvaccinated prevalence,Estimated vaccinated prevalence,Reported prevalence,Underreporting factor,Delay factor,Estimated prevalence
Entire state,0.003011,0.002445,0.001156,2.3419,1.0,0.002707
Fairfield,0.002766,0.002246,0.000999,2.3551,1.0,0.002352
Hartford,0.003139,0.002549,0.001148,2.3369,1.0,0.002684
Litchfield,0.002985,0.002424,0.000987,2.3103,1.1203,0.002555
Middlesex,0.002683,0.002179,0.000973,2.3176,1.0,0.002254
New Haven,0.003992,0.003242,0.001398,2.3386,1.0383,0.003395
New London,0.003849,0.003126,0.001388,2.3551,1.0,0.003268
Tolland,0.00196,0.001592,0.000723,2.3647,1.0,0.00171
Windham,0.003681,0.002989,0.001173,2.3283,1.1826,0.00323
