Name,Estimated unvaccinated prevalence,Estimated vaccinated prevalence,Reported prevalence,Underreporting factor,Delay factor,Estimated prevalence
Entire state,0.011557,0.009405,0.003566,2.3177,1.2384,0.010236
Aleutians East,0.004843,0.003942,0.001798,2.3177,1.0,0.004167
Aleutians West,0.000889,0.000723,0.000355,2.2131,1.0,0.000786
Anchorage,0.003519,0.002863,0.001378,2.2356,1.0,0.003082
Bethel,0.244246,0.19877,0.048406,2.2131,2.0,0.214258
Bristol Bay,Unknown,Unknown,0.001196,2.3177,1.0,0.002772
Copper River,Unknown,Unknown,0.002594,2.3177,1.0,0.006011
Chugach,Unknown,Unknown,0.00711,2.3177,2.0,0.032958
Denali,0.012635,0.010282,0.004292,2.3177,1.1429,0.011368
Dillingham,0.030771,0.025042,0.005492,2.53,2.0,0.027791
Fairbanks North Star,0.002149,0.001749,0.000795,2.404,1.0,0.001911
Haines,0.015727,0.012799,0.005929,2.3177,1.0,0.013741
Juneau,0.006988,0.005687,0.002596,2.3097,1.0,0.005996
Kenai Peninsula,0.005564,0.004528,0.002129,2.3804,1.0,0.005068
Ketchikan Gateway,0.016583,0.013495,0.003957,2.5915,1.4211,0.014571
Kodiak Island,0.006539,0.005321,0.002693,2.136,1.0,0.005752
Kusilvak,0.195972,0.159485,0.033798,2.5441,2.0,0.171975
Bristol Bay plus Lake and Peninsula,0.011287,0.009186,0.00453,2.3177,1.0,0.0105
Matanuska-Susitna,0.002385,0.001941,0.000951,2.3203,1.0,0.002206
Nome,0.041565,0.033826,0.015594,2.3177,1.0,0.036142
North Slope,0.005804,0.004724,0.002034,2.6485,1.0,0.005388
Northwest Arctic,0.046346,0.037717,0.016533,2.4905,1.0,0.041176
Petersburg,0.004354,0.003543,0.001531,2.4455,1.0,0.003744
Prince of Wales-Hyder,0.012383,0.010077,0.00403,2.3069,1.2,0.011157
Sitka,0.009215,0.0075,0.003179,2.4766,1.0,0.007873
Skagway,0.027028,0.021996,0.005072,2.3177,2.0,0.02351
Southeast Fairbanks,0.001091,0.000888,0.000435,2.3177,1.0,0.001009
Valdez-Cordova,0.000285,0.000232,0.000109,2.3177,1.0,0.000252
Wrangell,0.001038,0.000845,0.0004,2.3177,1.0,0.000926
Yakutat,0.321125,0.261335,0.059603,2.3177,2.0,0.276282
Yukon-Koyukuk,0.060995,0.049639,0.011281,2.3177,2.0,0.052292
