Name,Estimated unvaccinated prevalence,Estimated vaccinated prevalence,Reported prevalence,Underreporting factor,Delay factor,Estimated prevalence
Entire state,0.003571,0.002897,0.00099,2.4605,1.3122,0.003196
Apache,0.00514,0.00417,0.000932,2.3213,2.0,0.004327
Cochise,0.001374,0.001114,0.000492,2.4449,1.0,0.001204
Coconino,0.003722,0.003019,0.001206,2.4512,1.075,0.003177
Gila,0.002775,0.002251,0.001,2.4636,1.0,0.002463
Graham,0.001479,0.001199,0.000566,2.2937,1.0,0.001299
Greenlee,0.002261,0.001834,0.000842,2.4605,1.0,0.002072
La Paz,0.001083,0.000878,0.000474,2.0752,1.0,0.000983
Maricopa,0.003881,0.003148,0.001071,2.4974,1.2924,0.003458
Mohave,0.001959,0.001589,0.000669,2.4085,1.119,0.001804
Navajo,0.005053,0.004099,0.001019,2.3779,1.7778,0.004306
Pima,0.004114,0.003337,0.001042,2.4417,1.4046,0.003573
Pinal,0.003464,0.00281,0.00078,2.4136,1.6514,0.003109
Santa Cruz,0.003108,0.002522,0.000559,2.4512,1.9231,0.002636
Yavapai,0.00479,0.003885,0.001034,2.4771,1.7042,0.004363
Yuma,0.000597,0.000484,0.000192,2.3587,1.1429,0.000517
