Name,Estimated unvaccinated prevalence,Estimated vaccinated prevalence,Reported prevalence,Underreporting factor,Delay factor,Estimated prevalence
Entire state,0.009282,0.001725,0.001386,2.3297,1.2198,0.003938
Fairfield,0.016811,0.003125,0.001611,2.2986,1.8615,0.006895
Hartford,0.008985,0.00167,0.001416,2.3421,1.2241,0.004061
Litchfield,0.006568,0.001221,0.001203,2.3502,1.0189,0.002881
Middlesex,0.005711,0.001062,0.000985,2.224,1.0,0.002191
New Haven,0.005657,0.001051,0.001093,2.2743,1.0,0.002485
New London,0.008066,0.001499,0.001448,2.3807,1.0,0.003447
Tolland,0.005464,0.001016,0.001068,2.3502,1.1034,0.00277
Windham,0.015772,0.002932,0.002492,2.4633,1.381,0.008476
