Name,Estimated unvaccinated prevalence,Estimated vaccinated prevalence,Reported prevalence,Underreporting factor,Delay factor,Estimated prevalence
Entire state,0.001094,0.001094,0.000488,2.2428,1.0,0.001094
Aleutians East,0.000678,0.000678,0.0003,2.2609,1.0,0.000678
Aleutians West,0.000401,0.000401,0.000177,2.2609,1.0,0.000401
Anchorage,0.000934,0.000934,0.000417,2.2428,1.0,0.000934
Bethel,0.002656,0.002656,0.001251,2.1235,1.0,0.002656
Bristol Bay,Unknown,Unknown,0.001196,2.2428,1.0,0.002683
Copper River,Unknown,Unknown,0.000371,2.2428,1.0,0.000831
Chugach,Unknown,Unknown,0.000148,2.2428,1.0,0.000332
Denali,0.00107,0.00107,0.000477,2.2428,1.0,0.00107
Dillingham,0.00349,0.00349,0.001424,2.4508,1.0,0.00349
Fairbanks North Star,0.002094,0.002094,0.000712,2.2904,1.283,0.002094
Haines,0.000897,0.000897,0.000395,2.2686,1.0,0.000897
Juneau,0.001181,0.001181,0.000532,2.2209,1.0,0.001181
Kenai Peninsula,0.000801,0.000801,0.000358,2.2386,1.0,0.000801
Ketchikan Gateway,0.00158,0.00158,0.00036,2.1965,2.0,0.00158
Kodiak Island,0.0005,0.0005,0.000231,2.1656,1.0,0.0005
Kusilvak,0.002804,0.002804,0.001323,2.1193,1.0,0.002804
Bristol Bay plus Lake and Peninsula,0.000958,0.000958,0.000412,2.3267,1.0,0.000958
Matanuska-Susitna,0.000839,0.000839,0.000369,2.2724,1.0,0.000839
Nome,0.004181,0.004181,0.001899,2.2016,1.0,0.004181
North Slope,0.000654,0.000654,0.000305,2.1426,1.0,0.000654
Northwest Arctic,0.003974,0.003974,0.001706,2.3297,1.0,0.003974
Petersburg,0.001399,0.001399,0.000612,2.2851,1.0,0.001399
Prince of Wales-Hyder,0.003481,0.003481,0.000806,2.1594,2.0,0.003481
Sitka,0.001021,0.001021,0.000471,2.1687,1.0,0.001021
Skagway,0.001896,0.001896,0.000845,2.2428,1.0,0.001896
Southeast Fairbanks,0.002057,0.002057,0.00087,2.3635,1.0,0.002057
Valdez-Cordova,0.000244,0.000244,0.000109,2.2428,1.0,0.000244
Wrangell,0.000896,0.000896,0.0004,2.2428,1.0,0.000896
Yakutat,0.007426,0.007426,0.003311,2.2428,1.0,0.007426
Yukon-Koyukuk,0.001654,0.001654,0.000765,2.1625,1.0,0.001654
