Name,Estimated unvaccinated prevalence,Estimated vaccinated prevalence,Reported prevalence,Underreporting factor,Delay factor,Estimated prevalence
Entire state,0.00704,0.005728,0.002529,2.4736,1.0,0.006255
Aleutians East,0.002451,0.001995,0.000899,2.3484,1.0,0.002111
Aleutians West,0.000908,0.000739,0.000355,2.2545,1.0,0.0008
Anchorage,0.004414,0.003592,0.001569,2.4537,1.0,0.003851
Bethel,0.033749,0.027461,0.010171,2.259,1.2828,0.029472
Bristol Bay,Unknown,Unknown,0.001196,2.6801,1.0,0.003206
Copper River,Unknown,Unknown,0.003705,2.4736,1.0,0.009165
Chugach,Unknown,Unknown,0.001481,2.4736,1.0,0.003664
Denali,0.113647,0.092425,0.034812,2.3615,1.2414,0.102049
Dillingham,0.014783,0.012032,0.003865,2.2984,1.5,0.013325
Fairbanks North Star,0.005014,0.00408,0.001766,2.5146,1.0,0.00444
Haines,0.009663,0.007863,0.003557,2.3631,1.0,0.008406
Juneau,0.010269,0.008356,0.00269,2.6487,1.2319,0.008776
Kenai Peninsula,0.00802,0.006526,0.002998,2.4301,1.0,0.007285
Ketchikan Gateway,0.002303,0.001874,0.000863,2.3366,1.0,0.002017
Kodiak Island,0.003765,0.003063,0.001385,2.3847,1.0,0.003302
Kusilvak,0.022885,0.018622,0.005773,2.355,1.4688,0.01997
Bristol Bay plus Lake and Peninsula,0.004333,0.003526,0.001647,2.4394,1.0,0.004019
Matanuska-Susitna,0.009427,0.00767,0.002723,2.4662,1.2952,0.008699
Nome,0.019013,0.015473,0.004998,2.4247,1.3611,0.016495
North Slope,0.004261,0.003466,0.001627,2.4247,1.0,0.003946
Northwest Arctic,0.001938,0.001577,0.000787,2.1767,1.0,0.001714
Petersburg,0.002457,0.002,0.000919,2.2925,1.0,0.002106
Prince of Wales-Hyder,0.012947,0.010537,0.003063,2.5344,1.5,0.011644
Sitka,0.007624,0.006204,0.002708,2.398,1.0,0.006494
Skagway,0.072996,0.059357,0.022823,2.7603,1.0,0.063
Southeast Fairbanks,0.005625,0.004577,0.002176,2.3847,1.0,0.005189
Valdez-Cordova,0.000305,0.000248,0.000109,2.4736,1.0,0.000269
Wrangell,0.005445,0.00443,0.001998,2.422,1.0,0.00484
Yakutat,0.061103,0.049738,0.021523,2.4394,1.0,0.052504
Yukon-Koyukuk,0.002759,0.002244,0.000956,2.4662,1.0,0.002358
