Name,Estimated unvaccinated prevalence,Estimated vaccinated prevalence,Reported prevalence,Underreporting factor,Delay factor,Estimated prevalence
Entire state,0.00129,0.00129,0.00055,2.3469,1.0,0.00129
Apache,0.004208,0.004208,0.001836,2.2919,1.0,0.004208
Cochise,0.001871,0.001871,0.000802,2.3328,1.0,0.001871
Coconino,0.002253,0.002253,0.000899,2.3889,1.0492,0.002253
Gila,0.002068,0.002068,0.000833,2.4818,1.0,0.002068
Graham,0.000772,0.000772,0.00036,2.1423,1.0,0.000772
Greenlee,0.004942,0.004942,0.001053,2.3469,2.0,0.004942
La Paz,0.001289,0.001289,0.000284,2.2671,2.0,0.001289
Maricopa,0.001076,0.001076,0.000457,2.356,1.0,0.001076
Mohave,0.001024,0.001024,0.000452,2.2631,1.0,0.001024
Navajo,0.002335,0.002335,0.00101,2.313,1.0,0.002335
Pima,0.00181,0.00181,0.00076,2.382,1.0,0.00181
Pinal,0.001498,0.001498,0.000655,2.2882,1.0,0.001498
Santa Cruz,0.000773,0.000773,0.000344,2.2464,1.0,0.000773
Yavapai,0.001317,0.001317,0.00057,2.3113,1.0,0.001317
Yuma,0.000765,0.000765,0.000332,2.3044,1.0,0.000765
