Name,Estimated unvaccinated prevalence,Estimated vaccinated prevalence,Reported prevalence,Underreporting factor,Delay factor,Estimated prevalence
Entire state,0.005354,0.000995,0.000984,2.2761,1.0,0.00224
Fairfield,0.00463,0.00086,0.000835,2.2448,1.0,0.001875
Hartford,0.005354,0.000995,0.001032,2.3217,1.0,0.002395
Litchfield,0.004292,0.000798,0.000804,2.3174,1.0,0.001863
Middlesex,0.004622,0.000859,0.000794,2.2087,1.0,0.001754
New Haven,0.00476,0.000885,0.000918,2.2503,1.0,0.002067
New London,0.007982,0.001483,0.001459,2.2952,1.0078,0.003375
Tolland,0.003726,0.000693,0.000816,2.2998,1.0,0.001877
Windham,0.008702,0.001617,0.001927,2.4076,1.0,0.004639
