Name,Estimated unvaccinated prevalence,Estimated vaccinated prevalence,Reported prevalence,Underreporting factor,Delay factor,Estimated prevalence
Entire state,0.002465,0.002465,0.001064,2.3176,1.0,0.002465
Aleutians East,0.002932,0.002932,0.001199,2.4456,1.0,0.002932
Aleutians West,0.004835,0.004835,0.001952,2.4766,1.0,0.004835
Anchorage,0.001919,0.001919,0.000812,2.362,1.0,0.001919
Bethel,0.007857,0.007857,0.002556,2.2718,1.3529,0.007857
Bristol Bay,Unknown,Unknown,0.001196,2.3176,1.0,0.002772
Copper River,Unknown,Unknown,0.002223,2.3176,2.0,0.010304
Chugach,Unknown,Unknown,0.001629,2.3176,1.0,0.003776
Denali,0.00221,0.00221,0.000954,2.3176,1.0,0.00221
Dillingham,0.001832,0.001832,0.000814,2.2521,1.0,0.001832
Fairbanks North Star,0.003035,0.003035,0.00096,2.3359,1.3529,0.003035
Haines,0.001769,0.001769,0.000791,2.2375,1.0,0.001769
Juneau,0.002037,0.002037,0.000876,2.3263,1.0,0.002037
Kenai Peninsula,0.001639,0.001639,0.000681,2.4055,1.0,0.001639
Ketchikan Gateway,0.000796,0.000796,0.00036,2.2128,1.0,0.000796
Kodiak Island,0.004063,0.004063,0.001693,2.4006,1.0,0.004063
Kusilvak,0.023855,0.023855,0.005172,2.3062,2.0,0.023855
Bristol Bay plus Lake and Peninsula,0.002864,0.002864,0.001236,2.3176,1.0,0.002864
Matanuska-Susitna,0.002031,0.002031,0.000665,2.2804,1.3396,0.002031
Nome,0.019067,0.019067,0.005098,2.3189,1.6129,0.019067
North Slope,0.025239,0.025239,0.006916,2.4509,1.4889,0.025239
Northwest Arctic,0.00179,0.00179,0.000787,2.2733,1.0,0.00179
Petersburg,0.003412,0.003412,0.001531,2.229,1.0,0.003412
Prince of Wales-Hyder,0.009822,0.009822,0.003869,2.5385,1.0,0.009822
Sitka,0.00264,0.00264,0.000589,2.2425,2.0,0.00264
Skagway,0.001959,0.001959,0.000845,2.3176,1.0,0.001959
Southeast Fairbanks,0.001369,0.001369,0.00058,2.3598,1.0,0.001369
Valdez-Cordova,0.000252,0.000252,0.000109,2.3176,1.0,0.000252
Wrangell,0.001763,0.001763,0.000799,2.2052,1.0,0.001763
Yakutat,0.003837,0.003837,0.001656,2.3176,1.0,0.003837
Yukon-Koyukuk,0.007104,0.007104,0.002103,2.3642,1.4286,0.007104
