Name,Estimated unvaccinated prevalence,Estimated vaccinated prevalence,Reported prevalence,Underreporting factor,Delay factor,Estimated prevalence
Entire state,0.011485,0.002116,0.002472,2.5261,1.0008,0.006249
Apache,0.011924,0.002197,0.001878,2.4527,1.0152,0.004676
Cochise,0.015597,0.002874,0.002764,2.4756,1.2482,0.00854
Coconino,0.01923,0.003543,0.002872,2.4867,1.1577,0.008267
Gila,0.008545,0.001575,0.001999,2.4095,1.0,0.004817
Graham,0.020284,0.003738,0.003244,2.606,1.3158,0.011125
Greenlee,0.01873,0.003451,0.004633,2.7686,1.0,0.012826
La Paz,0.009647,0.001778,0.002558,2.4497,1.0,0.006267
Maricopa,0.011429,0.002106,0.002638,2.541,1.0,0.006704
Mohave,0.011519,0.002123,0.00288,2.7092,1.0218,0.007971
Navajo,0.019895,0.003666,0.002957,2.5972,1.2481,0.009585
Pima,0.010068,0.001855,0.001872,2.4867,1.0963,0.005102
Pinal,0.010832,0.001996,0.002586,2.5927,1.0,0.006706
Santa Cruz,0.011696,0.002155,0.001462,2.4095,1.0806,0.003808
Yavapai,0.008869,0.001634,0.002229,2.5994,1.0,0.005794
Yuma,0.006172,0.001137,0.001207,2.5698,1.028,0.003188
