Name,Estimated unvaccinated prevalence,Estimated vaccinated prevalence,Reported prevalence,Underreporting factor,Delay factor,Estimated prevalence
Entire state,0.006091,0.00494,0.002099,2.6044,1.0,0.005468
Apache,0.017417,0.014128,0.005787,2.5341,1.0,0.014665
Cochise,0.006083,0.004934,0.002001,2.658,1.0,0.005319
Coconino,0.010632,0.008625,0.003485,2.5972,1.0,0.009051
Gila,0.008666,0.007029,0.002444,2.6157,1.2018,0.007682
Graham,0.00711,0.005767,0.001699,2.5982,1.413,0.006239
Greenlee,0.01796,0.014563,0.003159,2.6044,2.0,0.016453
La Paz,0.014732,0.01195,0.002558,2.6116,2.0,0.013363
Maricopa,0.005944,0.004822,0.002018,2.6208,1.0,0.00529
Mohave,0.006951,0.005638,0.00247,2.5898,1.0,0.006396
Navajo,0.013529,0.010974,0.004399,2.6147,1.0,0.011503
Pima,0.005371,0.004357,0.001796,2.5929,1.0,0.004657
Pinal,0.005752,0.004666,0.002018,2.5548,1.0,0.005156
Santa Cruz,0.012194,0.009891,0.002817,2.5972,1.413,0.010339
Yavapai,0.006631,0.005379,0.002237,2.5887,1.0417,0.006033
Yuma,0.004463,0.00362,0.001441,2.6786,1.0,0.003859
