Name,Estimated unvaccinated prevalence,Estimated vaccinated prevalence,Reported prevalence,Underreporting factor,Delay factor,Estimated prevalence
Entire state,0.006912,0.005607,0.001394,2.2077,2.0,0.006154
Apache,0.001935,0.00157,0.000612,2.2297,1.1944,0.00163
Cochise,0.00103,0.000836,0.000413,2.1917,1.0,0.000905
Coconino,0.003393,0.002752,0.000655,2.2153,2.0,0.002903
Gila,0.001627,0.00132,0.000666,2.1696,1.0,0.001446
Graham,0.000868,0.000704,0.00018,2.1199,2.0,0.000764
Greenlee,0.00076,0.000617,0.000316,2.2077,1.0,0.000697
La Paz,0.002229,0.001808,0.000474,2.1385,2.0,0.002026
Maricopa,0.00915,0.007423,0.001846,2.2115,2.0,0.008167
Mohave,0.00049,0.000397,0.000207,2.1788,1.0,0.000452
Navajo,0.001516,0.00123,0.000577,2.2464,1.0,0.001296
Pima,0.002235,0.001813,0.00064,2.2331,1.3625,0.001947
Pinal,0.007431,0.006028,0.001521,2.1959,2.0,0.006681
Santa Cruz,0.00125,0.001014,0.000323,2.1131,1.5556,0.00106
Yavapai,0.001081,0.000877,0.000332,2.1999,1.3509,0.000986
Yuma,0.000648,0.000526,0.000257,2.1875,1.0,0.000563
