Name,Estimated unvaccinated prevalence,Estimated vaccinated prevalence,Reported prevalence,Underreporting factor,Delay factor,Estimated prevalence
Entire state,0.003827,0.000711,0.00067,2.2388,1.0,0.001499
Fairfield,0.00261,0.000485,0.00046,2.1992,1.0,0.001012
Hartford,0.003955,0.000735,0.000749,2.2817,1.0,0.001709
Litchfield,0.003838,0.000713,0.00071,2.2728,1.0,0.001613
Middlesex,0.003469,0.000645,0.000579,2.1863,1.0,0.001265
New Haven,0.003594,0.000668,0.000675,2.2171,1.0,0.001497
New London,0.005233,0.000973,0.000931,2.2728,1.0,0.002117
Tolland,0.001821,0.000338,0.000398,2.2539,1.0,0.000897
Windham,0.00692,0.001286,0.001524,2.3521,1.0,0.003585
