Name,Estimated unvaccinated prevalence,Estimated vaccinated prevalence,Reported prevalence,Underreporting factor,Delay factor,Estimated prevalence
Entire state,0.007026,0.0057,0.00158,2.4953,1.5961,0.006292
Apache,0.004089,0.003317,0.001169,2.3422,1.2576,0.003442
Cochise,0.005989,0.004858,0.001072,2.4465,2.0,0.005246
Coconino,0.006842,0.00555,0.001687,2.4708,1.4012,0.005839
Gila,0.002213,0.001795,0.000778,2.5254,1.0,0.001964
Graham,0.001913,0.001552,0.000644,2.2843,1.1429,0.001681
Greenlee,0.00086,0.000698,0.000316,2.4953,1.0,0.000788
La Paz,0.000358,0.000291,0.000142,2.2892,1.0,0.000325
Maricopa,0.008668,0.007031,0.001814,2.5146,1.693,0.007722
Mohave,0.003177,0.002577,0.000891,2.4633,1.3333,0.002926
Navajo,0.004706,0.003817,0.001298,2.4191,1.2768,0.00401
Pima,0.007153,0.005802,0.001617,2.4752,1.5523,0.006211
Pinal,0.004236,0.003436,0.001098,2.4588,1.4083,0.003801
Santa Cruz,0.003708,0.003008,0.000839,2.4663,1.52,0.003144
Yavapai,0.00266,0.002158,0.000983,2.4663,1.0,0.002423
Yuma,0.000489,0.000397,0.000182,2.3212,1.0,0.000423
