Name,Estimated unvaccinated prevalence,Estimated vaccinated prevalence,Reported prevalence,Underreporting factor,Delay factor,Estimated prevalence
Entire state,0.003621,0.003621,0.00123,2.3178,1.2704,0.003621
Fairfield,0.002381,0.002381,0.000907,2.3047,1.1385,0.002381
Hartford,0.005122,0.005122,0.001447,2.2962,1.5419,0.005122
Litchfield,0.003505,0.003505,0.00117,2.3396,1.2805,0.003505
Middlesex,0.002799,0.002799,0.001207,2.3194,1.0,0.002799
New Haven,0.004015,0.004015,0.001391,2.2962,1.2571,0.004015
New London,0.00357,0.00357,0.001342,2.3226,1.1452,0.00357
Tolland,0.003279,0.003279,0.001035,2.2892,1.3839,0.003279
Windham,0.00279,0.00279,0.001045,2.3614,1.1308,0.00279
