Name,Estimated unvaccinated prevalence,Estimated vaccinated prevalence,Reported prevalence,Underreporting factor,Delay factor,Estimated prevalence
Entire state,0.001792,0.001454,0.000708,2.2515,1.0,0.001594
Apache,0.003685,0.002989,0.001335,2.3264,1.0,0.003107
Cochise,0.001619,0.001314,0.000627,2.2707,1.0,0.001425
Coconino,0.001093,0.000887,0.000418,2.2379,1.0,0.000936
Gila,0.005642,0.004577,0.001074,2.3365,2.0,0.005017
Graham,0.000973,0.00079,0.000386,2.2197,1.0,0.000857
Greenlee,0.001546,0.001254,0.000632,2.2448,1.0,0.001418
La Paz,0.001367,0.001109,0.000569,2.187,1.0,0.001243
Maricopa,0.00189,0.001534,0.000751,2.2482,1.0,0.001689
Mohave,0.001281,0.001039,0.000514,2.2998,1.0,0.001181
Navajo,0.002969,0.002409,0.001064,2.3892,1.0,0.002542
Pima,0.00205,0.001663,0.00078,2.2797,1.0049,0.001787
Pinal,0.001336,0.001084,0.000532,2.2613,1.0,0.001202
Santa Cruz,0.000477,0.000387,0.000194,2.0912,1.0,0.000405
Yavapai,0.000856,0.000694,0.000345,2.2676,1.0,0.000781
Yuma,0.001145,0.000929,0.000435,2.2885,1.0,0.000996
