Name,Estimated unvaccinated prevalence,Estimated vaccinated prevalence,Reported prevalence,Underreporting factor,Delay factor,Estimated prevalence
Entire state,0.001809,0.001809,0.000705,2.4086,1.0657,0.001809
Apache,0.018451,0.018451,0.005286,2.4774,1.4089,0.018451
Cochise,0.003534,0.003534,0.001287,2.4228,1.1338,0.003534
Coconino,0.002757,0.002757,0.001143,2.4122,1.0,0.002757
Gila,0.002703,0.002703,0.000796,2.4251,1.4,0.002703
Graham,0.001104,0.001104,0.000489,2.2565,1.0,0.001104
Greenlee,0.002282,0.002282,0.000948,2.4086,1.0,0.002282
La Paz,0.000426,0.000426,0.00019,2.2468,1.0,0.000426
Maricopa,0.001567,0.001567,0.000601,2.3914,1.0912,0.001567
Mohave,0.001611,0.001611,0.000698,2.3103,1.0,0.001611
Navajo,0.004838,0.004838,0.001497,2.3708,1.3636,0.004838
Pima,0.001863,0.001863,0.000777,2.3964,1.0,0.001863
Pinal,0.00151,0.00151,0.000557,2.3087,1.1735,0.00151
Santa Cruz,0.001415,0.001415,0.000645,2.1932,1.0,0.001415
Yavapai,0.001833,0.001833,0.000791,2.3165,1.0,0.001833
Yuma,0.000878,0.000878,0.000313,2.3761,1.1786,0.000878
