Name,Estimated unvaccinated prevalence,Estimated vaccinated prevalence,Reported prevalence,Underreporting factor,Delay factor,Estimated prevalence
Entire state,0.00691,0.005606,0.001394,2.2075,2.0,0.006153
Apache,0.001935,0.001569,0.000612,2.2294,1.1944,0.00163
Cochise,0.001032,0.000837,0.000413,2.1956,1.0,0.000907
Coconino,0.003398,0.002757,0.000655,2.2187,2.0,0.002907
Gila,0.001612,0.001308,0.000666,2.1494,1.0,0.001432
Graham,0.000868,0.000704,0.00018,2.1198,2.0,0.000764
Greenlee,0.00076,0.000617,0.000316,2.2075,1.0,0.000697
La Paz,0.002178,0.001767,0.000474,2.0893,2.0,0.00198
Maricopa,0.009165,0.007435,0.001846,2.215,2.0,0.00818
Mohave,0.00049,0.000397,0.000207,2.1786,1.0,0.000452
Navajo,0.001505,0.001221,0.000577,2.2294,1.0,0.001286
Pima,0.002242,0.001819,0.00064,2.2396,1.3625,0.001952
Pinal,0.007417,0.006017,0.001521,2.1915,2.0,0.006667
Santa Cruz,0.00125,0.001014,0.000323,2.1129,1.5556,0.00106
Yavapai,0.001081,0.000877,0.000332,2.1996,1.3509,0.000986
Yuma,0.000646,0.000524,0.000257,2.1786,1.0,0.00056
