Name,Estimated unvaccinated prevalence,Estimated vaccinated prevalence,Reported prevalence,Underreporting factor,Delay factor,Estimated prevalence
Entire state,0.003874,0.003874,0.001447,2.3161,1.1557,0.003874
Fairfield,0.003301,0.003301,0.001229,2.3341,1.1511,0.003301
Hartford,0.003662,0.003662,0.001494,2.3023,1.0648,0.003662
Litchfield,0.002855,0.002855,0.001231,2.3194,1.0,0.002855
Middlesex,0.004064,0.004064,0.001471,2.3211,1.19,0.004064
New Haven,0.004837,0.004837,0.001668,2.3194,1.25,0.004837
New London,0.004766,0.004766,0.001633,2.3244,1.2558,0.004766
Tolland,0.003657,0.003657,0.001174,2.2649,1.375,0.003657
Windham,0.003834,0.003834,0.001302,2.3802,1.2377,0.003834
