Name,Estimated unvaccinated prevalence,Estimated vaccinated prevalence,Reported prevalence,Underreporting factor,Delay factor,Estimated prevalence
Entire state,0.001698,0.001698,0.000751,2.2593,1.0,0.001698
Fairfield,0.001591,0.001591,0.0007,2.2739,1.0,0.001591
Hartford,0.001619,0.001619,0.000721,2.2458,1.0,0.001619
Litchfield,0.001477,0.001477,0.000654,2.2574,1.0,0.001477
Middlesex,0.001943,0.001943,0.000856,2.2703,1.0,0.001943
New Haven,0.001884,0.001884,0.000831,2.2685,1.0,0.001884
New London,0.001384,0.001384,0.000618,2.2377,1.0,0.001384
Tolland,0.001356,0.001356,0.000604,2.2458,1.0,0.001356
Windham,0.00505,0.00505,0.001233,2.2912,1.7875,0.00505
