Name,Estimated unvaccinated prevalence,Estimated vaccinated prevalence,Reported prevalence,Underreporting factor,Delay factor,Estimated prevalence
Entire state,0.001816,0.001816,0.000705,2.4173,1.0657,0.001816
Apache,0.018444,0.018444,0.005286,2.4764,1.4089,0.018444
Cochise,0.003533,0.003533,0.001287,2.422,1.1338,0.003533
Coconino,0.002756,0.002756,0.001143,2.4114,1.0,0.002756
Gila,0.002702,0.002702,0.000796,2.4243,1.4,0.002702
Graham,0.001104,0.001104,0.000489,2.256,1.0,0.001104
Greenlee,0.002291,0.002291,0.000948,2.4173,1.0,0.002291
La Paz,0.000426,0.000426,0.00019,2.2463,1.0,0.000426
Maricopa,0.001567,0.001567,0.000601,2.3907,1.0912,0.001567
Mohave,0.001611,0.001611,0.000698,2.3096,1.0,0.001611
Navajo,0.004837,0.004837,0.001497,2.3701,1.3636,0.004837
Pima,0.001862,0.001862,0.000777,2.3956,1.0,0.001862
Pinal,0.00151,0.00151,0.000557,2.3081,1.1735,0.00151
Santa Cruz,0.001415,0.001415,0.000645,2.1928,1.0,0.001415
Yavapai,0.001832,0.001832,0.000791,2.3159,1.0,0.001832
Yuma,0.000877,0.000877,0.000313,2.3753,1.1786,0.000877
