Name,Estimated unvaccinated prevalence,Estimated vaccinated prevalence,Reported prevalence,Underreporting factor,Delay factor,Estimated prevalence
Entire state,0.003544,0.003544,0.000747,2.3712,2.0,0.003544
Apache,0.013729,0.013729,0.002935,2.3387,2.0,0.013729
Cochise,0.003592,0.003592,0.000762,2.356,2.0,0.003592
Coconino,0.004576,0.004576,0.001101,2.4349,1.7065,0.004576
Gila,0.00418,0.00418,0.001037,2.346,1.7188,0.00418
Graham,0.001561,0.001561,0.000515,2.2331,1.3571,0.001561
Greenlee,0.002996,0.002996,0.000948,2.3712,1.3333,0.002996
La Paz,0.000963,0.000963,0.000426,2.2596,1.0,0.000963
Maricopa,0.003368,0.003368,0.000711,2.3699,2.0,0.003368
Mohave,0.002111,0.002111,0.000537,2.2596,1.7385,0.002111
Navajo,0.001901,0.001901,0.00082,2.3172,1.0,0.001901
Pima,0.003373,0.003373,0.00084,2.3475,1.7101,0.003373
Pinal,0.003288,0.003288,0.000713,2.3059,2.0,0.003288
Santa Cruz,0.000881,0.000881,0.000366,2.4099,1.0,0.000881
Yavapai,0.002215,0.002215,0.000723,2.3203,1.3203,0.002215
Yuma,0.002233,0.002233,0.000491,2.2728,2.0,0.002233
