Name,Population,Cases in past week,Reported prevalence,Underreporting factor,Delay factor,Estimated prevalence
Entire state,3565287,14393,0.004037,3.2144,1.0,0.012978
Fairfield,943332,3340,0.003542,3.2327,1.0,0.011449
Hartford,891720,3735,0.00419,3.1966,1.0,0.013393
Litchfield,180333,512,0.002845,3.0362,1.0,0.008637
Middlesex,162436,602,0.003712,3.012,1.0,0.011181
New Haven,854757,3573,0.004181,3.2208,1.0,0.013467
New London,265206,1517,0.005724,3.269,1.0,0.018712
Tolland,150721,455,0.003025,3.1896,1.0,0.00965
Windham,116782,691,0.005926,3.3983,1.0,0.020137
