Name,Estimated unvaccinated prevalence,Estimated vaccinated prevalence,Reported prevalence,Underreporting factor,Delay factor,Estimated prevalence
Entire state,0.029544,0.005517,0.006369,2.4724,1.0,0.015746
Aleutians East,0.001753,0.000327,0.0003,2.4724,1.0,0.000741
Aleutians West,0.001544,0.000288,0.000355,2.2682,1.0,0.000805
Anchorage,0.02869,0.005357,0.006122,2.4618,1.0,0.01507
Bethel,0.025077,0.004682,0.006092,2.1318,1.0,0.012986
Bristol Bay,Unknown,Unknown,0.001196,2.4724,1.0,0.002957
Copper River,Unknown,Unknown,0.010745,2.4724,1.12,0.029754
Chugach,Unknown,Unknown,0.006814,2.4724,1.0,0.016847
Denali,0.011028,0.002059,0.002861,2.3303,1.0,0.006668
Dillingham,0.107187,0.020014,0.019731,2.4724,1.3913,0.067875
Fairbanks North Star,0.020474,0.003823,0.004832,2.5054,1.0,0.012107
Haines,0.006259,0.001169,0.001186,2.4724,1.0,0.002932
Juneau,0.021242,0.003966,0.004097,2.3189,1.0,0.009501
Kenai Peninsula,0.030257,0.00565,0.007699,2.5523,1.0,0.019651
Ketchikan Gateway,0.021698,0.004052,0.004532,2.4751,1.0,0.011217
Kodiak Island,0.029625,0.005532,0.006232,2.4672,1.0,0.015375
Kusilvak,0.02149,0.004013,0.003969,2.7874,1.0,0.011064
Bristol Bay plus Lake and Peninsula,0.042584,0.007951,0.012356,2.4724,1.0,0.030549
Matanuska-Susitna,0.027391,0.005114,0.007857,2.498,1.0,0.019626
Nome,0.085164,0.015902,0.012295,2.5568,1.3407,0.042145
North Slope,0.027088,0.005058,0.008544,2.2773,1.0,0.019456
Northwest Arctic,0.070665,0.013195,0.016402,2.4724,1.0,0.040553
Petersburg,0.019387,0.00362,0.002143,2.6864,1.5,0.008637
Prince of Wales-Hyder,0.014602,0.002726,0.002418,2.2861,1.5556,0.008599
Sitka,0.012292,0.002295,0.002119,2.5005,1.0,0.005299
Skagway,0.046777,0.008734,0.008453,2.4724,1.0,0.0209
Southeast Fairbanks,0.063149,0.011791,0.011461,2.4724,1.6957,0.048049
Valdez-Cordova,0.000478,8.9e-05,0.000109,2.4724,1.0,0.000269
Wrangell,0.033002,0.006162,0.003997,2.3189,2.0,0.018536
Yakutat,0.081786,0.015271,0.014901,2.4724,1.0,0.036841
Yukon-Koyukuk,0.059121,0.011039,0.006501,2.5247,1.7368,0.028506
