Name,Population,Cases in past week,Reported prevalence,Underreporting factor,Delay factor,Estimated prevalence
Entire state,705749,372,0.0005285165122444382,6,1.0,0.003171099073466629
District of Columbia,705749,372,0.0005285165122444382,6,1.0,0.003171099073466629
