Name,Estimated unvaccinated prevalence,Estimated vaccinated prevalence,Reported prevalence,Underreporting factor,Delay factor,Estimated prevalence
Entire state,0.009172,0.001666,0.00191,2.4103,1.0,0.004605
Hawaii,0.010654,0.001935,0.002129,2.4136,1.0,0.005138
Honolulu,0.010174,0.001848,0.001838,2.4268,1.0,0.00446
Kauai,0.013707,0.00249,0.002753,2.386,1.0,0.006568
Maui,0.007821,0.001421,0.001726,2.3322,1.0,0.004026
