Name,Estimated unvaccinated prevalence,Estimated vaccinated prevalence,Reported prevalence,Underreporting factor,Delay factor,Estimated prevalence
Entire state,0.02642,0.02642,0.009351,2.8253,1.0,0.02642
Hawaii,0.024703,0.024703,0.008655,2.8543,1.0,0.024703
Honolulu,0.024616,0.024616,0.008737,2.8174,1.0,0.024616
Kauai,0.042284,0.042284,0.014427,2.9308,1.0,0.042284
Maui,0.033527,0.033527,0.011594,2.8918,1.0,0.033527
