Name,Population,Cases in past week,Reported prevalence,Underreporting factor,Delay factor,Estimated prevalence
Entire state,1415872,630,0.0004456617547348913,6,1.1310592459605027,0.003024419089583284
Hawaii,201513,110,0.000550832948742761,6,1.0,0.003304997692456566
Honolulu,974563,497,0.0005109982628111266,6,1.444767441860465,0.0044296419177406385
Kauai,72293,4,6.91629895010582e-05,6,1.0,0.0004149779370063492
Maui,167417,19,0.00011946218125996762,6,1.0,0.0007167730875598057
