Name,Estimated unvaccinated prevalence,Estimated vaccinated prevalence,Reported prevalence,Underreporting factor,Delay factor,Estimated prevalence
Entire state,0.014693,0.002664,0.003048,2.468,1.0,0.007522
Hawaii,0.01729,0.003135,0.003345,2.4921,1.0,0.008335
Honolulu,0.016846,0.003054,0.002935,2.515,1.0,0.007381
Kauai,0.02576,0.00467,0.004067,2.4124,1.2575,0.012337
Maui,0.013721,0.002488,0.002927,2.4124,1.0,0.007061
