Name,Estimated unvaccinated prevalence,Estimated vaccinated prevalence,Reported prevalence,Underreporting factor,Delay factor,Estimated prevalence
Entire state,0.004448,0.004448,0.001877,2.3701,1.0,0.004448
Hawaii,0.003935,0.003935,0.001682,2.3393,1.0,0.003935
Honolulu,0.004655,0.004655,0.001936,2.4043,1.0,0.004655
Kauai,0.003828,0.003828,0.001618,2.3654,1.0,0.003828
Maui,0.004491,0.004491,0.001893,2.3717,1.0,0.004491
