Name,Population,Cases in past week,Reported prevalence,Underreporting factor,Delay factor,Estimated prevalence
Entire state,1415872,1108,0.000783,2.4159,1.4813,0.002803
Hawaii,201513,227,0.001131,2.4802,2.0,0.005612
Honolulu,974563,727,0.000747,2.4435,1.3463,0.002457
Kauai,72293,34,0.000484,2.3136,1.0,0.00112
Maui,167417,120,0.000723,2.3396,1.9355,0.003273
