Name,Population,Cases in past week,Reported prevalence,Underreporting factor,Delay factor,Estimated prevalence
Entire state,1415872,829,0.000586,2.5267,1.2504,0.001852
Hawaii,201513,90,0.000452,2.5267,1.7308,0.001975
Honolulu,974563,592,0.000608,2.5267,1.1429,0.001757
Kauai,72293,14,0.000207,2.5267,2.0,0.001049
Maui,167417,133,0.0008,2.5267,1.5465,0.003128
