Name,Estimated unvaccinated prevalence,Estimated vaccinated prevalence,Reported prevalence,Underreporting factor,Delay factor,Estimated prevalence
Entire state,0.006188,0.005029,0.00218,2.4653,1.0341,0.005558
Kent,0.006901,0.005608,0.002251,2.4546,1.1154,0.006164
New Castle,0.006583,0.005349,0.002303,2.4823,1.0,0.005718
Sussex,0.005618,0.004566,0.001832,2.4117,1.1059,0.004885
