Name,Estimated unvaccinated prevalence,Estimated vaccinated prevalence,Reported prevalence,Underreporting factor,Delay factor,Estimated prevalence
Entire state,0.003964,0.003964,0.001539,2.3707,1.0863,0.003964
Kent,0.003884,0.003884,0.001493,2.359,1.1025,0.003884
New Castle,0.004036,0.004036,0.001613,2.3891,1.0477,0.004036
Sussex,0.002971,0.002971,0.001221,2.331,1.044,0.002971
