Name,Estimated unvaccinated prevalence,Estimated vaccinated prevalence,Reported prevalence,Underreporting factor,Delay factor,Estimated prevalence
Entire state,0.002107,0.002107,0.000928,2.2707,1.0,0.002107
Hawaii,0.002224,0.002224,0.000983,2.2632,1.0,0.002224
Honolulu,0.002039,0.002039,0.000901,2.2632,1.0,0.002039
Kauai,0.003206,0.003206,0.001148,2.2475,1.2424,0.003206
Maui,0.002281,0.002281,0.000944,2.2172,1.0903,0.002281
