Name,Population,Cases in past week,Reported prevalence,Underreporting factor,Delay factor,Estimated prevalence
Entire state,973764,2067,0.002124,2.6676,1.1955,0.006773
Kent,180786,299,0.001659,2.6323,1.0,0.004368
New Castle,558753,1381,0.002473,2.6912,1.37,0.009119
Sussex,234225,383,0.001639,2.6726,1.0464,0.004585
