Name,Population,Cases in past week,Reported prevalence,Underreporting factor,Delay factor,Estimated prevalence
Entire state,973764,4543,0.004666,2.9956,1.0,0.013979
Kent,180786,811,0.004491,2.9957,1.0,0.013455
New Castle,558753,2502,0.00448,2.9439,1.0,0.013187
Sussex,234225,1217,0.0052,3.0774,1.0,0.016003
