Name,Estimated unvaccinated prevalence,Estimated vaccinated prevalence,Reported prevalence,Underreporting factor,Delay factor,Estimated prevalence
Entire state,0.003237,0.003237,0.001135,2.3511,1.2132,0.003237
Kent,0.003727,0.003727,0.001289,2.3434,1.234,0.003727
New Castle,0.002551,0.002551,0.000938,2.3612,1.152,0.002551
Sussex,0.004601,0.004601,0.00149,2.3247,1.3282,0.004601
