Name,Estimated unvaccinated prevalence,Estimated vaccinated prevalence,Reported prevalence,Underreporting factor,Delay factor,Estimated prevalence
Entire state,0.001839,0.001839,0.000812,2.2662,1.0,0.001839
Hawaii,0.001564,0.001564,0.00069,2.218,1.0222,0.001564
Honolulu,0.001833,0.001833,0.000807,2.2728,1.0,0.001833
Kauai,0.003529,0.003529,0.001176,2.3225,1.2923,0.003529
Maui,0.002078,0.002078,0.000848,2.2593,1.0846,0.002078
