Name,Estimated unvaccinated prevalence,Estimated vaccinated prevalence,Reported prevalence,Underreporting factor,Delay factor,Estimated prevalence
Entire state,0.042107,0.007862,0.005038,2.4597,1.3817,0.017122
Kent,0.039262,0.007331,0.006278,2.4914,1.4318,0.022396
New Castle,0.031614,0.005903,0.004594,2.4502,1.2914,0.014537
Sussex,0.036098,0.00674,0.004718,2.4573,1.4375,0.016665
