Name,Estimated unvaccinated prevalence,Estimated vaccinated prevalence,Reported prevalence,Underreporting factor,Delay factor,Estimated prevalence
Entire state,0.003757,0.003757,0.001343,2.3628,1.1839,0.003757
Kent,0.003115,0.003115,0.0013,2.3759,1.0086,0.003115
New Castle,0.003262,0.003262,0.001136,2.3676,1.2122,0.003262
Sussex,0.005712,0.005712,0.0019,2.3566,1.2759,0.005712
