Name,Population,Cases in past week,Reported prevalence,Underreporting factor,Delay factor,Estimated prevalence
Entire state,973764,1328,0.001365,2.4218,1.6215,0.005359
Kent,180786,340,0.001886,2.4294,2.0,0.009165
New Castle,558753,623,0.001117,2.3506,1.4355,0.003768
Sussex,234225,362,0.00155,2.4406,1.6606,0.006281
