Name,Estimated unvaccinated prevalence,Estimated vaccinated prevalence,Reported prevalence,Underreporting factor,Delay factor,Estimated prevalence
Entire state,0.00146,0.000686,0.000431,2.1704,1.0,0.000935
Hawaii,0.00121,0.000569,0.000357,2.2166,1.0,0.000792
Honolulu,0.001103,0.000518,0.000322,2.1568,1.0,0.000695
Kauai,0.0046,0.002162,0.0013,2.3275,1.0,0.003026
Maui,0.002803,0.001317,0.000794,2.2267,1.0732,0.001898
