Name,Estimated unvaccinated prevalence,Estimated vaccinated prevalence,Reported prevalence,Underreporting factor,Delay factor,Estimated prevalence
Entire state,0.015826,0.002959,0.003214,2.4475,1.0,0.007867
Kent,0.017203,0.003217,0.00406,2.4736,1.0471,0.010516
New Castle,0.013335,0.002493,0.002756,2.4134,1.0172,0.006766
Sussex,0.017432,0.003259,0.003535,2.5036,1.0,0.00885
