Name,Estimated unvaccinated prevalence,Estimated vaccinated prevalence,Reported prevalence,Underreporting factor,Delay factor,Estimated prevalence
Entire state,0.021697,0.017633,0.004223,2.4941,1.8452,0.019433
Kent,0.025132,0.020425,0.00448,2.5083,2.0,0.022476
New Castle,0.024747,0.020112,0.004397,2.5083,1.9523,0.021533
Sussex,0.014377,0.011684,0.003505,2.4534,1.4565,0.012525
