Name,Estimated unvaccinated prevalence,Estimated vaccinated prevalence,Reported prevalence,Underreporting factor,Delay factor,Estimated prevalence
Entire state,0.002185,0.002185,0.000934,2.2851,1.024,0.002185
Hawaii,0.001733,0.001733,0.000759,2.2228,1.027,0.001733
Honolulu,0.002463,0.002463,0.000972,2.294,1.1051,0.002463
Kauai,0.001651,0.001651,0.000719,2.2954,1.0,0.001651
Maui,0.00237,0.00237,0.001033,2.294,1.0,0.00237
