Name,Estimated unvaccinated prevalence,Estimated vaccinated prevalence,Reported prevalence,Underreporting factor,Delay factor,Estimated prevalence
Entire state,0.0008,0.0008,0.000361,2.2164,1.0,0.0008
Hawaii,0.000718,0.000718,0.000328,2.1915,1.0,0.000718
Honolulu,0.000785,0.000785,0.000355,2.2109,1.0,0.000785
Kauai,0.001253,0.001253,0.000539,2.3222,1.0,0.001253
Maui,0.000851,0.000851,0.000376,2.2621,1.0,0.000851
