Name,Estimated unvaccinated prevalence,Estimated vaccinated prevalence,Reported prevalence,Underreporting factor,Delay factor,Estimated prevalence
Entire state,0.017342,0.003143,0.00362,2.4743,1.0,0.008958
Hawaii,0.020298,0.003679,0.003935,2.4865,1.0,0.009785
Honolulu,0.019924,0.003611,0.003477,2.51,1.0,0.008728
Kauai,0.022479,0.004074,0.003859,2.4081,1.1583,0.010765
Maui,0.020159,0.003654,0.00399,2.4555,1.0587,0.010373
