Name,Estimated unvaccinated prevalence,Estimated vaccinated prevalence,Reported prevalence,Underreporting factor,Delay factor,Estimated prevalence
Entire state,0.040872,0.040872,0.012503,3.2689,1.0,0.040872
Hawaii,0.032935,0.032935,0.010213,3.2249,1.0,0.032935
Honolulu,0.037225,0.037225,0.011781,3.1598,1.0,0.037225
Kauai,0.062026,0.062026,0.018923,3.2778,1.0,0.062026
Maui,0.054363,0.054363,0.016719,3.2516,1.0,0.054363
