Name,Population,Cases in past week,Reported prevalence,Underreporting factor,Delay factor,Estimated prevalence
Entire state,973764,4661,0.004787607674960257,6,1.353761254719721,0.03888766663895978
Kent,180786,970,0.005370991116568761,6,1.8097014925373134,0.05831934384035483
New Castle,558753,2917,0.0052223433252259945,6,1.3253066787823717,0.041527238926899294
Sussex,234225,788,0.0033685558757604868,6,1.1338129496402878,0.02291587364114472
