Name,Estimated unvaccinated prevalence,Estimated vaccinated prevalence,Reported prevalence,Underreporting factor,Delay factor,Estimated prevalence
Entire state,0.015324,0.015324,0.00496,2.4853,1.2431,0.015324
Hawaii,0.012094,0.012094,0.004223,2.419,1.1838,0.012094
Honolulu,0.016194,0.016194,0.005051,2.5083,1.2781,0.016194
Kauai,0.019199,0.019199,0.006377,2.5591,1.1765,0.019199
Maui,0.013168,0.013168,0.004725,2.4308,1.1466,0.013168
