Name,Estimated unvaccinated prevalence,Estimated vaccinated prevalence,Reported prevalence,Underreporting factor,Delay factor,Estimated prevalence
Entire state,0.007117,0.007117,0.002898,2.4559,1.0,0.007117
Hawaii,0.006177,0.006177,0.002566,2.4078,1.0,0.006177
Honolulu,0.007262,0.007262,0.002907,2.4981,1.0,0.007262
Kauai,0.006878,0.006878,0.00285,2.4139,1.0,0.006878
Maui,0.00796,0.00796,0.003285,2.4229,1.0,0.00796
