Name,Estimated unvaccinated prevalence,Estimated vaccinated prevalence,Reported prevalence,Underreporting factor,Delay factor,Estimated prevalence
Entire state,0.004154,0.004154,0.000955,3.185,1.366,0.004154
Hawaii,0.001628,0.001628,0.000526,3.095,1.0,0.001628
Honolulu,0.004889,0.004889,0.001071,3.2202,1.4171,0.004889
Kauai,0.002526,0.002526,0.00065,3.0408,1.2778,0.002526
Maui,0.004238,0.004238,0.000944,3.1176,1.4404,0.004238
