Name,Estimated unvaccinated prevalence,Estimated vaccinated prevalence,Reported prevalence,Underreporting factor,Delay factor,Estimated prevalence
Entire state,0.014331,0.014331,0.005671,2.527,1.0,0.014331
Hawaii,0.011821,0.011821,0.004799,2.4634,1.0,0.011821
Honolulu,0.015508,0.015508,0.006067,2.556,1.0,0.015508
Kauai,0.020367,0.020367,0.006972,2.573,1.1354,0.020367
Maui,0.009633,0.009633,0.003877,2.4851,1.0,0.009633
