Name,Population,Cases in past week,Reported prevalence,Underreporting factor,Delay factor,Estimated prevalence
Entire state,1415872,1340,0.000947,2.4232,1.3872,0.003184
Hawaii,201513,281,0.001399,2.4898,1.7563,0.006119
Honolulu,974563,865,0.000889,2.4465,1.2609,0.002741
Kauai,72293,43,0.000609,2.2964,1.0,0.001398
Maui,167417,151,0.000908,2.339,1.9868,0.004219
