Name,Estimated unvaccinated prevalence,Estimated vaccinated prevalence,Reported prevalence,Underreporting factor,Delay factor,Estimated prevalence
Entire state,0.00213,0.001001,0.000515,2.1877,1.2113,0.001364
Hawaii,0.001568,0.000737,0.000462,2.225,1.0,0.001027
Honolulu,0.001817,0.000854,0.000404,2.1756,1.3013,0.001145
Kauai,0.008196,0.003852,0.001715,2.3004,1.3667,0.005393
Maui,0.002483,0.001167,0.000723,2.2299,1.0435,0.001682
