Name,Population,Cases in past week,Reported prevalence,Underreporting factor,Delay factor,Estimated prevalence
Entire state,973764,1185,0.001218,2.5104,1.0,0.003058
Kent,180786,208,0.001156,2.5226,1.0,0.002916
New Castle,558753,758,0.001358,2.5114,1.0,0.003411
Sussex,234225,215,0.000922,2.4979,1.0,0.002304
