Name,Population,Cases in past week,Reported prevalence,Underreporting factor,Delay factor,Estimated prevalence
Entire state,973764,443,0.000456,2.3243,1.6347,0.001732
Kent,180786,68,0.000382,2.3082,1.36,0.001198
New Castle,558753,241,0.000433,2.319,1.6395,0.001647
Sussex,234225,131,0.000564,2.3345,1.8194,0.002394
