Name,Population,Cases in past week,Reported prevalence,Underreporting factor,Delay factor,Estimated prevalence
Entire state,973764,2409,0.002475,2.727,1.0,0.006749
Kent,180786,406,0.002251,2.7413,1.0,0.006171
New Castle,558753,1392,0.002493,2.6958,1.0,0.006721
Sussex,234225,606,0.002592,2.7784,1.0,0.0072
