Name,Estimated unvaccinated prevalence,Estimated vaccinated prevalence,Reported prevalence,Underreporting factor,Delay factor,Estimated prevalence
Entire state,0.001998,0.001998,0.000874,2.285,1.0,0.001998
Hawaii,0.001232,0.001232,0.000546,2.2561,1.0,0.001232
Honolulu,0.002157,0.002157,0.000935,2.3078,1.0,0.002157
Kauai,0.002845,0.002845,0.001259,2.2602,1.0,0.002845
Maui,0.001713,0.001713,0.000771,2.2236,1.0,0.001713
