Name,Estimated unvaccinated prevalence,Estimated vaccinated prevalence,Reported prevalence,Underreporting factor,Delay factor,Estimated prevalence
Entire state,0.006843,0.006843,0.002812,2.4336,1.0,0.006843
Hawaii,0.006556,0.006556,0.002695,2.415,1.0074,0.006556
Honolulu,0.0069,0.0069,0.002791,2.4724,1.0,0.0069
Kauai,0.005934,0.005934,0.002448,2.4237,1.0,0.005934
Maui,0.010141,0.010141,0.003249,2.4541,1.2717,0.010141
