Name,Estimated unvaccinated prevalence,Estimated vaccinated prevalence,Reported prevalence,Underreporting factor,Delay factor,Estimated prevalence
Entire state,0.040802,0.040802,0.00898,2.2719,2.0,0.040802
Hawaii,0.027197,0.027197,0.006158,2.2081,2.0,0.027197
Honolulu,0.04288,0.04288,0.00933,2.2979,2.0,0.04288
Kauai,0.033169,0.033169,0.0074,2.241,2.0,0.033169
Maui,0.049124,0.049124,0.011038,2.2252,2.0,0.049124
