Name,Estimated unvaccinated prevalence,Estimated vaccinated prevalence,Reported prevalence,Underreporting factor,Delay factor,Estimated prevalence
Entire state,0.021135,0.003954,0.003386,2.4945,1.277,0.010786
Kent,0.017494,0.003273,0.00385,2.5962,1.0911,0.010905
New Castle,0.020292,0.003796,0.003048,2.4587,1.4031,0.010515
Sussex,0.022613,0.00423,0.003778,2.5644,1.211,0.011733
