Name,Estimated unvaccinated prevalence,Estimated vaccinated prevalence,Reported prevalence,Underreporting factor,Delay factor,Estimated prevalence
Entire state,0.002584,0.002584,0.001055,2.3281,1.0523,0.002584
Kent,0.002643,0.002643,0.00109,2.3269,1.0426,0.002643
New Castle,0.002771,0.002771,0.000981,2.3141,1.221,0.002771
Sussex,0.002833,0.002833,0.001217,2.3281,1.0,0.002833
