Name,Estimated unvaccinated prevalence,Estimated vaccinated prevalence,Reported prevalence,Underreporting factor,Delay factor,Estimated prevalence
Entire state,0.016654,0.003016,0.003481,2.5177,1.0,0.008763
Hawaii,0.025002,0.004527,0.004536,2.5265,1.0792,0.012367
Honolulu,0.018642,0.003376,0.003267,2.5709,1.0,0.008399
Kauai,0.01465,0.002653,0.00278,2.398,1.0695,0.007131
Maui,0.019411,0.003515,0.003775,2.4811,1.0842,0.010155
