Name,Estimated unvaccinated prevalence,Estimated vaccinated prevalence,Reported prevalence,Underreporting factor,Delay factor,Estimated prevalence
Entire state,0.009136,0.009136,0.003701,2.4686,1.0,0.009136
Hawaii,0.006857,0.006857,0.002873,2.3865,1.0,0.006857
Honolulu,0.009723,0.009723,0.003883,2.5041,1.0,0.009723
Kauai,0.008842,0.008842,0.003527,2.5066,1.0,0.008842
Maui,0.009045,0.009045,0.003733,2.4228,1.0,0.009045
