Name,Estimated unvaccinated prevalence,Estimated vaccinated prevalence,Reported prevalence,Underreporting factor,Delay factor,Estimated prevalence
Entire state,0.015842,0.002963,0.003242,2.4504,1.0041,0.007977
Kent,0.015724,0.002941,0.003889,2.4911,1.0,0.009687
New Castle,0.012571,0.002351,0.00267,2.4122,1.0,0.006441
Sussex,0.020563,0.003845,0.003932,2.4855,1.0785,0.010541
