Name,Estimated unvaccinated prevalence,Estimated vaccinated prevalence,Reported prevalence,Underreporting factor,Delay factor,Estimated prevalence
Entire state,0.002409,0.002409,0.001071,2.2497,1.0,0.002409
Hawaii,0.002534,0.002534,0.001117,2.2697,1.0,0.002534
Honolulu,0.002265,0.002265,0.001007,2.2497,1.0,0.002265
Kauai,0.003854,0.003854,0.001674,2.3029,1.0,0.003854
Maui,0.002617,0.002617,0.001147,2.2822,1.0,0.002617
