Name,Estimated unvaccinated prevalence,Estimated vaccinated prevalence,Reported prevalence,Underreporting factor,Delay factor,Estimated prevalence
Entire state,0.001597,0.001597,0.000699,2.2836,1.0,0.001597
Hawaii,0.001206,0.001206,0.000541,2.2289,1.0,0.001206
Honolulu,0.001752,0.001752,0.000756,2.3164,1.0,0.001752
Kauai,0.001121,0.001121,0.000512,2.191,1.0,0.001121
Maui,0.001561,0.001561,0.000657,2.2447,1.0583,0.001561
