Name,Estimated unvaccinated prevalence,Estimated vaccinated prevalence,Reported prevalence,Underreporting factor,Delay factor,Estimated prevalence
Entire state,0.003066,0.003066,0.001325,2.3139,1.0,0.003066
Hawaii,0.003966,0.003966,0.001727,2.2966,1.0,0.003966
Honolulu,0.002746,0.002746,0.001201,2.2875,1.0,0.002746
Kauai,0.004898,0.004898,0.002033,2.4088,1.0,0.004898
Maui,0.002992,0.002992,0.001278,2.3407,1.0,0.002992
