Name,Estimated unvaccinated prevalence,Estimated vaccinated prevalence,Reported prevalence,Underreporting factor,Delay factor,Estimated prevalence
Entire state,0.001854,0.001854,0.000812,2.2846,1.0,0.001854
Hawaii,0.001578,0.001578,0.00069,2.2381,1.0222,0.001578
Honolulu,0.001863,0.001863,0.000807,2.3103,1.0,0.001863
Kauai,0.003488,0.003488,0.001176,2.2955,1.2923,0.003488
Maui,0.002066,0.002066,0.000848,2.2456,1.0846,0.002066
