Name,Estimated unvaccinated prevalence,Estimated vaccinated prevalence,Reported prevalence,Underreporting factor,Delay factor,Estimated prevalence
Entire state,0.001645,0.001645,0.00073,2.252,1.0,0.001645
Hawaii,0.001328,0.001328,0.0006,2.2124,1.0,0.001328
Honolulu,0.001992,0.001992,0.000805,2.2773,1.0859,0.001992
Kauai,0.002057,0.002057,0.000788,2.1895,1.1915,0.002057
Maui,0.001005,0.001005,0.000442,2.2742,1.0,0.001005
