Name,Estimated unvaccinated prevalence,Estimated vaccinated prevalence,Reported prevalence,Underreporting factor,Delay factor,Estimated prevalence
Entire state,0.016635,0.003012,0.003481,2.5186,1.0,0.008766
Hawaii,0.025012,0.004529,0.004536,2.5274,1.0792,0.012371
Honolulu,0.018591,0.003366,0.003267,2.5638,1.0,0.008376
Kauai,0.014583,0.00264,0.00278,2.387,1.0695,0.007098
Maui,0.019418,0.003516,0.003775,2.482,1.0842,0.010158
