Name,Estimated unvaccinated prevalence,Estimated vaccinated prevalence,Reported prevalence,Underreporting factor,Delay factor,Estimated prevalence
Entire state,0.011833,0.002148,0.002461,2.4336,1.0,0.00599
Hawaii,0.013419,0.002436,0.002635,2.4557,1.0,0.006471
Honolulu,0.013708,0.002488,0.002426,2.4767,1.0,0.006008
Kauai,0.016143,0.00293,0.003237,2.3892,1.0,0.007734
Maui,0.009796,0.001778,0.002144,2.3514,1.0,0.005042
