Name,Estimated unvaccinated prevalence,Estimated vaccinated prevalence,Reported prevalence,Underreporting factor,Delay factor,Estimated prevalence
Entire state,0.002104,0.002104,0.000928,2.2675,1.0,0.002104
Hawaii,0.002247,0.002247,0.000983,2.2872,1.0,0.002247
Honolulu,0.002045,0.002045,0.000901,2.2694,1.0,0.002045
Kauai,0.003207,0.003207,0.001148,2.2483,1.2424,0.003207
Maui,0.00229,0.00229,0.000944,2.2252,1.0903,0.00229
