Name,Estimated unvaccinated prevalence,Estimated vaccinated prevalence,Reported prevalence,Underreporting factor,Delay factor,Estimated prevalence
Entire state,0.006901,0.006901,0.001305,3.2222,1.6408,0.006901
Kent,0.007616,0.007616,0.001405,3.1711,1.7095,0.007616
New Castle,0.006622,0.006622,0.001256,3.2559,1.6189,0.006622
Sussex,0.006958,0.006958,0.001336,3.1375,1.6596,0.006958
