Name,Population,Cases in past week,Reported prevalence,Underreporting factor,Delay factor,Estimated prevalence
Entire state,1415872,815,0.000576,2.5711,1.0,0.001482
Hawaii,201513,42,0.000213,2.3101,1.0,0.000493
Honolulu,974563,582,0.000598,2.6184,1.0,0.001566
Kauai,72293,2,4.1e-05,2.3627,1.0,9.8e-05
Maui,167417,189,0.001135,2.6862,1.0,0.003049
