Name,Population,Cases in past week,Reported prevalence,Underreporting factor,Delay factor,Estimated prevalence
Entire state,973764,4432,0.004552,3.0283,1.0,0.013786
Kent,180786,812,0.004497,3.0656,1.0,0.013786
New Castle,558753,2663,0.004768,3.0161,1.006,0.014467
Sussex,234225,944,0.004035,3.0868,1.0,0.012454
