Name,Estimated unvaccinated prevalence,Estimated vaccinated prevalence,Reported prevalence,Underreporting factor,Delay factor,Estimated prevalence
Entire state,0.007115,0.007115,0.002898,2.4554,1.0,0.007115
Hawaii,0.006176,0.006176,0.002566,2.4073,1.0,0.006176
Honolulu,0.00726,0.00726,0.002907,2.4976,1.0,0.00726
Kauai,0.006877,0.006877,0.00285,2.4134,1.0,0.006877
Maui,0.007958,0.007958,0.003285,2.4225,1.0,0.007958
