Name,Estimated unvaccinated prevalence,Estimated vaccinated prevalence,Reported prevalence,Underreporting factor,Delay factor,Estimated prevalence
Entire state,0.004448,0.004448,0.001877,2.3705,1.0,0.004448
Hawaii,0.003936,0.003936,0.001682,2.3397,1.0,0.003936
Honolulu,0.004656,0.004656,0.001936,2.4048,1.0,0.004656
Kauai,0.003829,0.003829,0.001618,2.3658,1.0,0.003829
Maui,0.004491,0.004491,0.001893,2.3721,1.0,0.004491
