Name,Estimated unvaccinated prevalence,Estimated vaccinated prevalence,Reported prevalence,Underreporting factor,Delay factor,Estimated prevalence
Entire state,0.006965,0.006965,0.001533,2.2713,2.0,0.006965
Hawaii,0.00838,0.00838,0.001851,2.2637,2.0,0.00838
Honolulu,0.007382,0.007382,0.00163,2.2637,2.0,0.007382
Kauai,0.002083,0.002083,0.000927,2.248,1.0,0.002083
Maui,0.003006,0.003006,0.000866,2.2177,1.5652,0.003006
