Name,Estimated unvaccinated prevalence,Estimated vaccinated prevalence,Reported prevalence,Underreporting factor,Delay factor,Estimated prevalence
Entire state,0.002426,0.002426,0.001055,2.3004,1.0,0.002426
Kent,0.004569,0.004569,0.001632,2.2953,1.2199,0.004569
New Castle,0.002352,0.002352,0.001011,2.3263,1.0,0.002352
Sussex,0.003428,0.003428,0.001187,2.2626,1.2765,0.003428
