Name,Estimated unvaccinated prevalence,Estimated vaccinated prevalence,Reported prevalence,Underreporting factor,Delay factor,Estimated prevalence
Entire state,0.008052,0.006543,0.002248,2.4629,1.3063,0.007232
Kent,0.007505,0.006099,0.002174,2.4464,1.2605,0.006703
New Castle,0.009095,0.007391,0.002432,2.4852,1.307,0.0079
Sussex,0.006998,0.005686,0.001853,2.4116,1.3616,0.006084
