Name,Estimated unvaccinated prevalence,Estimated vaccinated prevalence,Reported prevalence,Underreporting factor,Delay factor,Estimated prevalence
Entire state,0.016798,0.003143,0.002964,2.492,1.1752,0.008679
Kent,0.019353,0.003621,0.003894,2.5568,1.2247,0.012194
New Castle,0.013516,0.002529,0.002459,2.4481,1.1765,0.007083
Sussex,0.019066,0.003567,0.003445,2.5594,1.1336,0.009996
