Name,Population,Cases in past week,Reported prevalence,Underreporting factor,Delay factor,Estimated prevalence
Entire state,1415872,363,0.000257,2.3371,1.0,0.000601
Hawaii,201513,39,0.000198,2.2688,2.0,0.000901
Honolulu,974563,187,0.000193,2.3123,1.0054,0.000448
Kauai,72293,3,5.5e-05,2.085,1.5,0.000173
Maui,167417,134,0.000806,2.4798,1.0,0.002
