Name,Estimated unvaccinated prevalence,Estimated vaccinated prevalence,Reported prevalence,Underreporting factor,Delay factor,Estimated prevalence
Entire state,0.009155,0.009155,0.003701,2.4738,1.0,0.009155
Hawaii,0.006911,0.006911,0.002873,2.4052,1.0,0.006911
Honolulu,0.009766,0.009766,0.003883,2.5153,1.0,0.009766
Kauai,0.008911,0.008911,0.003527,2.5263,1.0,0.008911
Maui,0.00906,0.00906,0.003733,2.4268,1.0,0.00906
