Name,Estimated unvaccinated prevalence,Estimated vaccinated prevalence,Reported prevalence,Underreporting factor,Delay factor,Estimated prevalence
Entire state,0.001574,0.00074,0.000462,2.1828,1.0,0.001008
Hawaii,0.00124,0.000583,0.000362,2.2407,1.0,0.000812
Honolulu,0.001198,0.000563,0.00035,2.1565,1.0,0.000755
Kauai,0.007715,0.003626,0.001715,2.3337,1.268,0.005076
Maui,0.002366,0.001112,0.000711,2.2542,1.0,0.001602
