Name,Estimated unvaccinated prevalence,Estimated vaccinated prevalence,Reported prevalence,Underreporting factor,Delay factor,Estimated prevalence
Entire state,0.006725,0.005465,0.002108,2.4649,1.1619,0.006038
Kent,0.006463,0.005252,0.002019,2.4512,1.1667,0.005774
New Castle,0.007748,0.006296,0.002314,2.4809,1.1724,0.006731
Sussex,0.005072,0.004121,0.001657,2.4011,1.1089,0.004411
