Name,Estimated unvaccinated prevalence,Estimated vaccinated prevalence,Reported prevalence,Underreporting factor,Delay factor,Estimated prevalence
Entire state,0.001583,0.001583,0.000699,2.2633,1.0,0.001583
Hawaii,0.001202,0.001202,0.000541,2.2229,1.0,0.001202
Honolulu,0.001723,0.001723,0.000756,2.2789,1.0,0.001723
Kauai,0.001166,0.001166,0.000512,2.2789,1.0,0.001166
Maui,0.00152,0.00152,0.000657,2.1862,1.0583,0.00152
