Name,Estimated unvaccinated prevalence,Estimated vaccinated prevalence,Reported prevalence,Underreporting factor,Delay factor,Estimated prevalence
Entire state,0.035188,0.006568,0.004929,2.4791,1.1421,0.013956
Kent,0.036145,0.006746,0.006649,2.5256,1.2205,0.020495
New Castle,0.02543,0.004746,0.004286,2.4563,1.0967,0.011546
Sussex,0.030977,0.005782,0.004837,2.4724,1.1853,0.014176
