Name,Population,Cases in past week,Reported prevalence,Underreporting factor,Delay factor,Estimated prevalence
Entire state,1415872,880,0.000622,2.5236,1.3643,0.002142
Hawaii,201513,74,0.000372,2.5236,1.0,0.000939
Honolulu,974563,666,0.000684,2.5236,1.4353,0.002479
Kauai,72293,12,0.00018,2.5236,1.7143,0.000778
Maui,167417,128,0.000771,2.5236,1.3617,0.002648
