Name,Estimated unvaccinated prevalence,Estimated vaccinated prevalence,Reported prevalence,Underreporting factor,Delay factor,Estimated prevalence
Entire state,0.001321,0.001321,0.000593,2.2293,1.0,0.001321
Hawaii,0.001089,0.001089,0.000486,2.2401,1.0,0.001089
Honolulu,0.001318,0.001318,0.000592,2.2255,1.0,0.001318
Kauai,0.001939,0.001939,0.000858,2.2604,1.0,0.001939
Maui,0.001426,0.001426,0.000627,2.2731,1.0,0.001426
