Name,Estimated unvaccinated prevalence,Estimated vaccinated prevalence,Reported prevalence,Underreporting factor,Delay factor,Estimated prevalence
Entire state,0.025982,0.004706,0.004371,2.5053,1.2413,0.013594
Hawaii,0.02758,0.004995,0.004858,2.5535,1.0831,0.013436
Honolulu,0.03468,0.006281,0.004457,2.537,1.3576,0.015352
Kauai,0.022527,0.00408,0.003361,2.4027,1.3444,0.010858
Maui,0.017829,0.003229,0.003739,2.4683,1.0,0.009229
