Name,Estimated unvaccinated prevalence,Estimated vaccinated prevalence,Reported prevalence,Underreporting factor,Delay factor,Estimated prevalence
Entire state,0.001677,0.001677,0.000737,2.2745,1.0,0.001677
Hawaii,0.001565,0.001565,0.000705,2.2216,1.0,0.001565
Honolulu,0.001701,0.001701,0.000742,2.2924,1.0,0.001701
Kauai,0.001523,0.001523,0.000664,2.2938,1.0,0.001523
Maui,0.001835,0.001835,0.0008,2.2924,1.0,0.001835
