Name,Estimated unvaccinated prevalence,Estimated vaccinated prevalence,Reported prevalence,Underreporting factor,Delay factor,Estimated prevalence
Entire state,0.016383,0.003064,0.003328,2.4698,1.0037,0.008251
Kent,0.017612,0.003294,0.004082,2.5147,1.0604,0.010886
New Castle,0.012962,0.002424,0.002749,2.4235,1.0,0.006662
Sussex,0.02092,0.003912,0.004005,2.5147,1.0684,0.01076
