Name,Estimated unvaccinated prevalence,Estimated vaccinated prevalence,Reported prevalence,Underreporting factor,Delay factor,Estimated prevalence
Entire state,0.002428,0.002428,0.000919,2.313,1.1424,0.002428
Hawaii,0.002962,0.002962,0.000799,2.4797,1.4953,0.002962
Honolulu,0.002377,0.002377,0.000967,2.308,1.0657,0.002377
Kauai,0.00256,0.00256,0.000775,2.223,1.4865,0.00256
Maui,0.002482,0.002482,0.000866,2.2086,1.2973,0.002482
