Name,Population,Cases in past week,Reported prevalence,Underreporting factor,Delay factor,Estimated prevalence
Entire state,973764,2072,0.002129,2.5601,1.3943,0.007599
Kent,180786,185,0.001029,2.5452,1.0,0.002619
New Castle,558753,1668,0.002987,2.5709,1.6241,0.012472
Sussex,234225,214,0.000918,2.5182,1.0,0.002312
