Name,Estimated unvaccinated prevalence,Estimated vaccinated prevalence,Reported prevalence,Underreporting factor,Delay factor,Estimated prevalence
Entire state,0.003758,0.003758,0.001343,2.3631,1.1839,0.003758
Kent,0.003116,0.003116,0.0013,2.3763,1.0086,0.003116
New Castle,0.003262,0.003262,0.001136,2.368,1.2122,0.003262
Sussex,0.005713,0.005713,0.0019,2.357,1.2759,0.005713
