Name,Population,Cases in past week,Reported prevalence,Underreporting factor,Delay factor,Estimated prevalence
Entire state,1415872,545,0.000386,2.3404,1.2275,0.001108
Hawaii,201513,48,0.000243,2.295,1.0,0.000558
Honolulu,974563,297,0.000306,2.3529,1.2172,0.000876
Kauai,72293,0,1.4e-05,2.1239,1.0,2.9e-05
Maui,167417,200,0.001201,2.4682,1.4925,0.004423
