Name,Estimated unvaccinated prevalence,Estimated vaccinated prevalence,Reported prevalence,Underreporting factor,Delay factor,Estimated prevalence
Entire state,0.009138,0.009138,0.003701,2.4692,1.0,0.009138
Hawaii,0.006858,0.006858,0.002873,2.3869,1.0,0.006858
Honolulu,0.009725,0.009725,0.003883,2.5046,1.0,0.009725
Kauai,0.008844,0.008844,0.003527,2.5072,1.0,0.008844
Maui,0.009047,0.009047,0.003733,2.4233,1.0,0.009047
