Name,Estimated unvaccinated prevalence,Estimated vaccinated prevalence,Reported prevalence,Underreporting factor,Delay factor,Estimated prevalence
Entire state,0.019858,0.003596,0.003732,2.5217,1.1059,0.010408
Hawaii,0.025829,0.004678,0.004595,2.5416,1.0895,0.012725
Honolulu,0.023405,0.004239,0.003624,2.5609,1.1306,0.010494
Kauai,0.018151,0.003287,0.003016,2.3928,1.2191,0.008796
Maui,0.01731,0.003135,0.00365,2.4731,1.0,0.009026
