Name,Population,Cases in past week,Reported prevalence,Underreporting factor,Delay factor,Estimated prevalence
Entire state,705749,373,0.000529933446593619,6,1.0,0.0031796006795617136
District of Columbia,705749,373,0.000529933446593619,6,1.0,0.0031796006795617136
