Name,Estimated unvaccinated prevalence,Estimated vaccinated prevalence,Reported prevalence,Underreporting factor,Delay factor,Estimated prevalence
Entire state,0.023928,0.011246,0.003266,2.3465,2.0,0.015327
Hawaii,0.005912,0.002779,0.000873,2.2792,1.9444,0.003871
Honolulu,0.032469,0.01526,0.004234,2.4156,2.0,0.020454
Kauai,0.007721,0.003629,0.001411,2.2103,1.629,0.00508
Maui,0.008805,0.004139,0.001332,2.2385,2.0,0.005963
