Name,Population,Cases in past week,Reported prevalence,Underreporting factor,Delay factor,Estimated prevalence
Entire state,973764,5548,0.005699,2.6897,1.1903,0.018244
Kent,180786,1044,0.00578,2.6897,1.0763,0.016733
New Castle,558753,3384,0.006058,2.6897,1.1601,0.018903
Sussex,234225,1121,0.00479,2.6897,1.4226,0.018329
