Name,Estimated unvaccinated prevalence,Estimated vaccinated prevalence,Reported prevalence,Underreporting factor,Delay factor,Estimated prevalence
Entire state,0.008068,0.006556,0.002248,2.4677,1.3063,0.007246
Kent,0.007516,0.006108,0.002174,2.4501,1.2605,0.006713
New Castle,0.009126,0.007416,0.002432,2.4936,1.307,0.007927
Sussex,0.006996,0.005685,0.001853,2.4111,1.3616,0.006083
