Name,Estimated unvaccinated prevalence,Estimated vaccinated prevalence,Reported prevalence,Underreporting factor,Delay factor,Estimated prevalence
Entire state,0.025791,0.004671,0.004278,2.5217,1.2531,0.013518
Hawaii,0.028677,0.005193,0.004873,2.5416,1.1407,0.014128
Honolulu,0.032158,0.005824,0.004284,2.5609,1.3142,0.014418
Kauai,0.022413,0.004059,0.003264,2.3928,1.3905,0.010862
Maui,0.02004,0.003629,0.003984,2.4731,1.0605,0.010449
