Name,Estimated unvaccinated prevalence,Estimated vaccinated prevalence,Reported prevalence,Underreporting factor,Delay factor,Estimated prevalence
Entire state,0.002113,0.002113,0.000928,2.2772,1.0,0.002113
Hawaii,0.002238,0.002238,0.000983,2.2772,1.0,0.002238
Honolulu,0.002052,0.002052,0.000901,2.2772,1.0,0.002052
Kauai,0.003248,0.003248,0.001148,2.2772,1.2424,0.003248
Maui,0.002343,0.002343,0.000944,2.2772,1.0903,0.002343
