Name,Estimated unvaccinated prevalence,Estimated vaccinated prevalence,Reported prevalence,Underreporting factor,Delay factor,Estimated prevalence
Entire state,0.007399,0.007399,0.002998,2.4498,1.0074,0.007399
Hawaii,0.006698,0.006698,0.002675,2.4158,1.0366,0.006698
Honolulu,0.00821,0.00821,0.003178,2.4776,1.0428,0.00821
Kauai,0.006126,0.006126,0.002545,2.4069,1.0,0.006126
Maui,0.006263,0.006263,0.002556,2.4498,1.0,0.006263
