Name,Estimated unvaccinated prevalence,Estimated vaccinated prevalence,Reported prevalence,Underreporting factor,Delay factor,Estimated prevalence
Entire state,0.014295,0.011618,0.003586,2.4932,1.4319,0.012802
Kent,0.016229,0.01319,0.003767,2.5103,1.535,0.014515
New Castle,0.016799,0.013653,0.00378,2.5117,1.5398,0.014618
Sussex,0.008983,0.007301,0.00289,2.4555,1.1028,0.007827
