Name,Estimated unvaccinated prevalence,Estimated vaccinated prevalence,Reported prevalence,Underreporting factor,Delay factor,Estimated prevalence
Entire state,0.004487,0.004487,0.001456,2.2657,1.3599,0.004487
Kent,0.004354,0.004354,0.00151,2.2899,1.2593,0.004354
New Castle,0.006395,0.006395,0.001591,2.3085,1.7412,0.006395
Sussex,0.002547,0.002547,0.001123,2.2686,1.0,0.002547
