Name,Estimated unvaccinated prevalence,Estimated vaccinated prevalence,Reported prevalence,Underreporting factor,Delay factor,Estimated prevalence
Entire state,0.013412,0.013412,0.00399,2.4721,1.3596,0.013412
Hawaii,0.010975,0.010975,0.003568,2.4205,1.2708,0.010975
Honolulu,0.013383,0.013383,0.003953,2.5101,1.3489,0.013383
Kauai,0.023305,0.023305,0.005422,2.5611,1.6781,0.023305
Maui,0.013759,0.013759,0.004121,2.4323,1.3725,0.013759
