Name,Estimated unvaccinated prevalence,Estimated vaccinated prevalence,Reported prevalence,Underreporting factor,Delay factor,Estimated prevalence
Entire state,0.007158,0.005817,0.002417,2.4743,1.0754,0.006432
Kent,0.007866,0.006392,0.002489,2.4638,1.1454,0.007024
New Castle,0.007589,0.006167,0.002534,2.4958,1.042,0.00659
Sussex,0.006369,0.005176,0.002054,2.4322,1.1085,0.005537
