Name,Estimated unvaccinated prevalence,Estimated vaccinated prevalence,Reported prevalence,Underreporting factor,Delay factor,Estimated prevalence
Entire state,0.001655,0.001655,0.00073,2.2661,1.0,0.001655
Hawaii,0.001361,0.001361,0.0006,2.2661,1.0,0.001361
Honolulu,0.001982,0.001982,0.000805,2.2661,1.0859,0.001982
Kauai,0.002129,0.002129,0.000788,2.2661,1.1915,0.002129
Maui,0.001002,0.001002,0.000442,2.2661,1.0,0.001002
