Name,Estimated unvaccinated prevalence,Estimated vaccinated prevalence,Reported prevalence,Underreporting factor,Delay factor,Estimated prevalence
Entire state,0.009218,0.009218,0.003701,2.4906,1.0,0.009218
Hawaii,0.006948,0.006948,0.002873,2.418,1.0,0.006948
Honolulu,0.00977,0.00977,0.003883,2.5164,1.0,0.00977
Kauai,0.008945,0.008945,0.003527,2.536,1.0,0.008945
Maui,0.009186,0.009186,0.003733,2.4607,1.0,0.009186
