Name,Estimated unvaccinated prevalence,Estimated vaccinated prevalence,Reported prevalence,Underreporting factor,Delay factor,Estimated prevalence
Entire state,0.009176,0.009176,0.003701,2.4794,1.0,0.009176
Hawaii,0.006915,0.006915,0.002873,2.4066,1.0,0.006915
Honolulu,0.009778,0.009778,0.003883,2.5183,1.0,0.009778
Kauai,0.008922,0.008922,0.003527,2.5294,1.0,0.008922
Maui,0.009131,0.009131,0.003733,2.4459,1.0,0.009131
