Name,Estimated unvaccinated prevalence,Estimated vaccinated prevalence,Reported prevalence,Underreporting factor,Delay factor,Estimated prevalence
Entire state,0.026719,0.004839,0.00438,2.515,1.2702,0.013991
Hawaii,0.03001,0.005435,0.005032,2.549,1.1421,0.014648
Honolulu,0.034192,0.006192,0.004396,2.5463,1.3558,0.015175
Kauai,0.023474,0.004251,0.003417,2.3997,1.382,0.011331
Maui,0.01881,0.003407,0.003936,2.4723,1.0015,0.009746
