Name,Estimated unvaccinated prevalence,Estimated vaccinated prevalence,Reported prevalence,Underreporting factor,Delay factor,Estimated prevalence
Entire state,0.009607,0.007807,0.001815,2.3823,2.0,0.008646
Kent,0.008371,0.006802,0.001897,2.3477,1.6765,0.007467
New Castle,0.010449,0.00849,0.001874,2.418,2.0,0.009062
Sussex,0.008088,0.006572,0.001584,2.3364,1.8974,0.007022
