Name,Estimated unvaccinated prevalence,Estimated vaccinated prevalence,Reported prevalence,Underreporting factor,Delay factor,Estimated prevalence
Entire state,0.0016,0.0016,0.000699,2.288,1.0,0.0016
Hawaii,0.001205,0.001205,0.000541,2.2284,1.0,0.001205
Honolulu,0.001751,0.001751,0.000756,2.3157,1.0,0.001751
Kauai,0.001121,0.001121,0.000512,2.1906,1.0,0.001121
Maui,0.00156,0.00156,0.000657,2.2442,1.0583,0.00156
