Name,Population,Cases in past week,Reported prevalence,Underreporting factor,Delay factor,Estimated prevalence
Entire state,1415872,345,0.000244,2.2878,1.1424,0.000639
Hawaii,201513,58,0.000293,2.3175,1.5676,0.001064
Honolulu,974563,232,0.000239,2.3118,1.0995,0.000608
Kauai,72293,23,0.000332,2.3,1.0,0.000764
Maui,167417,32,0.000197,2.2245,1.4545,0.000638
