Name,Population,Cases in past week,Reported prevalence,Underreporting factor,Delay factor,Estimated prevalence
Entire state,1415872,237,0.000168,2.2527,1.0,0.000379
Hawaii,201513,37,0.000189,2.26,1.0,0.000426
Honolulu,974563,166,0.000171,2.2527,1.1608,0.000448
Kauai,72293,10,0.000152,2.2123,1.0,0.000337
Maui,167417,24,0.000149,2.2527,1.0,0.000336
