Name,Estimated unvaccinated prevalence,Estimated vaccinated prevalence,Reported prevalence,Underreporting factor,Delay factor,Estimated prevalence
Entire state,0.008049,0.006541,0.002248,2.462,1.3063,0.00723
Kent,0.007524,0.006114,0.002174,2.4525,1.2605,0.00672
New Castle,0.009079,0.007377,0.002432,2.4806,1.307,0.007886
Sussex,0.006999,0.005688,0.001853,2.412,1.3616,0.006086
