Name,Estimated unvaccinated prevalence,Estimated vaccinated prevalence,Reported prevalence,Underreporting factor,Delay factor,Estimated prevalence
Entire state,0.075437,0.035456,0.009975,2.5504,1.8994,0.048319
Hawaii,0.031219,0.014673,0.004332,2.3591,2.0,0.02044
Honolulu,0.081922,0.038503,0.011741,2.5334,1.7351,0.051607
Kauai,0.047826,0.022478,0.006653,2.3647,2.0,0.031467
Maui,0.055479,0.026075,0.007944,2.3647,2.0,0.037572
