Name,Population,Cases in past week,Reported prevalence,Underreporting factor,Delay factor,Estimated prevalence
Entire state,1415872,547,0.0003870406364417122,6,1.0,0.0023222438186502733
Hawaii,201513,106,0.0005309831127520309,6,1.0,0.003185898676512185
Honolulu,974563,426,0.0004381450968280142,6,1.0,0.0026288705809680854
Kauai,72293,1,2.766519580042328e-05,6,1.0,0.00016599117480253967
Maui,167417,14,8.959663594497572e-05,6,7.0,0.00376305870968898
