Name,Estimated unvaccinated prevalence,Estimated vaccinated prevalence,Reported prevalence,Underreporting factor,Delay factor,Estimated prevalence
Entire state,0.027831,0.013081,0.003744,2.3807,2.0,0.017827
Hawaii,0.006621,0.003112,0.000953,2.275,2.0,0.004335
Honolulu,0.038242,0.017974,0.004886,2.4651,2.0,0.024091
Kauai,0.006272,0.002948,0.001328,2.2899,1.3571,0.004127
Maui,0.010123,0.004758,0.001517,2.2862,1.9766,0.006856
