Name,Population,Cases in past week,Reported prevalence,Underreporting factor,Delay factor,Estimated prevalence
Entire state,705749,1297,0.0018391807852366777,6,1.104770017035775,0.012191230724626767
District of Columbia,705749,1297,0.0018391807852366777,6,1.104770017035775,0.012191230724626767
