Name,Estimated unvaccinated prevalence,Estimated vaccinated prevalence,Reported prevalence,Underreporting factor,Delay factor,Estimated prevalence
Entire state,0.001922,0.001922,0.000804,2.2889,1.044,0.001922
Hawaii,0.001473,0.001473,0.000536,2.3636,1.163,0.001473
Honolulu,0.002203,0.002203,0.000907,2.2861,1.0626,0.002203
Kauai,0.001151,0.001151,0.000526,2.1903,1.0,0.001151
Maui,0.002194,0.002194,0.000669,2.1861,1.5,0.002194
