Name,Population,Cases in past week,Reported prevalence,Underreporting factor,Delay factor,Estimated prevalence
Entire state,1415872,242,0.000172,2.249,1.0,0.000386
Hawaii,201513,69,0.000347,2.249,1.0,0.000781
Honolulu,974563,130,0.000134,2.2329,1.0,0.0003
Kauai,72293,6,9.7e-05,2.1969,1.0,0.000213
Maui,167417,37,0.000227,2.2244,1.0,0.000505
