Name,Estimated unvaccinated prevalence,Estimated vaccinated prevalence,Reported prevalence,Underreporting factor,Delay factor,Estimated prevalence
Entire state,0.014448,0.002621,0.002984,2.4649,1.0,0.007355
Hawaii,0.016978,0.00308,0.003305,2.477,1.0,0.008186
Honolulu,0.016966,0.003078,0.002974,2.5002,1.0,0.007435
Kauai,0.015934,0.002891,0.003181,2.3991,1.0,0.007633
Maui,0.011992,0.002176,0.002592,2.3808,1.0,0.006172
