Name,Estimated unvaccinated prevalence,Estimated vaccinated prevalence,Reported prevalence,Underreporting factor,Delay factor,Estimated prevalence
Entire state,0.063095,0.051299,0.019295,2.7506,1.054,0.05594
Kent,0.060687,0.049341,0.018431,2.788,1.0666,0.054807
New Castle,0.073448,0.059716,0.021373,2.7373,1.1033,0.064545
Sussex,0.046343,0.037679,0.014768,2.7611,1.0,0.040775
