Name,Estimated unvaccinated prevalence,Estimated vaccinated prevalence,Reported prevalence,Underreporting factor,Delay factor,Estimated prevalence
Entire state,0.000981,0.000981,0.00044,2.229,1.0,0.000981
Hawaii,0.000756,0.000756,0.000337,2.2398,1.0,0.000756
Honolulu,0.001,0.001,0.000449,2.2252,1.0,0.001
Kauai,0.001251,0.001251,0.000553,2.2601,1.0,0.001251
Maui,0.001086,0.001086,0.000478,2.2728,1.0,0.001086
