Name,Estimated unvaccinated prevalence,Estimated vaccinated prevalence,Reported prevalence,Underreporting factor,Delay factor,Estimated prevalence
Entire state,0.006912,0.006912,0.002812,2.4584,1.0,0.006912
Hawaii,0.006537,0.006537,0.002695,2.4082,1.0074,0.006537
Honolulu,0.006922,0.006922,0.002791,2.4803,1.0,0.006922
Kauai,0.006032,0.006032,0.002448,2.4636,1.0,0.006032
Maui,0.010264,0.010264,0.003249,2.484,1.2717,0.010264
