Name,Estimated unvaccinated prevalence,Estimated vaccinated prevalence,Reported prevalence,Underreporting factor,Delay factor,Estimated prevalence
Entire state,0.070073,0.070073,0.018484,2.674,1.4177,0.070073
Hawaii,0.048414,0.048414,0.011309,2.6986,1.5864,0.048414
Honolulu,0.065649,0.065649,0.018996,2.7056,1.2773,0.065649
Kauai,0.084687,0.084687,0.017803,2.6042,1.8267,0.084687
Maui,0.131664,0.131664,0.02446,2.6914,2.0,0.131664
