Name,Estimated unvaccinated prevalence,Estimated vaccinated prevalence,Reported prevalence,Underreporting factor,Delay factor,Estimated prevalence
Entire state,0.03125,0.005835,0.004316,2.4634,1.1954,0.012711
Kent,0.029303,0.005472,0.005448,2.4818,1.2362,0.016715
New Castle,0.023007,0.004296,0.003909,2.4443,1.1076,0.010582
Sussex,0.027777,0.005187,0.004082,2.461,1.2767,0.012825
