Name,Estimated unvaccinated prevalence,Estimated vaccinated prevalence,Reported prevalence,Underreporting factor,Delay factor,Estimated prevalence
Entire state,0.002502,0.002502,0.000912,2.2778,1.2045,0.002502
Hawaii,0.001647,0.001647,0.000739,2.2281,1.0,0.001647
Honolulu,0.002484,0.002484,0.000879,2.3003,1.2281,0.002484
Kauai,0.002538,0.002538,0.001093,2.3225,1.0,0.002538
Maui,0.004029,0.004029,0.001248,2.2809,1.415,0.004029
