Name,Estimated unvaccinated prevalence,Estimated vaccinated prevalence,Reported prevalence,Underreporting factor,Delay factor,Estimated prevalence
Entire state,0.006449,0.005241,0.002058,2.4655,1.1413,0.005791
Kent,0.005742,0.004666,0.001897,2.4503,1.1032,0.005129
New Castle,0.007638,0.006207,0.002276,2.4905,1.1703,0.006635
Sussex,0.004857,0.003947,0.001631,2.4062,1.0763,0.004224
