Name,Estimated unvaccinated prevalence,Estimated vaccinated prevalence,Reported prevalence,Underreporting factor,Delay factor,Estimated prevalence
Entire state,0.000292,0.000292,0.000131,2.2244,1.0,0.000292
Hawaii,0.000165,0.000165,7.4e-05,2.2128,1.0,0.000165
Honolulu,0.00032,0.00032,0.000144,2.2281,1.0,0.00032
Kauai,0.000247,0.000247,0.000111,2.2353,1.0,0.000247
Maui,0.00035,0.00035,0.000155,2.2558,1.0,0.00035
