Name,Population,Cases in past week,Reported prevalence,Underreporting factor,Delay factor,Estimated prevalence
Entire state,1415872,309,0.000219,2.2093,1.0,0.000484
Hawaii,201513,91,0.000457,2.2525,1.1519,0.001185
Honolulu,974563,147,0.000152,2.2187,1.0,0.000337
Kauai,72293,12,0.00018,2.1894,2.0,0.000787
Maui,167417,59,0.000358,2.2678,1.0,0.000813
