Name,Estimated unvaccinated prevalence,Estimated vaccinated prevalence,Reported prevalence,Underreporting factor,Delay factor,Estimated prevalence
Entire state,0.00173,0.00173,0.000757,2.2851,1.0,0.00173
Hawaii,0.00177,0.00177,0.000739,2.2321,1.0725,0.00177
Honolulu,0.001641,0.001641,0.000716,2.2912,1.0,0.001641
Kauai,0.002557,0.002557,0.001107,2.3103,1.0,0.002557
Maui,0.002119,0.002119,0.000884,2.2987,1.0426,0.002119
