Name,Estimated unvaccinated prevalence,Estimated vaccinated prevalence,Reported prevalence,Underreporting factor,Delay factor,Estimated prevalence
Entire state,0.00532,0.004323,0.00182,2.4391,1.0759,0.004776
Kent,0.004876,0.003962,0.001753,2.4056,1.0327,0.004356
New Castle,0.00606,0.004925,0.001942,2.4716,1.0972,0.005266
Sussex,0.00464,0.003771,0.001567,2.3928,1.0765,0.004036
