Name,Estimated unvaccinated prevalence,Estimated vaccinated prevalence,Reported prevalence,Underreporting factor,Delay factor,Estimated prevalence
Entire state,0.005042,0.005042,0.001211,3.217,1.2945,0.005042
Kent,0.005747,0.005747,0.001316,3.1682,1.3779,0.005747
New Castle,0.004474,0.004474,0.001126,3.2529,1.2218,0.004474
Sussex,0.005789,0.005789,0.001319,3.1346,1.4,0.005789
