Name,Estimated unvaccinated prevalence,Estimated vaccinated prevalence,Reported prevalence,Underreporting factor,Delay factor,Estimated prevalence
Entire state,0.000429,0.000429,0.000193,2.2246,1.0,0.000429
Hawaii,0.000351,0.000351,0.000159,2.2131,1.0,0.000351
Honolulu,0.000441,0.000441,0.000198,2.2284,1.0,0.000441
Kauai,0.000495,0.000495,0.000221,2.2356,1.0,0.000495
Maui,0.000472,0.000472,0.000209,2.2561,1.0,0.000472
