Name,Estimated unvaccinated prevalence,Estimated vaccinated prevalence,Reported prevalence,Underreporting factor,Delay factor,Estimated prevalence
Entire state,0.006853,0.006853,0.002812,2.4372,1.0,0.006853
Hawaii,0.00646,0.00646,0.002695,2.3798,1.0074,0.00646
Honolulu,0.006859,0.006859,0.002791,2.4574,1.0,0.006859
Kauai,0.005981,0.005981,0.002448,2.4427,1.0,0.005981
Maui,0.010234,0.010234,0.003249,2.4767,1.2717,0.010234
