Name,Estimated unvaccinated prevalence,Estimated vaccinated prevalence,Reported prevalence,Underreporting factor,Delay factor,Estimated prevalence
Entire state,0.005701,0.005701,0.000907,3.1431,2.0,0.005701
Androscoggin,0.008143,0.008143,0.001284,3.1715,2.0,0.008143
Aroostook,0.00787,0.00787,0.001238,3.1789,2.0,0.00787
Cumberland,0.005156,0.005156,0.000824,3.1294,2.0,0.005156
Franklin,0.003542,0.003542,0.000563,3.1458,2.0,0.003542
Hancock,0.004207,0.004207,0.000746,3.1033,1.8182,0.004207
Kennebec,0.00653,0.00653,0.00103,3.169,2.0,0.00653
Knox,0.003576,0.003576,0.000754,3.1063,1.5263,0.003576
Lincoln,0.001049,0.001049,0.000346,3.0279,1.0,0.001049
Oxford,0.004191,0.004191,0.000673,3.1151,2.0,0.004191
Penobscot,0.007657,0.007657,0.001216,3.1484,2.0,0.007657
Piscataquis,0.004154,0.004154,0.000953,3.1957,1.3636,0.004154
Sagadahoc,0.004641,0.004641,0.000725,3.2004,2.0,0.004641
Somerset,0.010387,0.010387,0.001644,3.1589,2.0,0.010387
Waldo,0.00449,0.00449,0.00073,3.0748,2.0,0.00449
Washington,0.004174,0.004174,0.001084,3.2689,1.1786,0.004174
York,0.003593,0.003593,0.000636,3.1063,1.8194,0.003593
