Name,Estimated unvaccinated prevalence,Estimated vaccinated prevalence,Reported prevalence,Underreporting factor,Delay factor,Estimated prevalence
Entire state,0.005647,0.005647,0.001093,3.23,1.5992,0.005647
Allegany,0.004173,0.004173,0.001065,3.23,1.2131,0.004173
Anne Arundel,0.005078,0.005078,0.000936,3.23,1.6801,0.005078
Baltimore,0.004575,0.004575,0.0009,3.23,1.5729,0.004575
Calvert,0.003587,0.003587,0.000757,3.23,1.4681,0.003587
Caroline,0.003558,0.003558,0.000718,3.23,1.5333,0.003558
Carroll,0.002279,0.002279,0.000552,3.23,1.2778,0.002279
Cecil,0.002073,0.002073,0.000642,3.23,1.0,0.002073
Charles,0.007429,0.007429,0.001292,3.23,1.7797,0.007429
Dorchester,0.008498,0.008498,0.001315,3.23,2.0,0.008498
Frederick,0.004493,0.004493,0.000902,3.23,1.543,0.004493
Garrett,0.002707,0.002707,0.000758,3.23,1.1053,0.002707
Harford,0.003751,0.003751,0.00085,3.23,1.3671,0.003751
Howard,0.005963,0.005963,0.00109,3.23,1.6938,0.005963
Kent,0.005026,0.005026,0.000875,3.23,1.7778,0.005026
Montgomery,0.007059,0.007059,0.001332,3.23,1.6401,0.007059
Prince George's,0.008259,0.008259,0.001396,3.23,1.8324,0.008259
Queen Anne's,0.003431,0.003431,0.000893,3.23,1.1892,0.003431
St. Mary's,0.006638,0.006638,0.001154,3.23,1.7808,0.006638
Somerset,0.004356,0.004356,0.000781,3.23,1.7273,0.004356
Talbot,0.002693,0.002693,0.000834,3.23,1.0,0.002693
Washington,0.004533,0.004533,0.000702,3.23,2.0,0.004533
Wicomico,0.006452,0.006452,0.001071,3.23,1.8644,0.006452
Worcester,0.002132,0.002132,0.000459,3.23,1.4375,0.002132
Baltimore City,0.006088,0.006088,0.001318,3.23,1.4304,0.006088
