Name,Estimated unvaccinated prevalence,Estimated vaccinated prevalence,Reported prevalence,Underreporting factor,Delay factor,Estimated prevalence
Entire state,0.012783,0.002478,0.002443,2.328,1.0,0.005688
Androscoggin,0.008549,0.001657,0.001875,2.3445,1.0,0.004395
Aroostook,0.020979,0.004067,0.003281,2.3563,1.3949,0.010784
Cumberland,0.007615,0.001476,0.001288,2.2626,1.0,0.002915
Franklin,0.006002,0.001163,0.001358,2.4202,1.0,0.003286
Hancock,0.028915,0.005605,0.003146,2.4457,1.6863,0.012975
Kennebec,0.009774,0.001895,0.002159,2.2464,1.0,0.004849
Knox,0.018399,0.003567,0.002238,2.3563,1.3968,0.007365
Lincoln,0.016087,0.003118,0.002772,2.3824,1.0215,0.006746
Oxford,0.023271,0.004511,0.003001,2.4332,1.6635,0.012148
Penobscot,0.023859,0.004625,0.004818,2.4639,1.0,0.01187
Piscataquis,0.032083,0.006219,0.006256,2.4757,1.1429,0.017699
Sagadahoc,0.007853,0.001522,0.001171,2.2519,1.3226,0.003489
Somerset,0.020932,0.004058,0.004675,2.5383,1.0,0.011866
Waldo,0.013797,0.002675,0.00282,2.4001,1.0,0.006768
Washington,0.012311,0.002386,0.002518,2.4332,1.0,0.006126
York,0.010058,0.00195,0.001806,2.3966,1.0,0.004328
