Name,Estimated unvaccinated prevalence,Estimated vaccinated prevalence,Reported prevalence,Underreporting factor,Delay factor,Estimated prevalence
Entire state,0.004503,0.00365,0.0019,2.3677,1.0,0.0045
Allegany,0.00488,0.003956,0.00186,2.3449,1.0,0.004362
Anne Arundel,0.005016,0.004066,0.001776,2.4095,1.0,0.00428
Baltimore,0.003959,0.003209,0.001453,2.3469,1.0,0.00341
Calvert,0.003457,0.002803,0.001232,2.4272,1.0,0.002991
Caroline,0.001859,0.001507,0.000718,2.3054,1.0,0.001656
Carroll,0.003624,0.002938,0.0013,2.4045,1.0,0.003126
Cecil,0.002962,0.002401,0.001069,2.4593,1.0,0.00263
Charles,0.008657,0.007018,0.002542,2.3488,1.2545,0.007491
Dorchester,0.010392,0.008424,0.002474,2.339,1.5918,0.009212
Frederick,0.005223,0.004234,0.00178,2.4078,1.036,0.00444
Garrett,0.005727,0.004642,0.001448,2.4382,1.4643,0.005168
Harford,0.003473,0.002815,0.001276,2.3584,1.0,0.00301
Howard,0.006883,0.00558,0.002284,2.4011,1.0494,0.005756
Kent,0.002636,0.002137,0.000978,2.3565,1.0,0.002305
Montgomery,0.007403,0.006001,0.002627,2.3621,1.0,0.006205
Prince George's,0.006233,0.005053,0.002066,2.3943,1.0793,0.00534
Queen Anne's,0.003981,0.003227,0.00135,2.3786,1.0806,0.003469
St. Mary's,0.004739,0.003842,0.001709,2.4209,1.0,0.004137
Somerset,0.003637,0.002948,0.001171,2.2267,1.2609,0.003288
Talbot,0.002855,0.002315,0.001049,2.339,1.0,0.002453
Washington,0.003124,0.002532,0.001165,2.375,1.0,0.002767
Wicomico,0.003815,0.003093,0.001399,2.4351,1.0,0.003408
Worcester,0.006691,0.005424,0.001779,2.468,1.3143,0.005771
Baltimore City,0.00535,0.004337,0.002042,2.2987,1.0,0.004694
