Name,Estimated unvaccinated prevalence,Estimated vaccinated prevalence,Reported prevalence,Underreporting factor,Delay factor,Estimated prevalence
Entire state,0.009089,0.001669,0.001705,2.2395,1.0,0.003818
Dukes and Nantucket,Unknown,Unknown,0.000522,2.2395,1.0,0.001169
Barnstable,Unknown,Unknown,0.001132,2.3048,1.0,0.002608
Berkshire,0.004578,0.000841,0.001177,2.2613,1.0,0.002661
Bristol,0.010763,0.001977,0.002408,2.3659,1.0,0.005697
Essex,0.009677,0.001777,0.001847,2.3136,1.0558,0.004511
Franklin,0.005673,0.001042,0.001254,2.2613,1.0,0.002836
Hampden,0.011488,0.00211,0.002571,2.3545,1.0,0.006053
Hampshire,0.006071,0.001115,0.00143,2.1734,1.0,0.003108
Middlesex,0.006141,0.001128,0.001173,2.1956,1.0,0.002575
Norfolk,0.004959,0.000911,0.000959,2.2155,1.0,0.002125
Plymouth,0.007226,0.001327,0.00155,2.3048,1.0,0.003573
Suffolk,0.006195,0.001138,0.001319,2.1885,1.0,0.002886
Worcester,0.010139,0.001862,0.002171,2.3092,1.0,0.005013
