Name,Estimated unvaccinated prevalence,Estimated vaccinated prevalence,Reported prevalence,Underreporting factor,Delay factor,Estimated prevalence
Entire state,0.003859,0.003128,0.001458,2.3724,1.0,0.003458
Allegany,0.019298,0.015643,0.004133,2.416,1.7262,0.017235
Anne Arundel,0.003533,0.002864,0.00126,2.3875,1.0,0.003009
Baltimore,0.003144,0.002548,0.001154,2.3419,1.0,0.002703
Calvert,0.00309,0.002505,0.001135,2.3519,1.0,0.002669
Caroline,0.00507,0.00411,0.001377,2.4035,1.3636,0.004513
Carroll,0.002846,0.002307,0.001039,2.3599,1.0,0.002452
Cecil,0.002635,0.002136,0.000972,2.4035,1.0,0.002337
Charles,0.00422,0.003421,0.001556,2.3419,1.0,0.003644
Dorchester,0.007561,0.006129,0.002286,2.3583,1.2414,0.006693
Frederick,0.003405,0.00276,0.001202,2.4035,1.0,0.002889
Garrett,0.006028,0.004886,0.001758,2.474,1.25,0.005436
Harford,0.002808,0.002276,0.001037,2.3419,1.0,0.00243
Howard,0.00413,0.003348,0.001452,2.3724,1.0,0.003445
Kent,0.003017,0.002446,0.001133,2.3265,1.0,0.002635
Montgomery,0.004557,0.003694,0.001613,2.3709,1.0,0.003825
Prince George's,0.004541,0.003681,0.001619,2.3977,1.0,0.003881
Queen Anne's,0.003352,0.002717,0.001231,2.3709,1.0,0.002918
St. Mary's,0.003752,0.003042,0.00141,2.323,1.0,0.003274
Somerset,0.014142,0.011464,0.002655,2.4063,2.0,0.012775
Talbot,0.005123,0.004153,0.001802,2.402,1.0154,0.004395
Washington,0.003379,0.002739,0.001278,2.3403,1.0,0.00299
Wicomico,0.01099,0.008909,0.002702,2.4188,1.5,0.009805
Worcester,0.003933,0.003188,0.001416,2.3934,1.0,0.003388
Baltimore City,0.004067,0.003297,0.001537,2.3176,1.0,0.003561
