Name,Population,Cases in past week,Reported prevalence,Underreporting factor,Delay factor,Estimated prevalence
Entire state,6892503,9597,0.0013925275041592293,6,1.1494789795185052,0.009604086566594412
Dukes and Nantucket,28731,39,0.0013922244265775644,6,1.1142857142857143,0.009308014737690003
Barnstable,212990,85,0.00040377482510916006,6,1.0365853658536586,0.002511282448849654
Berkshire,124944,37,0.00030413625304136254,6,1.0,0.0018248175182481751
Bristol,565217,1102,0.0019514628894743082,6,1.097609561752988,0.01285166596135869
Essex,789034,1504,0.0019073956255370491,6,1.1889328063241107,0.013606591403040578
Franklin,70180,17,0.00025648332858364207,6,1.0,0.0015388999715018523
Hampden,466372,796,0.0017089362140094173,6,1.119549929676512,0.011479436509295326
Hampshire,160830,96,0.0006031213082136418,6,1.7777777777777777,0.006433293954278845
Middlesex,1611699,1759,0.0010920153204785758,6,1.2943340691685064,0.008480595800096313
Norfolk,706775,580,0.0008220437904566517,6,1.213389121338912,0.005984753955625832
Plymouth,521202,506,0.00097275144761532,6,1.0,0.005836508685691921
Suffolk,803907,1326,0.0016506884502809406,6,1.0,0.009904130701685644
Worcester,830622,1072,0.0012918030102742283,6,1.3366583541147132,0.010360195713321491
