Name,Estimated unvaccinated prevalence,Estimated vaccinated prevalence,Reported prevalence,Underreporting factor,Delay factor,Estimated prevalence
Entire state,0.008289,0.006724,0.002615,2.3807,1.0,0.006225
Androscoggin,0.005789,0.004696,0.002189,2.2916,1.0,0.005016
Aroostook,0.010906,0.008847,0.003952,2.3969,1.0,0.009472
Cumberland,0.008043,0.006524,0.002827,2.3696,1.0,0.006699
Franklin,0.009617,0.007801,0.002715,2.3789,1.3065,0.008439
Hancock,0.007099,0.005758,0.002473,2.4496,1.0,0.006059
Kennebec,0.006003,0.00487,0.002216,2.3381,1.0,0.005181
Knox,0.00665,0.005394,0.002313,2.4141,1.0,0.005584
Lincoln,0.006778,0.005498,0.002339,2.36,1.039,0.005735
Oxford,0.007565,0.006137,0.002794,2.3542,1.0,0.006578
Penobscot,0.007923,0.006427,0.002872,2.3844,1.0,0.006848
Piscataquis,0.008169,0.006627,0.002443,2.36,1.25,0.007206
Sagadahoc,0.003965,0.003216,0.00145,2.319,1.0,0.003363
Somerset,0.00474,0.003845,0.001783,2.3462,1.0,0.004183
Waldo,0.00616,0.004997,0.002165,2.4573,1.0,0.005321
Washington,0.00399,0.003237,0.001434,2.3986,1.0,0.00344
York,0.008602,0.006977,0.00301,2.424,1.0,0.007296
