Name,Estimated unvaccinated prevalence,Estimated vaccinated prevalence,Reported prevalence,Underreporting factor,Delay factor,Estimated prevalence
Entire state,0.000893,0.000724,0.000365,2.1647,1.0,0.00079
Allegany,0.001978,0.001604,0.000781,2.2668,1.0,0.001771
Anne Arundel,0.001024,0.000831,0.000401,2.1887,1.0,0.000877
Baltimore,0.000631,0.000512,0.000254,2.1541,1.0,0.000547
Calvert,0.000943,0.000765,0.000367,2.2255,1.0,0.000818
Caroline,0.000879,0.000712,0.000359,2.1841,1.0,0.000785
Carroll,0.001371,0.001112,0.000522,2.2604,1.0,0.001181
Cecil,0.001373,0.001113,0.000544,2.2471,1.0,0.001223
Charles,0.001102,0.000894,0.000447,2.1426,1.0,0.000958
Dorchester,0.001391,0.001128,0.000532,2.1795,1.0667,0.001238
Frederick,0.001264,0.001025,0.000485,2.2293,1.0,0.001082
Garrett,0.002371,0.001923,0.000931,2.3109,1.0,0.00215
Harford,0.001105,0.000896,0.000438,2.1931,1.0,0.000962
Howard,0.000983,0.000797,0.000378,2.1841,1.0,0.000825
Kent,0.000515,0.000418,0.000206,2.1841,1.0,0.00045
Montgomery,0.001035,0.000839,0.000406,2.1366,1.0,0.000868
Prince George's,0.000695,0.000564,0.000278,2.1541,1.0,0.000599
Queen Anne's,0.000343,0.000278,0.000139,2.1595,1.0,0.0003
St. Mary's,0.001704,0.001382,0.000485,2.2255,1.3846,0.001493
Somerset,0.000453,0.000368,0.000195,2.1009,1.0,0.00041
Talbot,0.000546,0.000443,0.000215,2.1887,1.0,0.000471
Washington,0.001262,0.001024,0.000503,2.2293,1.0,0.001122
Wicomico,0.000851,0.00069,0.000338,2.2571,1.0,0.000762
Worcester,0.000245,0.000199,9.6e-05,2.2217,1.0,0.000213
Baltimore City,0.000769,0.000623,0.000322,2.1009,1.0,0.000676
