Name,Estimated unvaccinated prevalence,Estimated vaccinated prevalence,Reported prevalence,Underreporting factor,Delay factor,Estimated prevalence
Entire state,0.001969,0.001969,0.0008,2.2714,1.0838,0.001969
Allegany,0.002811,0.002811,0.001136,2.2546,1.0972,0.002811
Anne Arundel,0.001563,0.001563,0.000642,2.2565,1.0785,0.001563
Baltimore,0.001837,0.001837,0.000726,2.2507,1.1236,0.001837
Calvert,0.001037,0.001037,0.000465,2.2303,1.0,0.001037
Caroline,0.005736,0.005736,0.001287,2.2282,2.0,0.005736
Carroll,0.001249,0.001249,0.000552,2.2622,1.0,0.001249
Cecil,0.001298,0.001298,0.000574,2.2622,1.0,0.001298
Charles,0.002268,0.002268,0.000833,2.2584,1.2054,0.002268
Dorchester,0.001847,0.001847,0.00072,2.2149,1.1579,0.001847
Frederick,0.001972,0.001972,0.000678,2.2768,1.2774,0.001972
Garrett,0.00204,0.00204,0.000896,2.2768,1.0,0.00204
Harford,0.001497,0.001497,0.000658,2.2768,1.0,0.001497
Howard,0.001661,0.001661,0.000728,2.2821,1.0,0.001661
Kent,0.000684,0.000684,0.000309,2.2126,1.0,0.000684
Montgomery,0.002363,0.002363,0.000906,2.3006,1.1335,0.002363
Prince George's,0.003172,0.003172,0.001126,2.3022,1.2237,0.003172
Queen Anne's,0.000887,0.000887,0.000397,2.2345,1.0,0.000887
St. Mary's,0.001477,0.001477,0.000652,2.2659,1.0,0.001477
Somerset,0.000781,0.000781,0.000351,2.2216,1.0,0.000781
Talbot,0.002616,0.002616,0.000699,2.2448,1.6667,0.002616
Washington,0.001359,0.001359,0.000602,2.2565,1.0,0.001359
Wicomico,0.001701,0.001701,0.000734,2.2565,1.0274,0.001701
Worcester,0.001065,0.001065,0.000478,2.226,1.0,0.001065
Baltimore City,0.001872,0.001872,0.000841,2.226,1.0,0.001872
