Name,Estimated unvaccinated prevalence,Estimated vaccinated prevalence,Reported prevalence,Underreporting factor,Delay factor,Estimated prevalence
Entire state,0.002237,0.002237,0.000795,2.2565,1.2467,0.002237
Allegany,0.003833,0.003833,0.001193,2.2451,1.431,0.003833
Anne Arundel,0.001968,0.001968,0.000697,2.2471,1.2555,0.001968
Baltimore,0.001901,0.001901,0.000665,2.2352,1.2797,0.001901
Calvert,0.000808,0.000808,0.000357,2.2657,1.0,0.000808
Caroline,0.00184,0.00184,0.000539,2.2094,1.5455,0.00184
Carroll,0.000788,0.000788,0.000327,2.1904,1.102,0.000788
Cecil,0.001976,0.001976,0.000632,2.2471,1.3913,0.001976
Charles,0.002383,0.002383,0.000815,2.2602,1.2941,0.002383
Dorchester,0.0012,0.0012,0.000532,2.2547,1.0,0.0012
Frederick,0.002524,0.002524,0.000747,2.2392,1.5078,0.002524
Garrett,0.001901,0.001901,0.000655,2.2584,1.2857,0.001901
Harford,0.001942,0.001942,0.000701,2.2727,1.2192,0.001942
Howard,0.001599,0.001599,0.000682,2.2392,1.0474,0.001599
Kent,0.003042,0.003042,0.000669,2.2727,2.0,0.003042
Montgomery,0.002699,0.002699,0.000944,2.2813,1.2528,0.002699
Prince George's,0.002524,0.002524,0.001007,2.2864,1.0958,0.002524
Queen Anne's,0.001555,0.001555,0.000516,2.2897,1.3158,0.001555
St. Mary's,0.001783,0.001783,0.000573,2.2864,1.3617,0.001783
Somerset,0.003598,0.003598,0.000781,2.3041,2.0,0.003598
Talbot,0.003254,0.003254,0.00078,2.2352,1.8667,0.003254
Washington,0.0028,0.0028,0.000662,2.2639,1.8679,0.0028
Wicomico,0.001355,0.001355,0.000502,2.2227,1.2143,0.001355
Worcester,0.001295,0.001295,0.000536,2.2392,1.08,0.001295
Baltimore City,0.003222,0.003222,0.001038,2.2311,1.3914,0.003222
