Name,Estimated unvaccinated prevalence,Estimated vaccinated prevalence,Reported prevalence,Underreporting factor,Delay factor,Estimated prevalence
Entire state,0.003311,0.003311,0.001439,2.3004,1.0,0.003311
Dukes and Nantucket,Unknown,Unknown,0.00094,2.3004,1.0,0.002162
Barnstable,Unknown,Unknown,0.001362,2.3148,1.0,0.003152
Berkshire,0.003381,0.003381,0.001449,2.2694,1.0286,0.003381
Bristol,0.002876,0.002876,0.001203,2.2884,1.0446,0.002876
Essex,0.003407,0.003407,0.001479,2.3034,1.0,0.003407
Franklin,0.002323,0.002323,0.001026,2.2644,1.0,0.002323
Hampden,0.004082,0.004082,0.001758,2.3218,1.0,0.004082
Hampshire,0.002479,0.002479,0.001107,2.2398,1.0,0.002479
Middlesex,0.002746,0.002746,0.001201,2.2869,1.0,0.002746
Norfolk,0.00206,0.00206,0.000907,2.271,1.0,0.00206
Plymouth,0.002337,0.002337,0.001028,2.2727,1.0,0.002337
Suffolk,0.002557,0.002557,0.001116,2.2915,1.0,0.002557
Worcester,0.002461,0.002461,0.00108,2.2791,1.0,0.002461
