Name,Estimated unvaccinated prevalence,Estimated vaccinated prevalence,Reported prevalence,Underreporting factor,Delay factor,Estimated prevalence
Entire state,0.004698,0.000866,0.000882,2.3165,1.0,0.002043
Allegany,0.00713,0.001314,0.001718,2.4246,1.0,0.004166
Anne Arundel,0.005382,0.000992,0.000958,2.3165,1.0355,0.002298
Baltimore,0.003952,0.000728,0.00078,2.3677,1.0,0.001846
Calvert,0.004329,0.000798,0.000897,2.3643,1.0,0.002121
Caroline,0.01275,0.002349,0.002395,2.5319,1.197,0.007258
Carroll,0.003794,0.000699,0.000736,2.3357,1.0,0.001719
Cecil,0.007681,0.001415,0.001769,2.4419,1.0,0.004321
Charles,0.004579,0.000844,0.000992,2.343,1.0,0.002325
Dorchester,0.014737,0.002715,0.0026,2.5103,1.2424,0.008107
Frederick,0.006526,0.001202,0.00111,2.3467,1.0996,0.002863
Garrett,0.033515,0.006175,0.004825,2.6004,1.6747,0.021014
Harford,0.006229,0.001148,0.001206,2.4531,1.0,0.002958
Howard,0.002726,0.000502,0.000464,2.2238,1.0,0.001031
Kent,0.008171,0.001505,0.001648,2.3876,1.0,0.003934
Montgomery,0.002913,0.000537,0.000458,2.2347,1.0,0.001023
Prince George's,0.002566,0.000473,0.000532,2.2451,1.0,0.001195
Queen Anne's,0.006319,0.001164,0.00127,2.4903,1.0,0.003163
St. Mary's,0.010101,0.001861,0.002017,2.5224,1.0,0.005089
Somerset,0.0073,0.001345,0.001796,2.5248,1.0,0.004534
Talbot,0.006013,0.001108,0.00113,2.3281,1.0,0.00263
Washington,0.011248,0.002072,0.002529,2.5127,1.0,0.006355
Wicomico,0.007834,0.001443,0.001805,2.5295,1.0,0.004565
Worcester,0.005663,0.001043,0.001052,2.4391,1.0,0.002566
Baltimore City,0.003353,0.000618,0.00076,2.3084,1.0,0.001754
