Name,Estimated unvaccinated prevalence,Estimated vaccinated prevalence,Reported prevalence,Underreporting factor,Delay factor,Estimated prevalence
Entire state,0.004859,0.003938,0.00182,2.3906,1.0,0.004352
Allegany,0.007293,0.005911,0.002727,2.3891,1.0,0.006514
Anne Arundel,0.004118,0.003338,0.001459,2.4055,1.0,0.003509
Baltimore,0.004373,0.003545,0.001514,2.3686,1.0486,0.003761
Calvert,0.002444,0.001981,0.000908,2.3257,1.0,0.002111
Caroline,0.003282,0.002661,0.001227,2.3813,1.0,0.002923
Carroll,0.003071,0.00249,0.001104,2.3966,1.0,0.002646
Cecil,0.004333,0.003513,0.001556,2.4708,1.0,0.003844
Charles,0.006185,0.005014,0.002199,2.4298,1.0,0.005343
Dorchester,0.005269,0.004271,0.00191,2.4421,1.0,0.004666
Frederick,0.005114,0.004146,0.001645,2.4099,1.0951,0.004342
Garrett,0.003803,0.003083,0.001413,2.427,1.0,0.00343
Harford,0.00361,0.002926,0.001311,2.3829,1.0,0.003125
Howard,0.00585,0.004743,0.001956,2.3829,1.0478,0.004883
Kent,0.005254,0.004259,0.001905,2.4099,1.0,0.004591
Montgomery,0.006275,0.005087,0.0022,2.3936,1.0,0.005267
Prince George's,0.006498,0.005267,0.002282,2.4353,1.0,0.005557
Queen Anne's,0.003447,0.002794,0.001131,2.3686,1.12,0.003001
St. Mary's,0.004,0.003242,0.00148,2.3588,1.0,0.003491
Somerset,0.003897,0.003159,0.001483,2.3734,1.0,0.003521
Talbot,0.003461,0.002806,0.001291,2.301,1.0,0.002971
Washington,0.003673,0.002977,0.001351,2.407,1.0,0.003251
Wicomico,0.007133,0.005782,0.002268,2.5545,1.0986,0.006365
Worcester,0.004906,0.003977,0.001645,2.5694,1.0,0.004227
Baltimore City,0.005219,0.004231,0.001934,2.3452,1.0079,0.004572
