Name,Estimated unvaccinated prevalence,Estimated vaccinated prevalence,Reported prevalence,Underreporting factor,Delay factor,Estimated prevalence
Entire state,0.006697,0.001236,0.001186,2.4541,1.1231,0.00327
Allegany,0.022116,0.004081,0.002812,2.5436,1.9314,0.013814
Anne Arundel,0.008198,0.001513,0.001198,2.4001,1.3378,0.003847
Baltimore,0.004993,0.000921,0.000977,2.4575,1.0481,0.002515
Calvert,0.004677,0.000863,0.000951,2.4642,1.061,0.002487
Caroline,0.005547,0.001024,0.001138,2.4675,1.1935,0.00335
Carroll,0.008331,0.001537,0.000932,2.4077,1.814,0.004071
Cecil,0.00835,0.001541,0.001585,2.535,1.2462,0.005006
Charles,0.007884,0.001455,0.001758,2.4931,1.0,0.004383
Dorchester,0.021852,0.004032,0.003664,2.7234,1.2889,0.012862
Frederick,0.010816,0.001996,0.001576,2.5576,1.275,0.005139
Garrett,0.020949,0.003865,0.002654,2.5819,2.0,0.013704
Harford,0.005671,0.001046,0.001037,2.5115,1.1092,0.00289
Howard,0.004943,0.000912,0.000765,2.3187,1.1376,0.002017
Kent,0.005956,0.001099,0.001287,2.3722,1.0,0.003053
Montgomery,0.006761,0.001247,0.000907,2.3844,1.2174,0.002633
Prince George's,0.006099,0.001125,0.001298,2.4438,1.0051,0.003187
Queen Anne's,0.005184,0.000957,0.001092,2.535,1.0,0.002767
St. Mary's,0.009437,0.001741,0.001912,2.552,1.064,0.005191
Somerset,0.003927,0.000724,0.001054,2.4507,1.0,0.002583
Talbot,0.005477,0.001011,0.001076,2.3962,1.0,0.002578
Washington,0.009363,0.001728,0.00188,2.4368,1.2358,0.005662
Wicomico,0.008515,0.001571,0.002065,2.5548,1.0,0.005277
Worcester,0.015277,0.002819,0.002487,2.647,1.1518,0.007582
Baltimore City,0.003702,0.000683,0.000876,2.4001,1.0,0.002103
