Name,Estimated unvaccinated prevalence,Estimated vaccinated prevalence,Reported prevalence,Underreporting factor,Delay factor,Estimated prevalence
Entire state,0.001804,0.001804,0.000791,2.2807,1.0,0.001804
Androscoggin,0.002055,0.002055,0.000905,2.2702,1.0,0.002055
Aroostook,0.001927,0.001927,0.000805,2.3021,1.0392,0.001927
Cumberland,0.001764,0.001764,0.00078,2.2624,1.0,0.001764
Franklin,0.001059,0.001059,0.000464,2.2851,1.0,0.001059
Hancock,0.002502,0.002502,0.000837,2.3258,1.2857,0.002502
Kennebec,0.001481,0.001481,0.000654,2.264,1.0,0.001481
Knox,0.001814,0.001814,0.000779,2.2494,1.0345,0.001814
Lincoln,0.000844,0.000844,0.000375,2.2494,1.0,0.000844
Oxford,0.001126,0.001126,0.000483,2.3321,1.0,0.001126
Penobscot,0.002514,0.002514,0.001098,2.2909,1.0,0.002514
Piscataquis,0.001207,0.001207,0.000536,2.2511,1.0,0.001207
Sagadahoc,0.001819,0.001819,0.000614,2.2592,1.3125,0.001819
Somerset,0.008174,0.008174,0.00202,2.3233,1.7414,0.008174
Waldo,0.001132,0.001132,0.000504,2.2477,1.0,0.001132
Washington,0.001689,0.001689,0.000701,2.4093,1.0,0.001689
York,0.001506,0.001506,0.000665,2.2655,1.0,0.001506
