Name,Estimated unvaccinated prevalence,Estimated vaccinated prevalence,Reported prevalence,Underreporting factor,Delay factor,Estimated prevalence
Entire state,0.001427,0.001427,0.000636,2.2436,1.0,0.001427
Androscoggin,0.002053,0.002053,0.000924,2.2231,1.0,0.002053
Aroostook,0.002989,0.002989,0.000895,2.2644,1.475,0.002989
Cumberland,0.001151,0.001151,0.000515,2.2336,1.0,0.001151
Franklin,0.000972,0.000972,0.00043,2.257,1.0,0.000972
Hancock,0.001051,0.001051,0.000473,2.2231,1.0,0.001051
Kennebec,0.001744,0.001744,0.000662,2.2377,1.1765,0.001744
Knox,0.000784,0.000784,0.000352,2.2274,1.0,0.000784
Lincoln,0.000849,0.000849,0.000375,2.2607,1.0,0.000849
Oxford,0.001812,0.001812,0.000793,2.2836,1.0,0.001812
Penobscot,0.001431,0.001431,0.000644,2.221,1.0,0.001431
Piscataquis,0.001331,0.001331,0.000596,2.2336,1.0,0.001331
Sagadahoc,0.001511,0.001511,0.000641,2.3555,1.0,0.001511
Somerset,0.001756,0.001756,0.000773,2.2733,1.0,0.001756
Waldo,0.00118,0.00118,0.000529,2.2315,1.0,0.00118
Washington,0.002744,0.002744,0.000924,2.3333,1.2727,0.002744
York,0.001793,0.001793,0.000689,2.2733,1.1452,0.001793
