Name,Estimated unvaccinated prevalence,Estimated vaccinated prevalence,Reported prevalence,Underreporting factor,Delay factor,Estimated prevalence
Entire state,0.001937,0.001937,0.000846,2.2901,1.0,0.001937
Allegany,0.00237,0.00237,0.001037,2.2864,1.0,0.00237
Anne Arundel,0.001711,0.001711,0.000742,2.3043,1.0,0.001711
Baltimore,0.00161,0.00161,0.000709,2.2694,1.0,0.00161
Calvert,0.002008,0.002008,0.000865,2.3227,1.0,0.002008
Caroline,0.00126,0.00126,0.000569,2.2151,1.0,0.00126
Carroll,0.001651,0.001651,0.000712,2.3178,1.0,0.001651
Cecil,0.002366,0.002366,0.001011,2.3402,1.0,0.002366
Charles,0.003348,0.003348,0.001188,2.3211,1.2138,0.003348
Dorchester,0.001721,0.001721,0.000752,2.2901,1.0,0.001721
Frederick,0.001252,0.001252,0.000551,2.2733,1.0,0.001252
Garrett,0.003448,0.003448,0.001413,2.44,1.0,0.003448
Harford,0.002113,0.002113,0.000904,2.3371,1.0,0.002113
Howard,0.001675,0.001675,0.000734,2.2827,1.0,0.001675
Kent,0.002176,0.002176,0.000927,2.3478,1.0,0.002176
Montgomery,0.002176,0.002176,0.000945,2.3025,1.0,0.002176
Prince George's,0.002302,0.002302,0.000992,2.3211,1.0,0.002302
Queen Anne's,0.001218,0.001218,0.000536,2.2733,1.0,0.001218
St. Mary's,0.00203,0.00203,0.000872,2.3276,1.0,0.00203
Somerset,0.001368,0.001368,0.000586,2.3355,1.0,0.001368
Talbot,0.001893,0.001893,0.000807,2.3463,1.0,0.001893
Washington,0.001715,0.001715,0.000748,2.2919,1.0,0.001715
Wicomico,0.002133,0.002133,0.000869,2.3178,1.0595,0.002133
Worcester,0.001466,0.001466,0.000631,2.3227,1.0,0.001466
Baltimore City,0.00199,0.00199,0.000895,2.2247,1.0,0.00199
