Name,Estimated unvaccinated prevalence,Estimated vaccinated prevalence,Reported prevalence,Underreporting factor,Delay factor,Estimated prevalence
Entire state,0.047952,0.008963,0.003807,2.4758,1.0,0.009427
Androscoggin,0.018326,0.003426,0.003316,2.4491,1.0,0.00812
Aroostook,0.026582,0.004969,0.00507,2.3572,1.0,0.011952
Cumberland,0.021487,0.004016,0.002695,2.3395,1.0,0.006305
Franklin,0.027336,0.00511,0.005364,2.478,1.0,0.013293
Hancock,0.022974,0.004294,0.003437,2.5032,1.0217,0.008791
Kennebec,0.021589,0.004035,0.003949,2.3176,1.0,0.009153
Knox,0.069094,0.012915,0.006311,2.4108,1.4881,0.022641
Lincoln,0.038932,0.007277,0.005226,2.5863,1.0,0.013516
Oxford,0.023967,0.00448,0.004226,2.5501,1.0,0.010777
Penobscot,0.022356,0.004179,0.003924,2.4422,1.0,0.009583
Piscataquis,0.02448,0.004576,0.005004,2.4758,1.0,0.01239
Sagadahoc,0.026987,0.005044,0.003849,2.4033,1.0703,0.0099
Somerset,0.025476,0.004762,0.005071,2.5501,1.0,0.012931
Waldo,0.029801,0.005571,0.004381,2.5406,1.1457,0.012753
Washington,0.014744,0.002756,0.002645,2.3425,1.0,0.006196
York,0.028086,0.00525,0.003824,2.5032,1.0,0.009572
