Name,Estimated unvaccinated prevalence,Estimated vaccinated prevalence,Reported prevalence,Underreporting factor,Delay factor,Estimated prevalence
Entire state,0.006311,0.005115,0.002419,2.3402,1.0,0.00566
Dukes and Nantucket,Unknown,Unknown,0.001392,2.3402,1.0,0.003258
Barnstable,Unknown,Unknown,0.002028,2.3541,1.0,0.004775
Berkshire,0.008144,0.0066,0.003089,2.3381,1.0,0.007223
Bristol,0.004296,0.003482,0.001617,2.3214,1.0,0.003754
Essex,0.005372,0.004354,0.001964,2.3462,1.0,0.004609
Franklin,0.005315,0.004308,0.001995,2.3149,1.0,0.004618
Hampden,0.00669,0.005422,0.0025,2.3381,1.0,0.005846
Hampshire,0.005428,0.004399,0.002089,2.2651,1.0,0.004732
Middlesex,0.006753,0.005473,0.002455,2.332,1.0,0.005725
Norfolk,0.00583,0.004725,0.002112,2.3422,1.0,0.004948
Plymouth,0.004324,0.003504,0.00161,2.3257,1.0,0.003744
Suffolk,0.005582,0.004524,0.002064,2.3257,1.0,0.004799
Worcester,0.004746,0.003846,0.001785,2.3015,1.0,0.004109
