Name,Estimated unvaccinated prevalence,Estimated vaccinated prevalence,Reported prevalence,Underreporting factor,Delay factor,Estimated prevalence
Entire state,0.002946,0.002387,0.001142,2.3173,1.0,0.002647
Dukes and Nantucket,Unknown,Unknown,0.001183,2.3173,1.0,0.002742
Barnstable,Unknown,Unknown,0.00131,2.3612,1.0,0.003093
Berkshire,0.003412,0.002765,0.001313,2.3033,1.0,0.003023
Bristol,0.002212,0.001793,0.00083,2.3269,1.0,0.001931
Essex,0.002718,0.002202,0.001,2.3288,1.0,0.002329
Franklin,0.003091,0.002505,0.001154,2.295,1.0127,0.002682
Hampden,0.00391,0.003168,0.001449,2.3543,1.0,0.003413
Hampshire,0.003255,0.002638,0.001237,2.2907,1.0,0.002834
Middlesex,0.002946,0.002387,0.001077,2.3173,1.0,0.002495
Norfolk,0.002635,0.002135,0.000966,2.3114,1.0,0.002234
Plymouth,0.002221,0.0018,0.000829,2.3173,1.0,0.001921
Suffolk,0.003044,0.002467,0.001129,2.3153,1.0,0.002615
Worcester,0.002132,0.001727,0.000808,2.282,1.0,0.001843
