Name,Estimated unvaccinated prevalence,Estimated vaccinated prevalence,Reported prevalence,Underreporting factor,Delay factor,Estimated prevalence
Entire state,0.003236,0.002622,0.001268,2.2959,1.0,0.002912
Dukes and Nantucket,Unknown,Unknown,0.000975,2.2959,1.0,0.002237
Barnstable,Unknown,Unknown,0.001277,2.3213,1.0383,0.003078
Berkshire,0.00389,0.003152,0.001505,2.2882,1.0,0.003443
Bristol,0.002898,0.002348,0.00109,2.3178,1.0,0.002526
Essex,0.003265,0.002646,0.001213,2.3033,1.0,0.002794
Franklin,0.005369,0.00435,0.001311,2.3015,1.5424,0.004653
Hampden,0.004445,0.003602,0.00166,2.335,1.0,0.003875
Hampshire,0.003117,0.002526,0.001088,2.2484,1.1083,0.002711
Middlesex,0.00308,0.002496,0.001096,2.2882,1.0388,0.002605
Norfolk,0.002815,0.002282,0.000981,2.2721,1.0696,0.002383
Plymouth,0.002565,0.002079,0.000961,2.3052,1.0,0.002216
Suffolk,0.002602,0.002108,0.000981,2.2742,1.0,0.002232
Worcester,0.003285,0.002662,0.001141,2.2996,1.0811,0.002837
