Name,Estimated unvaccinated prevalence,Estimated vaccinated prevalence,Reported prevalence,Underreporting factor,Delay factor,Estimated prevalence
Entire state,0.003981,0.003981,0.001577,2.2903,1.1025,0.003981
Dukes and Nantucket,Unknown,Unknown,0.001218,2.2903,1.0,0.00279
Barnstable,Unknown,Unknown,0.001709,2.3169,1.5647,0.006195
Berkshire,0.003612,0.003612,0.001409,2.2712,1.129,0.003612
Bristol,0.002638,0.002638,0.001152,2.2903,1.0,0.002638
Essex,0.003851,0.003851,0.001568,2.3054,1.0655,0.003851
Franklin,0.003193,0.003193,0.001282,2.2662,1.0988,0.003193
Hampden,0.004954,0.004954,0.002106,2.3239,1.0124,0.004954
Hampshire,0.003736,0.003736,0.00138,2.2414,1.2077,0.003736
Middlesex,0.003306,0.003306,0.001283,2.2888,1.1258,0.003306
Norfolk,0.002712,0.002712,0.001068,2.2728,1.117,0.002712
Plymouth,0.003401,0.003401,0.001216,2.2745,1.2291,0.003401
Suffolk,0.003317,0.003317,0.001321,2.2934,1.0949,0.003317
Worcester,0.002576,0.002576,0.001114,2.2809,1.0143,0.002576
