Name,Estimated unvaccinated prevalence,Estimated vaccinated prevalence,Reported prevalence,Underreporting factor,Delay factor,Estimated prevalence
Entire state,0.000949,0.00077,0.000357,2.1554,1.0934,0.00084
Allegany,0.000966,0.000784,0.000327,2.1655,1.2222,0.000864
Anne Arundel,0.001017,0.000824,0.000361,2.2007,1.0947,0.000869
Baltimore,0.000707,0.000573,0.000284,2.1554,1.0,0.000612
Calvert,0.000912,0.00074,0.000195,2.1502,1.8889,0.00079
Caroline,0.002354,0.001909,0.000479,2.1925,2.0,0.0021
Carroll,0.001846,0.001497,0.000511,2.1966,1.4167,0.001589
Cecil,0.001019,0.000826,0.000418,2.1703,1.0,0.000907
Charles,0.000931,0.000755,0.000374,2.1269,1.0169,0.000808
Dorchester,0.000374,0.000303,0.000157,2.1204,1.0,0.000332
Frederick,0.001192,0.000967,0.000412,2.2161,1.1158,0.001019
Garrett,0.000664,0.000539,0.000276,2.1839,1.0,0.000602
Harford,0.000869,0.000704,0.000305,2.1839,1.1324,0.000755
Howard,0.000922,0.000748,0.000356,2.1703,1.0,0.000773
Kent,0.000958,0.000777,0.000309,2.1655,1.25,0.000836
Montgomery,0.001535,0.001245,0.00047,2.1331,1.2839,0.001288
Prince George's,0.000752,0.00061,0.000256,2.1447,1.1777,0.000647
Queen Anne's,0.000391,0.000317,0.000159,2.1554,1.0,0.000342
St. Mary's,0.000345,0.00028,0.000141,2.1447,1.0,0.000302
Somerset,0.003625,0.002939,0.00082,2.1966,1.8182,0.003274
Talbot,0.000751,0.000609,0.000296,2.1882,1.0,0.000647
Washington,0.00098,0.000795,0.000324,2.1795,1.2308,0.00087
Wicomico,0.00045,0.000365,0.000183,2.1966,1.0,0.000403
Worcester,0.00167,0.001354,0.000325,2.2234,2.0,0.001446
Baltimore City,0.001515,0.001228,0.000507,2.1331,1.2295,0.00133
