Name,Estimated unvaccinated prevalence,Estimated vaccinated prevalence,Reported prevalence,Underreporting factor,Delay factor,Estimated prevalence
Entire state,0.0016,0.0016,0.00071,2.2524,1.0,0.0016
Androscoggin,0.002482,0.002482,0.001099,2.258,1.0,0.002482
Aroostook,0.001348,0.001348,0.000597,2.2599,1.0,0.001348
Cumberland,0.001635,0.001635,0.000732,2.2325,1.0,0.001635
Franklin,0.001741,0.001741,0.000729,2.3892,1.0,0.001741
Hancock,0.000965,0.000965,0.000418,2.3075,1.0,0.000965
Kennebec,0.001147,0.001147,0.000515,2.2261,1.0,0.001147
Knox,0.001049,0.001049,0.000453,2.3168,1.0,0.001049
Lincoln,0.000778,0.000778,0.000346,2.2446,1.0,0.000778
Oxford,0.002027,0.002027,0.00088,2.3044,1.0,0.002027
Penobscot,0.001618,0.001618,0.000723,2.2386,1.0,0.001618
Piscataquis,0.001732,0.001732,0.000775,2.2366,1.0,0.001732
Sagadahoc,0.001762,0.001762,0.000753,2.3403,1.0,0.001762
Somerset,0.002275,0.002275,0.000971,2.2947,1.0213,0.002275
Waldo,0.001167,0.001167,0.000504,2.3168,1.0,0.001167
Washington,0.001986,0.001986,0.00086,2.2197,1.04,0.001986
York,0.001647,0.001647,0.000737,2.2345,1.0,0.001647
