Name,Estimated unvaccinated prevalence,Estimated vaccinated prevalence,Reported prevalence,Underreporting factor,Delay factor,Estimated prevalence
Entire state,0.005515,0.004471,0.002064,2.383,1.0,0.004919
Allegany,0.008015,0.006497,0.002073,2.4073,1.4356,0.007166
Anne Arundel,0.005474,0.004438,0.00189,2.4713,1.0,0.004672
Baltimore,0.005023,0.004072,0.001792,2.414,1.0,0.004327
Calvert,0.005394,0.004373,0.001751,2.4995,1.0662,0.004666
Caroline,0.003419,0.002772,0.001287,2.3666,1.0,0.003046
Carroll,0.004058,0.00329,0.001437,2.4366,1.0,0.003501
Cecil,0.004897,0.00397,0.001682,2.5404,1.0178,0.004349
Charles,0.005604,0.004543,0.002027,2.3919,1.0,0.004849
Dorchester,0.004206,0.00341,0.001566,2.3812,1.0,0.003729
Frederick,0.004968,0.004027,0.001718,2.458,1.0,0.004224
Garrett,0.002727,0.002211,0.001,2.4625,1.0,0.002461
Harford,0.003828,0.003104,0.001358,2.4428,1.0,0.003318
Howard,0.006354,0.005151,0.002177,2.4413,1.0,0.005314
Kent,0.005202,0.004217,0.001802,2.525,1.0,0.00455
Montgomery,0.009256,0.007504,0.003199,2.4254,1.0,0.007759
Prince George's,0.005458,0.004425,0.001915,2.4428,1.0,0.004677
Queen Anne's,0.003848,0.00312,0.00125,2.5091,1.069,0.003354
St. Mary's,0.006351,0.005149,0.002194,2.4669,1.0248,0.005546
Somerset,0.00242,0.001962,0.000937,2.3353,1.0,0.002188
Talbot,0.003281,0.00266,0.001157,2.4381,1.0,0.00282
Washington,0.003545,0.002873,0.001245,2.3884,1.0565,0.003141
Wicomico,0.003979,0.003226,0.001409,2.5224,1.0,0.003554
Worcester,0.003873,0.003139,0.001358,2.4595,1.0,0.00334
Baltimore City,0.005972,0.004841,0.002234,2.3454,1.0,0.00524
