Name,Estimated unvaccinated prevalence,Estimated vaccinated prevalence,Reported prevalence,Underreporting factor,Delay factor,Estimated prevalence
Entire state,0.003262,0.002649,0.001086,2.2503,1.0282,0.002513
Androscoggin,0.002501,0.002031,0.000674,2.2375,1.44,0.002172
Aroostook,0.003754,0.003048,0.001372,2.3817,1.0,0.003268
Cumberland,0.004248,0.00345,0.001105,2.2239,1.4444,0.00355
Franklin,0.001763,0.001432,0.000695,2.2308,1.0,0.001551
Hancock,0.00164,0.001331,0.000637,2.2057,1.0,0.001404
Kennebec,0.004001,0.003249,0.001578,2.1939,1.0,0.003462
Knox,0.003346,0.002717,0.001207,2.3358,1.0,0.002819
Lincoln,0.0025,0.00203,0.000895,2.2908,1.0345,0.002121
Oxford,0.002412,0.001959,0.000914,2.3014,1.0,0.002104
Penobscot,0.00371,0.003013,0.001236,2.324,1.1198,0.003215
Piscataquis,0.001633,0.001326,0.000596,2.1533,1.125,0.001443
Sagadahoc,0.004796,0.003894,0.001534,2.3141,1.1489,0.004078
Somerset,0.007651,0.006213,0.001941,2.3713,1.4697,0.006765
Waldo,0.002065,0.001677,0.000781,2.2908,1.0,0.001788
Washington,0.005266,0.004276,0.00153,2.4075,1.2368,0.004555
York,0.002301,0.001868,0.000857,2.2854,1.0,0.001959
