Name,Estimated unvaccinated prevalence,Estimated vaccinated prevalence,Reported prevalence,Underreporting factor,Delay factor,Estimated prevalence
Entire state,0.002291,0.002291,0.000995,2.3033,1.0,0.002291
Allegany,0.003615,0.003615,0.001548,2.3351,1.0,0.003615
Anne Arundel,0.001946,0.001946,0.000844,2.305,1.0,0.001946
Baltimore,0.001831,0.001831,0.000801,2.2851,1.0,0.001831
Calvert,0.002317,0.002317,0.000994,2.3303,1.0,0.002317
Caroline,0.002256,0.002256,0.000838,2.2925,1.1739,0.002256
Carroll,0.002,0.002,0.000855,2.3237,1.007,0.002
Cecil,0.00291,0.00291,0.001225,2.3567,1.0081,0.00291
Charles,0.002451,0.002451,0.001072,2.287,1.0,0.002451
Dorchester,0.00418,0.00418,0.00166,2.3729,1.0612,0.00418
Frederick,0.001807,0.001807,0.000782,2.3102,1.0,0.001807
Garrett,0.004999,0.004999,0.001758,2.446,1.1628,0.004999
Harford,0.00245,0.00245,0.001014,2.3414,1.032,0.00245
Howard,0.002463,0.002463,0.001059,2.3254,1.0,0.002463
Kent,0.003794,0.003794,0.001184,2.3303,1.375,0.003794
Montgomery,0.00264,0.00264,0.00114,2.3154,1.0,0.00264
Prince George's,0.002619,0.002619,0.001124,2.3303,1.0,0.002619
Queen Anne's,0.002396,0.002396,0.000893,2.3171,1.1579,0.002396
St. Mary's,0.002378,0.002378,0.001031,2.3068,1.0,0.002378
Somerset,0.001708,0.001708,0.000742,2.3033,1.0,0.001708
Talbot,0.004918,0.004918,0.001157,2.3287,1.8261,0.004918
Washington,0.002169,0.002169,0.00094,2.3068,1.0,0.002169
Wicomico,0.00246,0.00246,0.000878,2.3033,1.2162,0.00246
Worcester,0.001608,0.001608,0.000689,2.3351,1.0,0.001608
Baltimore City,0.002108,0.002108,0.000949,2.2218,1.0,0.002108
