Name,Estimated unvaccinated prevalence,Estimated vaccinated prevalence,Reported prevalence,Underreporting factor,Delay factor,Estimated prevalence
Entire state,0.001867,0.001867,0.000807,2.3125,1.0,0.001867
Allegany,0.002476,0.002476,0.001094,2.2639,1.0,0.002476
Anne Arundel,0.001535,0.001535,0.000658,2.3336,1.0,0.001535
Baltimore,0.001879,0.001879,0.000818,2.2958,1.0,0.001879
Calvert,0.001011,0.001011,0.000454,2.2276,1.0,0.001011
Caroline,0.001292,0.001292,0.000569,2.2719,1.0,0.001292
Carroll,0.001861,0.001861,0.000742,2.2856,1.0973,0.001861
Cecil,0.001902,0.001902,0.000826,2.3015,1.0,0.001902
Charles,0.001755,0.001755,0.000747,2.3485,1.0,0.001755
Dorchester,0.002527,0.002527,0.001096,2.3057,1.0,0.002527
Frederick,0.002103,0.002103,0.000913,2.3029,1.0,0.002103
Garrett,0.002088,0.002088,0.000931,2.2438,1.0,0.002088
Harford,0.001657,0.001657,0.000709,2.3386,1.0,0.001657
Howard,0.001798,0.001798,0.000768,2.3424,1.0,0.001798
Kent,0.001139,0.001139,0.000515,2.2122,1.0,0.001139
Montgomery,0.00207,0.00207,0.000887,2.3336,1.0,0.00207
Prince George's,0.002145,0.002145,0.000917,2.3386,1.0,0.002145
Queen Anne's,0.000598,0.000598,0.000258,2.3166,1.0,0.000598
St. Mary's,0.00106,0.00106,0.000467,2.2703,1.0,0.00106
Somerset,0.002321,0.002321,0.000937,2.3698,1.0455,0.002321
Talbot,0.001803,0.001803,0.00078,2.3112,1.0,0.001803
Washington,0.001286,0.001286,0.000576,2.2332,1.0,0.001286
Wicomico,0.001984,0.001984,0.000869,2.2841,1.0,0.001984
Worcester,0.001837,0.001837,0.000784,2.3424,1.0,0.001837
Baltimore City,0.00205,0.00205,0.000898,2.2826,1.0,0.00205
