Name,Estimated unvaccinated prevalence,Estimated vaccinated prevalence,Reported prevalence,Underreporting factor,Delay factor,Estimated prevalence
Entire state,0.010525,0.001932,0.001711,2.2775,1.1719,0.004565
Dukes and Nantucket,Unknown,Unknown,0.002889,2.2775,1.0,0.006579
Barnstable,Unknown,Unknown,0.001779,2.3266,1.6507,0.006834
Berkshire,0.006781,0.001245,0.001665,2.2775,1.0561,0.004004
Bristol,0.008466,0.001554,0.001817,2.3442,1.0823,0.00461
Essex,0.007997,0.001468,0.001498,2.322,1.0996,0.003825
Franklin,0.00449,0.000824,0.000841,2.2037,1.234,0.002286
Hampden,0.012297,0.002257,0.002537,2.4216,1.0874,0.006679
Hampshire,0.005853,0.001074,0.001194,2.2037,1.1576,0.003045
Middlesex,0.006597,0.001211,0.001197,2.2309,1.0599,0.002832
Norfolk,0.007717,0.001417,0.001249,2.2434,1.2082,0.003386
Plymouth,0.008651,0.001588,0.001686,2.381,1.092,0.004385
Suffolk,0.008182,0.001502,0.001529,2.2434,1.1423,0.003918
Worcester,0.012161,0.002232,0.001831,2.381,1.414,0.006165
