Name,Estimated unvaccinated prevalence,Estimated vaccinated prevalence,Reported prevalence,Underreporting factor,Delay factor,Estimated prevalence
Entire state,0.001845,0.001845,0.000811,2.275,1.0,0.001845
Androscoggin,0.002118,0.002118,0.000933,2.2704,1.0,0.002118
Aroostook,0.001511,0.001511,0.000656,2.3023,1.0,0.001511
Cumberland,0.002246,0.002246,0.000881,2.2626,1.1261,0.002246
Franklin,0.001135,0.001135,0.000497,2.2854,1.0,0.001135
Hancock,0.002315,0.002315,0.000782,2.3261,1.2727,0.002315
Kennebec,0.001444,0.001444,0.000638,2.2642,1.0,0.001444
Knox,0.00164,0.00164,0.000729,2.2496,1.0,0.00164
Lincoln,0.000715,0.000715,0.000318,2.2496,1.0,0.000715
Oxford,0.001207,0.001207,0.000517,2.3324,1.0,0.001207
Penobscot,0.002485,0.002485,0.001084,2.2911,1.0,0.002485
Piscataquis,0.00161,0.00161,0.000715,2.2513,1.0,0.00161
Sagadahoc,0.00182,0.00182,0.000614,2.2594,1.3125,0.00182
Somerset,0.008771,0.008771,0.002001,2.3236,1.8868,0.008771
Waldo,0.002091,0.002091,0.00068,2.248,1.3684,0.002091
Washington,0.001689,0.001689,0.000701,2.4097,1.0,0.001689
York,0.001539,0.001539,0.000679,2.2658,1.0,0.001539
