Name,Estimated unvaccinated prevalence,Estimated vaccinated prevalence,Reported prevalence,Underreporting factor,Delay factor,Estimated prevalence
Entire state,0.009471,0.007681,0.003362,2.4857,1.0,0.008357
Allegany,0.027478,0.022284,0.009231,2.6701,1.0,0.024648
Anne Arundel,0.009475,0.007684,0.003244,2.5103,1.0,0.008143
Baltimore,0.006661,0.005402,0.002383,2.43,1.0,0.005792
Calvert,0.011622,0.009426,0.003848,2.6265,1.0,0.010106
Caroline,0.019132,0.015515,0.006526,2.6265,1.0,0.01714
Carroll,0.009305,0.007546,0.00317,2.5355,1.0,0.008038
Cecil,0.013941,0.011305,0.004638,2.6868,1.0,0.01246
Charles,0.010497,0.008513,0.003681,2.4895,1.0,0.009165
Dorchester,0.027065,0.021949,0.009239,2.6174,1.0,0.024183
Frederick,0.011867,0.009623,0.003953,2.5795,1.0,0.010197
Garrett,0.019455,0.015778,0.005928,2.5795,1.1554,0.017668
Harford,0.009821,0.007964,0.003331,2.573,1.0,0.008572
Howard,0.008681,0.00704,0.002969,2.4638,1.0,0.007315
Kent,0.022695,0.018405,0.007414,2.6813,1.0,0.01988
Montgomery,0.00902,0.007315,0.003141,2.4166,1.0,0.00759
Prince George's,0.006703,0.005436,0.002354,2.4678,1.0,0.005811
Queen Anne's,0.014316,0.01161,0.004724,2.6616,1.0,0.012574
St. Mary's,0.020528,0.016648,0.006819,2.6443,1.0,0.018031
Somerset,0.020222,0.016399,0.006949,2.6414,1.0,0.018354
Talbot,0.017475,0.014172,0.005836,2.5908,1.0,0.015121
Washington,0.016463,0.013351,0.005455,2.6896,1.0,0.014672
Wicomico,0.019607,0.015901,0.006505,2.7085,1.0,0.017619
Worcester,0.016882,0.013691,0.005452,2.6896,1.0,0.014663
Baltimore City,0.006639,0.005384,0.002534,2.3132,1.0,0.005862
