Name,Estimated unvaccinated prevalence,Estimated vaccinated prevalence,Reported prevalence,Underreporting factor,Delay factor,Estimated prevalence
Entire state,0.009437,0.00183,0.001817,2.3681,1.0,0.004304
Androscoggin,0.005946,0.001153,0.001293,2.4053,1.0,0.00311
Aroostook,0.013633,0.002644,0.002953,2.4295,1.0,0.007174
Cumberland,0.009213,0.001787,0.001359,2.3037,1.1461,0.003589
Franklin,0.009286,0.001801,0.001821,2.465,1.1489,0.005158
Hancock,0.010671,0.002069,0.002,2.4329,1.0,0.004867
Kennebec,0.010081,0.001955,0.00202,2.4089,1.0468,0.005093
Knox,0.007393,0.001434,0.001257,2.3982,1.0,0.003015
Lincoln,0.022205,0.004306,0.001906,2.4832,2.0,0.009464
Oxford,0.007884,0.001529,0.001328,2.4053,1.3103,0.004186
Penobscot,0.015245,0.002956,0.003135,2.468,1.0,0.007738
Piscataquis,0.007255,0.001407,0.001549,2.6215,1.0,0.004061
Sagadahoc,0.003601,0.000698,0.000697,2.331,1.0,0.001625
Somerset,0.00955,0.001852,0.002199,2.5008,1.0,0.005498
Waldo,0.016157,0.003133,0.003273,2.4618,1.0,0.008058
Washington,0.00954,0.00185,0.001657,2.4556,1.186,0.004826
York,0.007798,0.001512,0.001421,2.3872,1.0068,0.003415
