Name,Estimated unvaccinated prevalence,Estimated vaccinated prevalence,Reported prevalence,Underreporting factor,Delay factor,Estimated prevalence
Entire state,0.003266,0.002647,0.001276,2.3031,1.0,0.002939
Dukes and Nantucket,Unknown,Unknown,0.001288,2.3031,2.0,0.005932
Barnstable,Unknown,Unknown,0.00123,2.3248,1.16,0.003317
Berkshire,0.004673,0.003787,0.001785,2.3177,1.0,0.004137
Bristol,0.003351,0.002716,0.001171,2.3282,1.0713,0.002921
Essex,0.003582,0.002903,0.001322,2.3195,1.0,0.003066
Franklin,0.002271,0.00184,0.000855,2.3031,1.0,0.001969
Hampden,0.005591,0.00453,0.00193,2.3516,1.0741,0.004874
Hampshire,0.002546,0.002063,0.000982,2.2543,1.0,0.002215
Middlesex,0.002859,0.002316,0.001055,2.2917,1.0,0.002417
Norfolk,0.002479,0.002009,0.000917,2.2715,1.0078,0.002099
Plymouth,0.002601,0.002108,0.000977,2.3012,1.0,0.002247
Suffolk,0.002869,0.002325,0.00108,2.2797,1.0,0.002461
Worcester,0.002815,0.002281,0.001056,2.3031,1.0,0.002432
