Name,Estimated unvaccinated prevalence,Estimated vaccinated prevalence,Reported prevalence,Underreporting factor,Delay factor,Estimated prevalence
Entire state,0.007614,0.001399,0.001384,2.2076,1.0,0.003055
Dukes and Nantucket,Unknown,Unknown,0.001601,2.2076,1.4516,0.005131
Barnstable,Unknown,Unknown,0.001136,2.2617,1.0,0.00257
Berkshire,0.008114,0.001491,0.001785,2.2252,1.1684,0.00464
Bristol,0.00736,0.001352,0.001672,2.2758,1.0,0.003805
Essex,0.006967,0.00128,0.001389,2.2758,1.0,0.003161
Franklin,0.003167,0.000582,0.000712,2.1816,1.0,0.001554
Hampden,0.006489,0.001192,0.001445,2.3021,1.0,0.003327
Hampshire,0.002758,0.000507,0.000653,2.1233,1.0,0.001386
Middlesex,0.006802,0.00125,0.001117,2.1884,1.1415,0.00279
Norfolk,0.005187,0.000953,0.000983,2.2136,1.0,0.002177
Plymouth,0.006076,0.001116,0.001287,2.2804,1.0,0.002936
Suffolk,0.004767,0.000876,0.000999,2.167,1.0,0.002165
Worcester,0.008404,0.001544,0.001814,2.2362,1.0,0.004057
