Name,Estimated unvaccinated prevalence,Estimated vaccinated prevalence,Reported prevalence,Underreporting factor,Delay factor,Estimated prevalence
Entire state,0.028533,0.023133,0.010231,2.4791,1.0,0.025365
Dukes and Nantucket,Unknown,Unknown,0.011277,2.4791,1.0,0.027957
Barnstable,Unknown,Unknown,0.006813,2.5811,1.0,0.017584
Berkshire,0.032523,0.026368,0.011837,2.4527,1.0,0.029033
Bristol,0.033158,0.026883,0.011277,2.5892,1.0,0.029199
Essex,0.0237,0.019215,0.008033,2.551,1.0,0.020491
Franklin,0.033453,0.027122,0.011741,2.4909,1.0,0.029246
Hampden,0.038609,0.031302,0.013039,2.6082,1.0,0.034009
Hampshire,0.02791,0.022628,0.010384,2.3565,1.0,0.024469
Middlesex,0.022015,0.017849,0.007809,2.4063,1.0,0.018791
Norfolk,0.020392,0.016533,0.007046,2.4732,1.0,0.017426
Plymouth,0.023185,0.018798,0.007893,2.5612,1.0,0.020216
Suffolk,0.025706,0.020841,0.009342,2.3847,1.0,0.022277
Worcester,0.029608,0.024005,0.010307,2.5061,1.0,0.02583
