Name,Estimated unvaccinated prevalence,Estimated vaccinated prevalence,Reported prevalence,Underreporting factor,Delay factor,Estimated prevalence
Entire state,0.003486,0.002826,0.001047,2.1841,1.3589,0.003108
Dukes and Nantucket,Unknown,Unknown,0.000801,2.1841,1.0,0.001748
Barnstable,Unknown,Unknown,0.000545,2.2009,1.0,0.001199
Berkshire,0.003149,0.002552,0.000984,2.1705,1.3118,0.002803
Bristol,0.001755,0.001423,0.000635,2.1927,1.1049,0.001539
Essex,0.00275,0.002229,0.000781,2.2049,1.3758,0.002368
Franklin,0.002441,0.001979,0.000969,2.1968,1.0,0.002129
Hampden,0.002258,0.00183,0.000723,2.1927,1.2491,0.001979
Hampshire,0.005125,0.004154,0.001393,2.1503,1.4966,0.004482
Middlesex,0.004612,0.003738,0.001287,2.1968,1.3876,0.003923
Norfolk,0.004055,0.003287,0.001063,2.2049,1.4735,0.003452
Plymouth,0.001693,0.001373,0.000553,2.1885,1.2161,0.001471
Suffolk,0.005752,0.004663,0.001367,2.1705,1.6712,0.004959
Worcester,0.001738,0.001408,0.000673,2.1503,1.043,0.001509
