Name,Estimated unvaccinated prevalence,Estimated vaccinated prevalence,Reported prevalence,Underreporting factor,Delay factor,Estimated prevalence
Entire state,0.004965,0.004025,0.001855,2.3955,1.0,0.004444
Allegany,0.005075,0.004114,0.001747,2.3403,1.1091,0.004534
Anne Arundel,0.004765,0.003863,0.001678,2.4212,1.0,0.004063
Baltimore,0.003889,0.003153,0.001421,2.3545,1.0,0.003347
Calvert,0.005296,0.004293,0.001427,2.4002,1.3367,0.004577
Caroline,0.002114,0.001714,0.000808,2.3292,1.0,0.001883
Carroll,0.002804,0.002273,0.001015,2.3813,1.0,0.002417
Cecil,0.003324,0.002695,0.001206,2.4467,1.0,0.00295
Charles,0.005335,0.004325,0.001899,2.4284,1.0,0.004611
Dorchester,0.002784,0.002257,0.001065,2.3159,1.0,0.002466
Frederick,0.004528,0.003671,0.001545,2.4212,1.0283,0.003846
Garrett,0.005532,0.004484,0.001999,2.4964,1.0,0.00499
Harford,0.004058,0.00329,0.001476,2.3813,1.0,0.003514
Howard,0.006512,0.005279,0.002254,2.4138,1.0,0.00544
Kent,0.00396,0.00321,0.001493,2.3178,1.0,0.003461
Montgomery,0.007342,0.005952,0.002558,2.4093,1.0,0.006164
Prince George's,0.00644,0.005221,0.002262,2.4327,1.0015,0.005511
Queen Anne's,0.0024,0.001945,0.000893,2.3403,1.0,0.00209
St. Mary's,0.003646,0.002956,0.001321,2.4093,1.0,0.003184
Somerset,0.007151,0.005797,0.001405,2.3647,1.9444,0.006462
Talbot,0.002322,0.001882,0.000861,2.3159,1.0,0.001993
Washington,0.004888,0.003963,0.001443,2.3492,1.2765,0.004328
Wicomico,0.007296,0.005914,0.00193,2.4412,1.3819,0.006512
Worcester,0.003805,0.003085,0.001205,2.4138,1.1273,0.003279
Baltimore City,0.005021,0.00407,0.001821,2.3311,1.0365,0.004401
