Name,Estimated unvaccinated prevalence,Estimated vaccinated prevalence,Reported prevalence,Underreporting factor,Delay factor,Estimated prevalence
Entire state,0.142786,0.026279,0.010284,2.6398,2.0,0.054296
Allegany,0.065092,0.01198,0.014343,2.4956,1.0,0.035795
Anne Arundel,0.097919,0.018021,0.014842,2.5217,1.0,0.037428
Baltimore,0.096458,0.017752,0.016531,2.5314,1.0,0.041847
Calvert,0.075333,0.013864,0.013045,2.5541,1.0,0.033318
Caroline,0.079683,0.014665,0.016943,2.5794,1.0,0.043702
Carroll,0.072704,0.013381,0.011814,2.5391,1.0,0.029996
Cecil,0.045795,0.008428,0.009577,2.5353,1.0,0.024279
Charles,0.114758,0.02112,0.020716,2.5864,1.0,0.053579
Dorchester,0.092345,0.016995,0.01923,2.5632,1.0,0.049291
Frederick,0.109023,0.020065,0.016914,2.5158,1.0,0.042553
Garrett,0.049697,0.009146,0.01196,2.4701,1.0,0.029542
Harford,0.085315,0.015702,0.014904,2.5295,1.0,0.037699
Howard,0.128093,0.023574,0.016497,2.4997,1.0,0.041238
Kent,0.087324,0.016071,0.015086,2.6203,1.0,0.03953
Montgomery,0.134969,0.02484,0.015861,2.4386,1.0,0.038679
Prince George's,0.146474,0.026957,0.023484,2.6036,1.0,0.061143
Queen Anne's,0.095178,0.017517,0.017209,2.6019,1.0,0.044775
St. Mary's,0.077832,0.014324,0.014122,2.5256,1.0,0.035667
Somerset,0.033123,0.006096,0.008354,2.3703,1.0,0.019802
Talbot,0.082298,0.015146,0.013475,2.4997,1.0,0.033682
Washington,0.11102,0.020432,0.022589,2.6019,1.0,0.058773
Wicomico,0.056034,0.010313,0.012499,2.5038,1.0,0.031294
Worcester,0.064934,0.011951,0.010808,2.5314,1.0,0.02736
Baltimore City,0.126863,0.023348,0.024956,2.4935,1.0,0.062227
