Name,Estimated unvaccinated prevalence,Estimated vaccinated prevalence,Reported prevalence,Underreporting factor,Delay factor,Estimated prevalence
Entire state,0.00343,0.002781,0.001088,2.3293,1.0,0.002535
Androscoggin,0.00329,0.002667,0.001182,2.2918,1.0496,0.002844
Aroostook,0.003548,0.002876,0.001297,2.371,1.0,0.003076
Cumberland,0.003013,0.002443,0.001085,2.3167,1.0,0.002513
Franklin,0.005561,0.004509,0.001457,2.4098,1.3871,0.00487
Hancock,0.002252,0.001826,0.000818,2.3432,1.0,0.001918
Kennebec,0.002812,0.00228,0.000924,2.3167,1.1313,0.002422
Knox,0.004392,0.00356,0.001559,2.3598,1.0,0.003679
Lincoln,0.003853,0.003124,0.00127,2.3803,1.075,0.003251
Oxford,0.003399,0.002755,0.001173,2.4012,1.0469,0.002948
Penobscot,0.003245,0.002631,0.001137,2.3035,1.0683,0.002798
Piscataquis,0.008076,0.006547,0.001489,2.3879,2.0,0.007113
Sagadahoc,0.002813,0.002281,0.001004,2.3694,1.0,0.002379
Somerset,0.002828,0.002293,0.00105,2.3725,1.0,0.002491
Waldo,0.002649,0.002147,0.000957,2.3864,1.0,0.002283
Washington,0.002453,0.001989,0.000701,2.2918,1.3125,0.002109
York,0.002902,0.002353,0.00106,2.3167,1.0,0.002455
