Name,Estimated unvaccinated prevalence,Estimated vaccinated prevalence,Reported prevalence,Underreporting factor,Delay factor,Estimated prevalence
Entire state,0.002289,0.002289,0.000973,2.3539,1.0,0.002289
Allegany,0.001815,0.001815,0.000809,2.2421,1.0,0.001815
Anne Arundel,0.002081,0.002081,0.00088,2.3638,1.0,0.002081
Baltimore,0.002074,0.002074,0.000886,2.3411,1.0,0.002074
Calvert,0.001927,0.001927,0.000832,2.3154,1.0,0.001927
Caroline,0.001793,0.001793,0.000778,2.3039,1.0,0.001793
Carroll,0.002035,0.002035,0.000867,2.3476,1.0,0.002035
Cecil,0.001862,0.001862,0.000788,2.3638,1.0,0.001862
Charles,0.003564,0.003564,0.001476,2.4141,1.0,0.003564
Dorchester,0.002191,0.002191,0.00094,2.3319,1.0,0.002191
Frederick,0.001809,0.001809,0.000786,2.301,1.0,0.001809
Garrett,0.00188,0.00188,0.000827,2.2732,1.0,0.00188
Harford,0.001631,0.001631,0.000697,2.3411,1.0,0.001631
Howard,0.002371,0.002371,0.001007,2.3539,1.0,0.002371
Kent,0.001327,0.001327,0.000566,2.3424,1.0,0.001327
Montgomery,0.002675,0.002675,0.001134,2.3577,1.0,0.002675
Prince George's,0.002786,0.002786,0.001177,2.3675,1.0,0.002786
Queen Anne's,0.001379,0.001379,0.000595,2.3154,1.0,0.001379
St. Mary's,0.002747,0.002747,0.001136,2.4173,1.0,0.002747
Somerset,0.001274,0.001274,0.000547,2.3319,1.0,0.001274
Talbot,0.001821,0.001821,0.00078,2.3346,1.0,0.001821
Washington,0.000973,0.000973,0.000437,2.227,1.0,0.000973
Wicomico,0.002253,0.002253,0.000975,2.3112,1.0,0.002253
Worcester,0.002105,0.002105,0.000899,2.3411,1.0,0.002105
Baltimore City,0.002238,0.002238,0.000976,2.2935,1.0,0.002238
