Name,Estimated unvaccinated prevalence,Estimated vaccinated prevalence,Reported prevalence,Underreporting factor,Delay factor,Estimated prevalence
Entire state,0.001082,0.001082,0.00049,2.209,1.0,0.001082
Dukes and Nantucket,Unknown,Unknown,0.000383,2.209,1.4286,0.001208
Barnstable,Unknown,Unknown,0.000587,2.2146,1.0,0.0013
Berkshire,0.001987,0.001987,0.000888,2.237,1.0,0.001987
Bristol,0.000768,0.000768,0.000343,2.2387,1.0,0.000768
Essex,0.000851,0.000851,0.000389,2.1874,1.0,0.000851
Franklin,0.000744,0.000744,0.000328,2.1676,1.0476,0.000744
Hampden,0.001118,0.001118,0.000508,2.1995,1.0,0.001118
Hampshire,0.000848,0.000848,0.000373,2.158,1.0536,0.000848
Middlesex,0.000869,0.000869,0.000394,2.2053,1.0,0.000869
Norfolk,0.000652,0.000652,0.000297,2.1935,1.0,0.000652
Plymouth,0.000666,0.000666,0.000301,2.2109,1.0,0.000666
Suffolk,0.000778,0.000778,0.000355,2.1935,1.0,0.000778
Worcester,0.000982,0.000982,0.000443,2.2164,1.0,0.000982
