Name,Estimated unvaccinated prevalence,Estimated vaccinated prevalence,Reported prevalence,Underreporting factor,Delay factor,Estimated prevalence
Entire state,0.004265,0.003456,0.001564,2.282,1.0731,0.00383
Dukes and Nantucket,Unknown,Unknown,0.003446,2.282,1.5312,0.01204
Barnstable,Unknown,Unknown,0.001479,2.3163,1.0295,0.003527
Berkshire,0.005615,0.004551,0.001977,2.282,1.1031,0.004977
Bristol,0.003695,0.002994,0.00124,2.2887,1.1364,0.003226
Essex,0.004317,0.003499,0.001438,2.282,1.1272,0.0037
Franklin,0.003519,0.002852,0.001282,2.2751,1.0471,0.003055
Hampden,0.004277,0.003466,0.001544,2.2909,1.0558,0.003734
Hampshire,0.005311,0.004304,0.001729,2.2704,1.1787,0.004626
Middlesex,0.004498,0.003645,0.001612,2.2887,1.0326,0.00381
Norfolk,0.004605,0.003732,0.001418,2.2865,1.2046,0.003905
Plymouth,0.003854,0.003123,0.001243,2.2797,1.1764,0.003334
Suffolk,0.004077,0.003304,0.001483,2.2931,1.0303,0.003503
Worcester,0.003209,0.0026,0.001144,2.2583,1.0747,0.002776
