Name,Estimated unvaccinated prevalence,Estimated vaccinated prevalence,Reported prevalence,Underreporting factor,Delay factor,Estimated prevalence
Entire state,0.01417,0.002747,0.002504,2.3427,1.0834,0.006355
Androscoggin,0.007706,0.001494,0.001709,2.3217,1.0,0.003967
Aroostook,0.010213,0.00198,0.002282,2.3038,1.0,0.005257
Cumberland,0.008205,0.001591,0.001376,2.2848,1.0,0.003144
Franklin,0.03398,0.006588,0.003941,2.4424,1.9344,0.018618
Hancock,0.014139,0.002741,0.002564,2.458,1.0072,0.006348
Kennebec,0.009188,0.001781,0.002036,2.2423,1.0,0.004565
Knox,0.010065,0.001951,0.001685,2.3957,1.0,0.004036
Lincoln,0.015253,0.002957,0.002541,2.4062,1.0482,0.006408
Oxford,0.013614,0.002639,0.002104,2.458,1.375,0.007112
Penobscot,0.048996,0.009499,0.005948,2.4518,1.6741,0.024414
Piscataquis,0.063149,0.012243,0.006673,2.6121,2.0,0.03486
Sagadahoc,0.003593,0.000697,0.000725,2.2048,1.0,0.001599
Somerset,0.050602,0.009811,0.005626,2.5521,2.0,0.028714
Waldo,0.014651,0.002841,0.002946,2.4424,1.0,0.007195
Washington,0.010191,0.001976,0.002199,2.3083,1.0,0.005076
York,0.009143,0.001773,0.001628,2.4197,1.0,0.003939
