Name,Estimated unvaccinated prevalence,Estimated vaccinated prevalence,Reported prevalence,Underreporting factor,Delay factor,Estimated prevalence
Entire state,0.011418,0.009276,0.003889,2.2849,1.0,0.008887
Androscoggin,0.012134,0.009858,0.004645,2.2725,1.0,0.010557
Aroostook,0.023051,0.018726,0.008262,2.4318,1.0,0.020092
Cumberland,0.00801,0.006507,0.003,2.2351,1.0,0.006705
Franklin,0.004663,0.003788,0.001854,2.2159,1.0,0.004109
Hancock,0.007336,0.005959,0.002637,2.3854,1.0,0.00629
Kennebec,0.017188,0.013963,0.006688,2.2276,1.0,0.014899
Knox,0.009084,0.00738,0.003218,2.3831,1.0,0.00767
Lincoln,0.005979,0.004857,0.002137,2.3786,1.0,0.005082
Oxford,0.007328,0.005954,0.002829,2.2628,1.0,0.006401
Penobscot,0.014821,0.01204,0.005541,2.3219,1.0,0.012865
Piscataquis,0.014065,0.011426,0.005243,2.374,1.0,0.012446
Sagadahoc,0.006068,0.004929,0.002259,2.2879,1.0,0.005168
Somerset,0.012275,0.009973,0.004516,2.4071,1.0,0.010871
Waldo,0.005969,0.004849,0.002191,2.3646,1.0,0.00518
Washington,0.016424,0.013343,0.005736,2.481,1.0,0.014232
York,0.007315,0.005943,0.002745,2.2725,1.0,0.006238
