Name,Estimated unvaccinated prevalence,Estimated vaccinated prevalence,Reported prevalence,Underreporting factor,Delay factor,Estimated prevalence
Entire state,0.040061,0.032547,0.013423,2.3249,1.0,0.031208
Androscoggin,0.02854,0.023186,0.010565,2.3509,1.0,0.024838
Aroostook,0.081373,0.06611,0.021818,2.4689,1.3171,0.070948
Cumberland,0.02599,0.021115,0.009651,2.2551,1.0,0.021764
Franklin,0.041851,0.034,0.015729,2.3458,1.0,0.036898
Hancock,0.03653,0.029678,0.01293,2.4236,1.0,0.031338
Kennebec,0.033704,0.027382,0.013001,2.2481,1.0,0.029227
Knox,0.032873,0.026707,0.011289,2.4594,1.0,0.027765
Lincoln,0.030838,0.025054,0.010828,2.4215,1.0,0.026219
Oxford,0.051681,0.041987,0.016145,2.3751,1.1776,0.045156
Penobscot,0.045587,0.037036,0.016471,2.3583,1.0191,0.039586
Piscataquis,0.049934,0.040568,0.016145,2.3728,1.1538,0.044203
Sagadahoc,0.027363,0.02223,0.01004,2.3221,1.0,0.023315
Somerset,0.060705,0.049318,0.015193,2.4215,1.4618,0.05378
Waldo,0.037027,0.030081,0.013219,2.4318,1.0,0.032146
Washington,0.043791,0.035577,0.012429,2.4419,1.2508,0.037961
York,0.041704,0.033881,0.015194,2.3407,1.0,0.035566
