Name,Estimated unvaccinated prevalence,Estimated vaccinated prevalence,Reported prevalence,Underreporting factor,Delay factor,Estimated prevalence
Entire state,0.001135,0.00092,0.00046,2.1807,1.0,0.001003
Allegany,0.002838,0.002301,0.001094,2.3237,1.0,0.002541
Anne Arundel,0.001406,0.00114,0.00054,2.227,1.0,0.001203
Baltimore,0.000859,0.000696,0.000342,2.1758,1.0,0.000744
Calvert,0.001757,0.001425,0.000616,2.2521,1.098,0.001523
Caroline,0.000652,0.000529,0.000269,2.1605,1.0,0.000582
Carroll,0.00159,0.001289,0.0006,2.2841,1.0,0.00137
Cecil,0.007008,0.005683,0.001507,2.2345,1.8554,0.006248
Charles,0.001124,0.000911,0.000453,2.1551,1.0,0.000977
Dorchester,0.000936,0.000759,0.000376,2.2154,1.0,0.000833
Frederick,0.001851,0.0015,0.000697,2.2718,1.0,0.001584
Garrett,0.005852,0.004745,0.002206,2.4061,1.0,0.005307
Harford,0.001148,0.000931,0.000446,2.2381,1.0,0.000999
Howard,0.001208,0.000979,0.000457,2.2154,1.0,0.001014
Kent,0.00121,0.000981,0.000463,2.2811,1.0,0.001057
Montgomery,0.001198,0.000971,0.000466,2.1551,1.0,0.001005
Prince George's,0.000706,0.000573,0.000283,2.1551,1.0,0.000609
Queen Anne's,0.000858,0.000696,0.000337,2.227,1.0,0.000751
St. Mary's,0.001021,0.000828,0.000405,2.2072,1.0,0.000894
Somerset,0.001412,0.001145,0.000586,2.1807,1.0,0.001277
Talbot,0.00118,0.000957,0.000457,2.227,1.0,0.001018
Washington,0.00182,0.001476,0.000715,2.2621,1.0,0.001617
Wicomico,0.001512,0.001226,0.000598,2.2654,1.0,0.001356
Worcester,0.000603,0.000489,0.00023,2.278,1.0,0.000523
Baltimore City,0.000744,0.000603,0.00031,2.1097,1.0,0.000654
