Name,Estimated unvaccinated prevalence,Estimated vaccinated prevalence,Reported prevalence,Underreporting factor,Delay factor,Estimated prevalence
Entire state,0.021837,0.017754,0.00494,2.6173,1.3398,0.017324
Androscoggin,0.01349,0.010968,0.004239,2.565,1.0853,0.011801
Aroostook,0.009989,0.008122,0.003549,2.4642,1.0,0.008746
Cumberland,0.033974,0.027622,0.005637,2.536,2.0,0.028592
Franklin,0.007764,0.006313,0.002715,2.5304,1.0,0.006871
Hancock,0.008167,0.00664,0.002746,2.5632,1.0,0.007039
Kennebec,0.019953,0.016223,0.005364,2.4444,1.3259,0.017384
Knox,0.015843,0.012881,0.005356,2.5112,1.0,0.013449
Lincoln,0.019048,0.015487,0.006294,2.547,1.014,0.016257
Oxford,0.009384,0.00763,0.003208,2.5667,1.0,0.008235
Penobscot,0.013766,0.011192,0.004272,2.5579,1.0981,0.012
Piscataquis,0.012239,0.00995,0.004409,2.4663,1.0,0.010873
Sagadahoc,0.00821,0.006675,0.002733,2.5737,1.0,0.007034
Somerset,0.018292,0.014872,0.005111,2.5632,1.2415,0.016263
Waldo,0.029358,0.023869,0.006446,2.5543,1.5549,0.025601
Washington,0.006286,0.005111,0.002295,2.3842,1.0,0.005471
York,0.041401,0.033661,0.006704,2.6364,2.0,0.035348
