Name,Estimated unvaccinated prevalence,Estimated vaccinated prevalence,Reported prevalence,Underreporting factor,Delay factor,Estimated prevalence
Entire state,0.015555,0.002981,0.00245,2.3769,1.0151,0.005911
Androscoggin,0.019842,0.003802,0.003214,2.4998,1.2091,0.009714
Aroostook,0.017914,0.003433,0.002968,2.4669,1.2,0.008785
Cumberland,0.010089,0.001933,0.001542,2.3169,1.0157,0.003629
Franklin,0.028709,0.005501,0.005066,2.4998,1.1969,0.015158
Hancock,0.020534,0.003935,0.00291,2.5421,1.1866,0.008777
Kennebec,0.012027,0.002304,0.002486,2.2843,1.0,0.005678
Knox,0.038089,0.007298,0.003595,2.4949,1.6136,0.014475
Lincoln,0.01155,0.002213,0.00179,2.3637,1.0893,0.004609
Oxford,0.019147,0.003669,0.003812,2.5071,1.0,0.009557
Penobscot,0.009942,0.001905,0.001952,2.4051,1.0,0.004695
Piscataquis,0.00935,0.001792,0.002026,2.4536,1.0,0.00497
Sagadahoc,0.017176,0.003291,0.002203,2.4747,1.322,0.007208
Somerset,0.029676,0.005686,0.005309,2.5918,1.1711,0.016112
Waldo,0.012445,0.002385,0.002392,2.4481,1.0,0.005856
Washington,0.018459,0.003537,0.003378,2.5664,1.0,0.008669
York,0.010466,0.002005,0.001753,2.402,1.0,0.004211
