Name,Estimated unvaccinated prevalence,Estimated vaccinated prevalence,Reported prevalence,Underreporting factor,Delay factor,Estimated prevalence
Entire state,0.002149,0.002149,0.000936,2.297,1.0,0.002149
Allegany,0.002401,0.002401,0.001037,2.3161,1.0,0.002401
Anne Arundel,0.001775,0.001775,0.000773,2.2952,1.0,0.001775
Baltimore,0.001767,0.001767,0.000775,2.2804,1.0,0.001767
Calvert,0.001839,0.001839,0.0008,2.2988,1.0,0.001839
Caroline,0.001557,0.001557,0.000688,2.2608,1.0,0.001557
Carroll,0.001908,0.001908,0.000819,2.3293,1.0,0.001908
Cecil,0.003218,0.003218,0.001283,2.3926,1.048,0.003218
Charles,0.002415,0.002415,0.00106,2.2785,1.0,0.002415
Dorchester,0.002096,0.002096,0.000908,2.3076,1.0,0.002096
Frederick,0.001531,0.001531,0.000667,2.297,1.0,0.001531
Garrett,0.003715,0.003715,0.001551,2.3953,1.0,0.003715
Harford,0.002335,0.002335,0.000998,2.3388,1.0,0.002335
Howard,0.002172,0.002172,0.000936,2.3194,1.0,0.002172
Kent,0.002682,0.002682,0.001133,2.3674,1.0,0.002682
Montgomery,0.002583,0.002583,0.001118,2.3093,1.0,0.002583
Prince George's,0.00245,0.00245,0.00106,2.311,1.0,0.00245
Queen Anne's,0.00155,0.00155,0.000675,2.297,1.0,0.00155
St. Mary's,0.003024,0.003024,0.001145,2.3127,1.1416,0.003024
Somerset,0.001723,0.001723,0.000703,2.3076,1.0625,0.001723
Talbot,0.002346,0.002346,0.001022,2.2952,1.0,0.002346
Washington,0.001972,0.001972,0.000861,2.2916,1.0,0.001972
Wicomico,0.001861,0.001861,0.000801,2.2952,1.0123,0.001861
Worcester,0.001507,0.001507,0.00065,2.3178,1.0,0.001507
Baltimore City,0.002024,0.002024,0.000913,2.2162,1.0,0.002024
