Name,Estimated unvaccinated prevalence,Estimated vaccinated prevalence,Reported prevalence,Underreporting factor,Delay factor,Estimated prevalence
Entire state,0.001495,0.001495,0.000659,2.268,1.0,0.001495
Allegany,0.001819,0.001819,0.000795,2.2872,1.0,0.001819
Anne Arundel,0.001324,0.001324,0.000587,2.255,1.0,0.001324
Baltimore,0.001266,0.001266,0.000562,2.2531,1.0,0.001266
Calvert,0.00084,0.00084,0.000378,2.2203,1.0,0.00084
Caroline,0.000862,0.000862,0.000389,2.2159,1.0,0.000862
Carroll,0.000716,0.000716,0.000321,2.2331,1.0,0.000716
Cecil,0.001087,0.001087,0.000486,2.2352,1.0,0.001087
Charles,0.001345,0.001345,0.000594,2.2644,1.0,0.001345
Dorchester,0.001319,0.001319,0.000595,2.2159,1.0,0.001319
Frederick,0.001261,0.001261,0.000555,2.2734,1.0,0.001261
Garrett,0.001267,0.001267,0.000551,2.2972,1.0,0.001267
Harford,0.001397,0.001397,0.000611,2.2872,1.0,0.001397
Howard,0.001399,0.001399,0.000617,2.2662,1.0,0.001399
Kent,0.001285,0.001285,0.000412,2.2289,1.4,0.001285
Montgomery,0.001745,0.001745,0.000762,2.2889,1.0,0.001745
Prince George's,0.002185,0.002185,0.000951,2.2972,1.0,0.002185
Queen Anne's,0.000884,0.000884,0.000397,2.2268,1.0,0.000884
St. Mary's,0.001106,0.001106,0.000485,2.2821,1.0,0.001106
Somerset,0.000691,0.000691,0.000312,2.2113,1.0,0.000691
Talbot,0.000963,0.000963,0.00043,2.2373,1.0,0.000963
Washington,0.000945,0.000945,0.000424,2.2311,1.0,0.000945
Wicomico,0.001074,0.001074,0.000483,2.2247,1.0,0.001074
Worcester,0.001161,0.001161,0.000497,2.2413,1.0417,0.001161
Baltimore City,0.001686,0.001686,0.000755,2.2331,1.0,0.001686
