Name,Estimated unvaccinated prevalence,Estimated vaccinated prevalence,Reported prevalence,Underreporting factor,Delay factor,Estimated prevalence
Entire state,0.00677,0.001313,0.001067,2.3824,1.245,0.003164
Androscoggin,0.003509,0.000681,0.000628,2.3218,1.2885,0.001879
Aroostook,0.013644,0.002646,0.001969,2.3863,1.5783,0.007414
Cumberland,0.003053,0.000592,0.000495,2.3122,1.0662,0.00122
Franklin,0.010084,0.001956,0.001159,2.4551,2.0,0.005691
Hancock,0.006875,0.001333,0.001018,2.4617,1.2791,0.003207
Kennebec,0.004403,0.000854,0.000687,2.3122,1.431,0.002273
Knox,0.007378,0.001431,0.000905,2.4275,1.4,0.003076
Lincoln,0.005774,0.00112,0.000924,2.3743,1.1481,0.002519
Oxford,0.00453,0.000879,0.000914,2.3743,1.1304,0.002454
Penobscot,0.009705,0.001882,0.001886,2.4517,1.0916,0.005048
Piscataquis,0.023482,0.004555,0.003158,2.6915,1.5758,0.013392
Sagadahoc,0.002267,0.00044,0.000446,2.3402,1.0,0.001044
Somerset,0.01272,0.002467,0.001684,2.4811,1.7872,0.007466
Waldo,0.007618,0.001478,0.001561,2.4905,1.0,0.003888
Washington,0.002716,0.000527,0.000606,2.3265,1.0,0.001409
York,0.010045,0.001948,0.001358,2.4018,1.3842,0.004515
