Name,Estimated unvaccinated prevalence,Estimated vaccinated prevalence,Reported prevalence,Underreporting factor,Delay factor,Estimated prevalence
Entire state,0.002979,0.002979,0.001301,2.2901,1.0,0.002979
Dukes and Nantucket,Unknown,Unknown,0.000801,2.2901,1.375,0.002521
Barnstable,Unknown,Unknown,0.001578,2.3345,1.1242,0.00414
Berkshire,0.004682,0.004682,0.001953,2.348,1.021,0.004682
Bristol,0.002396,0.002396,0.001039,2.3073,1.0,0.002396
Essex,0.002885,0.002885,0.001248,2.2901,1.0092,0.002885
Franklin,0.005306,0.005306,0.001696,2.3073,1.3563,0.005306
Hampden,0.003996,0.003996,0.001718,2.3267,1.0,0.003996
Hampshire,0.003082,0.003082,0.001324,2.2173,1.0495,0.003082
Middlesex,0.002394,0.002394,0.001049,2.283,1.0,0.002394
Norfolk,0.002486,0.002486,0.00107,2.2901,1.0148,0.002486
Plymouth,0.002276,0.002276,0.00099,2.2988,1.0,0.002276
Suffolk,0.002071,0.002071,0.000916,2.2623,1.0,0.002071
Worcester,0.002385,0.002385,0.001041,2.2901,1.0,0.002385
