Name,Estimated unvaccinated prevalence,Estimated vaccinated prevalence,Reported prevalence,Underreporting factor,Delay factor,Estimated prevalence
Entire state,0.004884,0.003959,0.001806,2.3864,1.0153,0.004376
Allegany,0.00767,0.006218,0.002826,2.363,1.0259,0.006851
Anne Arundel,0.006339,0.005139,0.001775,2.3968,1.2695,0.0054
Baltimore,0.003951,0.003203,0.001436,2.3662,1.0,0.003398
Calvert,0.005769,0.004676,0.001394,2.4012,1.4884,0.004983
Caroline,0.003149,0.002553,0.001197,2.3415,1.0,0.002804
Carroll,0.00567,0.004596,0.00149,2.3864,1.3736,0.004884
Cecil,0.005033,0.00408,0.001769,2.453,1.0284,0.004464
Charles,0.005362,0.004346,0.001991,2.3258,1.0,0.00463
Dorchester,0.007599,0.00616,0.002474,2.4055,1.1304,0.006728
Frederick,0.004386,0.003556,0.001533,2.4279,1.0,0.003723
Garrett,0.004374,0.003546,0.001413,2.4426,1.1429,0.003945
Harford,0.004204,0.003407,0.001421,2.3833,1.0742,0.003638
Howard,0.004618,0.003743,0.001627,2.3678,1.0,0.003853
Kent,0.010165,0.008239,0.002523,2.4196,1.4545,0.008879
Montgomery,0.005491,0.004451,0.001921,2.3997,1.0,0.004609
Prince George's,0.00608,0.004928,0.002143,2.4252,1.0,0.005198
Queen Anne's,0.003724,0.003018,0.00125,2.3833,1.0877,0.003242
St. Mary's,0.013624,0.011044,0.002652,2.3167,1.9355,0.01189
Somerset,0.003935,0.003189,0.001522,2.3346,1.0,0.003554
Talbot,0.007635,0.006189,0.001963,2.4098,1.3846,0.006551
Washington,0.007384,0.005986,0.002006,2.3516,1.3853,0.006535
Wicomico,0.006556,0.005315,0.002287,2.4707,1.0351,0.00585
Worcester,0.007212,0.005847,0.002028,2.5389,1.2069,0.006213
Baltimore City,0.004727,0.003832,0.001771,2.3381,1.0,0.00414
