Name,Estimated unvaccinated prevalence,Estimated vaccinated prevalence,Reported prevalence,Underreporting factor,Delay factor,Estimated prevalence
Entire state,0.002576,0.002089,0.000832,2.3049,1.0,0.001919
Androscoggin,0.002228,0.001807,0.00085,2.2695,1.0,0.001928
Aroostook,0.001601,0.001298,0.000597,2.3291,1.0,0.001389
Cumberland,0.002468,0.002001,0.000895,2.2965,1.0,0.002055
Franklin,0.001867,0.001514,0.000729,2.2473,1.0,0.001637
Hancock,0.001991,0.001615,0.000746,2.2765,1.0,0.001697
Kennebec,0.001915,0.001553,0.00072,2.2943,1.0,0.001651
Knox,0.001858,0.001507,0.000704,2.2141,1.0,0.001559
Lincoln,0.003109,0.002521,0.001097,2.3942,1.0,0.002627
Oxford,0.002039,0.001653,0.000776,2.281,1.0,0.001771
Penobscot,0.001925,0.001561,0.000723,2.2986,1.0,0.001662
Piscataquis,0.00244,0.001979,0.000894,2.4069,1.0,0.002151
Sagadahoc,0.003494,0.002833,0.001227,2.4101,1.0,0.002957
Somerset,0.001691,0.001372,0.000654,2.281,1.0,0.001491
Waldo,0.00209,0.001695,0.000755,2.3877,1.0,0.001804
Washington,0.001507,0.001222,0.000574,2.2623,1.0,0.001298
York,0.003095,0.00251,0.001117,2.346,1.0,0.002621
