Name,Estimated unvaccinated prevalence,Estimated vaccinated prevalence,Reported prevalence,Underreporting factor,Delay factor,Estimated prevalence
Entire state,0.000789,0.00064,0.000324,2.1566,1.0,0.000698
Allegany,0.000756,0.000613,0.000298,2.1566,1.0526,0.000677
Anne Arundel,0.000812,0.000658,0.000318,2.1853,1.0,0.000694
Baltimore,0.000733,0.000594,0.000294,2.1618,1.0,0.000635
Calvert,0.000268,0.000217,0.000108,2.1458,1.0,0.000232
Caroline,0.000285,0.000231,0.00012,2.1279,1.0,0.000255
Carroll,0.00108,0.000876,0.000386,2.2215,1.0847,0.00093
Cecil,0.001184,0.00096,0.000389,2.2252,1.2188,0.001055
Charles,0.001268,0.001028,0.000392,2.1401,1.3125,0.001101
Dorchester,0.001066,0.000864,0.000438,2.1618,1.0,0.000948
Frederick,0.001393,0.001129,0.000393,2.2215,1.3649,0.001192
Garrett,0.001548,0.001255,0.00062,2.2621,1.0,0.001403
Harford,0.000672,0.000544,0.000266,2.1939,1.0,0.000584
Howard,0.001062,0.000861,0.000408,2.1808,1.0,0.000891
Kent,0.000869,0.000704,0.000257,2.2101,1.3333,0.000759
Montgomery,0.001145,0.000928,0.000392,2.1279,1.1513,0.000961
Prince George's,0.000578,0.000468,0.000233,2.1341,1.0,0.000498
Queen Anne's,0.000879,0.000712,0.000337,2.2802,1.0,0.000769
St. Mary's,0.00064,0.000519,0.000255,2.1939,1.0,0.000561
Somerset,0.001096,0.000889,0.000468,2.1144,1.0,0.00099
Talbot,0.00199,0.001613,0.000511,2.2392,1.5,0.001716
Washington,0.000813,0.000659,0.000331,2.1808,1.0,0.000722
Wicomico,0.000844,0.000685,0.000338,2.2392,1.0,0.000756
Worcester,0.000146,0.000118,5.7e-05,2.1981,1.0,0.000126
Baltimore City,0.000908,0.000737,0.000374,2.1341,1.0,0.000798
