Name,Estimated unvaccinated prevalence,Estimated vaccinated prevalence,Reported prevalence,Underreporting factor,Delay factor,Estimated prevalence
Entire state,0.009842,0.007995,0.003401,2.2514,1.0,0.007656
Androscoggin,0.008077,0.006561,0.00314,2.2375,1.0,0.007026
Aroostook,0.021021,0.017077,0.00777,2.358,1.0,0.018321
Cumberland,0.006419,0.005215,0.002444,2.1982,1.0,0.005373
Franklin,0.005665,0.004602,0.002285,2.1849,1.0,0.004992
Hancock,0.00769,0.006247,0.002855,2.3093,1.0,0.006594
Kennebec,0.012659,0.010284,0.004963,2.2108,1.0,0.010972
Knox,0.010629,0.008635,0.003017,2.3743,1.2526,0.008974
Lincoln,0.0116,0.009423,0.002945,2.3532,1.4225,0.009859
Oxford,0.007301,0.005931,0.002812,2.2679,1.0,0.006376
Penobscot,0.012733,0.010344,0.004791,2.3066,1.0,0.011052
Piscataquis,0.011208,0.009105,0.00429,2.3121,1.0,0.009918
Sagadahoc,0.008729,0.007091,0.0029,2.2148,1.1573,0.007435
Somerset,0.013278,0.010787,0.004992,2.3556,1.0,0.011758
Waldo,0.007806,0.006341,0.002669,2.3202,1.0938,0.006773
Washington,0.0162,0.013161,0.005768,2.4335,1.0,0.014037
York,0.006292,0.005111,0.002379,2.2548,1.0,0.005364
