Name,Estimated unvaccinated prevalence,Estimated vaccinated prevalence,Reported prevalence,Underreporting factor,Delay factor,Estimated prevalence
Entire state,0.012986,0.010559,0.003881,2.5968,1.0244,0.010324
Androscoggin,0.013455,0.01094,0.003888,2.5674,1.1798,0.011777
Aroostook,0.009196,0.007477,0.003266,2.4661,1.0,0.008054
Cumberland,0.017912,0.014564,0.003878,2.5383,1.5322,0.015081
Franklin,0.006537,0.005315,0.002285,2.5326,1.0,0.005787
Hancock,0.005682,0.00462,0.00191,2.5656,1.0,0.004899
Kennebec,0.013395,0.010891,0.00435,2.4463,1.0971,0.011674
Knox,0.013171,0.010709,0.00445,2.5134,1.0,0.011186
Lincoln,0.016727,0.013601,0.005601,2.5494,1.0,0.01428
Oxford,0.007874,0.006402,0.002691,2.5691,1.0,0.006913
Penobscot,0.011249,0.009147,0.003832,2.5602,1.0,0.00981
Piscataquis,0.009431,0.007668,0.003396,2.4683,1.0,0.008382
Sagadahoc,0.006034,0.004906,0.002008,2.5762,1.0,0.005173
Somerset,0.012228,0.009942,0.004239,2.5656,1.0,0.010875
Waldo,0.018579,0.015107,0.005313,2.5566,1.1932,0.016207
Washington,0.00393,0.003196,0.001434,2.3859,1.0,0.003422
York,0.020562,0.01672,0.004951,2.6391,1.3442,0.017563
