Name,Estimated unvaccinated prevalence,Estimated vaccinated prevalence,Reported prevalence,Underreporting factor,Delay factor,Estimated prevalence
Entire state,0.003583,0.003583,0.001479,2.3603,1.0263,0.003583
Androscoggin,0.004246,0.004246,0.001589,2.3445,1.14,0.004246
Aroostook,0.00325,0.00325,0.001387,2.343,1.0,0.00325
Cumberland,0.003593,0.003593,0.001342,2.3038,1.1618,0.003593
Franklin,0.004202,0.004202,0.001623,2.3741,1.0909,0.004202
Hancock,0.004596,0.004596,0.001546,2.3714,1.2537,0.004596
Kennebec,0.003199,0.003199,0.001382,2.3153,1.0,0.003199
Knox,0.004056,0.004056,0.001433,2.3755,1.1915,0.004056
Lincoln,0.003207,0.003207,0.001386,2.3136,1.0,0.003207
Oxford,0.004063,0.004063,0.001742,2.3325,1.0,0.004063
Penobscot,0.004287,0.004287,0.001545,2.3603,1.1759,0.004287
Piscataquis,0.005747,0.005747,0.002383,2.4115,1.0,0.005747
Sagadahoc,0.008153,0.008153,0.001729,2.3575,2.0,0.008153
Somerset,0.004188,0.004188,0.001743,2.4028,1.0,0.004188
Waldo,0.00377,0.00377,0.00146,2.4003,1.0755,0.00377
Washington,0.003429,0.003429,0.00137,2.5025,1.0,0.003429
York,0.003808,0.003808,0.001556,2.3795,1.0288,0.003808
