Name,Estimated unvaccinated prevalence,Estimated vaccinated prevalence,Reported prevalence,Underreporting factor,Delay factor,Estimated prevalence
Entire state,0.00168,0.00168,0.000731,2.2962,1.0,0.00168
Allegany,0.001539,0.001539,0.000696,2.2114,1.0,0.001539
Anne Arundel,0.001348,0.001348,0.000585,2.3032,1.0,0.001348
Baltimore,0.001635,0.001635,0.000712,2.2962,1.0,0.001635
Calvert,0.001191,0.001191,0.000443,2.2172,1.2121,0.001191
Caroline,0.000594,0.000594,0.000269,2.2055,1.0,0.000594
Carroll,0.001211,0.001211,0.000528,2.292,1.0,0.001211
Cecil,0.002142,0.002142,0.000778,2.3004,1.197,0.002142
Charles,0.001671,0.001671,0.000735,2.273,1.0,0.001671
Dorchester,0.001304,0.001304,0.000595,2.1909,1.0,0.001304
Frederick,0.001587,0.001587,0.000697,2.276,1.0,0.001587
Garrett,0.002452,0.002452,0.001068,2.2948,1.0,0.002452
Harford,0.001452,0.001452,0.00063,2.3045,1.0,0.001452
Howard,0.002364,0.002364,0.000955,2.3477,1.0544,0.002364
Kent,0.001563,0.001563,0.000669,2.3356,1.0,0.001563
Montgomery,0.001796,0.001796,0.000784,2.2906,1.0,0.001796
Prince George's,0.002101,0.002101,0.000898,2.338,1.0,0.002101
Queen Anne's,0.001508,0.001508,0.000437,2.3018,1.5,0.001508
St. Mary's,0.001226,0.001226,0.000529,2.3191,1.0,0.001226
Somerset,0.001091,0.001091,0.000468,2.3281,1.0,0.001091
Talbot,0.00135,0.00135,0.000592,2.2819,1.0,0.00135
Washington,0.001032,0.001032,0.000463,2.2266,1.0,0.001032
Wicomico,0.001605,0.001605,0.000714,2.2475,1.0,0.001605
Worcester,0.001039,0.001039,0.000459,2.2621,1.0,0.001039
Baltimore City,0.001866,0.001866,0.000822,2.2699,1.0,0.001866
