Name,Estimated unvaccinated prevalence,Estimated vaccinated prevalence,Reported prevalence,Underreporting factor,Delay factor,Estimated prevalence
Entire state,0.000795,0.000645,0.000326,2.1568,1.0,0.000704
Allegany,0.00065,0.000527,0.00027,2.1568,1.0,0.000582
Anne Arundel,0.000844,0.000685,0.00033,2.1899,1.0,0.000722
Baltimore,0.000873,0.000707,0.000311,2.1669,1.1228,0.000756
Calvert,0.000268,0.000217,0.000108,2.146,1.0,0.000232
Caroline,0.000359,0.000291,0.00015,2.1403,1.0,0.00032
Carroll,0.000989,0.000802,0.000362,2.2326,1.0526,0.000851
Cecil,0.001538,0.001247,0.000438,2.2065,1.4194,0.00137
Charles,0.000921,0.000747,0.000368,2.1403,1.0172,0.0008
Dorchester,0.001951,0.001581,0.000564,2.1718,1.4167,0.001734
Frederick,0.001304,0.001057,0.00037,2.2218,1.3571,0.001115
Garrett,0.001975,0.001601,0.000793,2.2593,1.0,0.001791
Harford,0.00068,0.000551,0.00027,2.1899,1.0,0.000592
Howard,0.001102,0.000893,0.000421,2.1811,1.0074,0.000924
Kent,0.000869,0.000704,0.000257,2.2104,1.3333,0.000759
Montgomery,0.001003,0.000813,0.000366,2.1343,1.0756,0.000841
Prince George's,0.00054,0.000437,0.000218,2.1343,1.0,0.000465
Queen Anne's,0.000879,0.000713,0.000337,2.2805,1.0,0.00077
St. Mary's,0.000752,0.00061,0.0003,2.1984,1.0,0.000658
Somerset,0.001092,0.000886,0.000468,2.1071,1.0,0.000987
Talbot,0.002127,0.001724,0.000484,2.229,1.7,0.001835
Washington,0.000654,0.00053,0.000265,2.1942,1.0,0.000581
Wicomico,0.001106,0.000897,0.000444,2.2326,1.0,0.000991
Worcester,0.000195,0.000158,7.7e-05,2.2104,1.0,0.000169
Baltimore City,0.001019,0.000826,0.000413,2.1343,1.0167,0.000896
