Name,Estimated unvaccinated prevalence,Estimated vaccinated prevalence,Reported prevalence,Underreporting factor,Delay factor,Estimated prevalence
Entire state,0.001491,0.001491,0.000658,2.2636,1.0,0.001491
Allegany,0.001728,0.001728,0.000767,2.2527,1.0,0.001728
Anne Arundel,0.00111,0.00111,0.000489,2.2724,1.0,0.00111
Baltimore,0.001246,0.001246,0.000557,2.2354,1.0,0.001246
Calvert,0.001227,0.001227,0.0004,2.2167,1.3846,0.001227
Caroline,0.001149,0.001149,0.000449,2.1938,1.1667,0.001149
Carroll,0.00121,0.00121,0.000427,2.2334,1.2679,0.00121
Cecil,0.001995,0.001995,0.000758,2.2545,1.1667,0.001995
Charles,0.001781,0.001781,0.000772,2.308,1.0,0.001781
Dorchester,0.001336,0.001336,0.000595,2.2451,1.0,0.001336
Frederick,0.001333,0.001333,0.000582,2.2907,1.0,0.001333
Garrett,0.001657,0.001657,0.000551,2.2033,1.3636,0.001657
Harford,0.001489,0.001489,0.000611,2.2654,1.0764,0.001489
Howard,0.001339,0.001339,0.000593,2.26,1.0,0.001339
Kent,0.00118,0.00118,0.000515,2.2923,1.0,0.00118
Montgomery,0.001844,0.001844,0.000811,2.2741,1.0,0.001844
Prince George's,0.001746,0.001746,0.000767,2.2775,1.0,0.001746
Queen Anne's,0.001773,0.001773,0.000635,2.2508,1.24,0.001773
St. Mary's,0.002255,0.002255,0.000678,2.2741,1.4615,0.002255
Somerset,0.001316,0.001316,0.000547,2.2231,1.0833,0.001316
Talbot,0.001808,0.001808,0.00078,2.2354,1.037,0.001808
Washington,0.000751,0.000751,0.000338,2.2252,1.0,0.000751
Wicomico,0.001179,0.001179,0.000473,2.1813,1.1429,0.001179
Worcester,0.000727,0.000727,0.000325,2.2354,1.0,0.000727
Baltimore City,0.001931,0.001931,0.000868,2.2252,1.0,0.001931
