Name,Estimated unvaccinated prevalence,Estimated vaccinated prevalence,Reported prevalence,Underreporting factor,Delay factor,Estimated prevalence
Entire state,0.002955,0.002955,0.001131,2.3693,1.1029,0.002955
Allegany,0.003297,0.003297,0.001165,2.2719,1.2462,0.003297
Anne Arundel,0.002813,0.002813,0.00102,2.3741,1.1614,0.002813
Baltimore,0.002464,0.002464,0.000995,2.3447,1.0566,0.002464
Calvert,0.002867,0.002867,0.000973,2.351,1.2535,0.002867
Caroline,0.003327,0.003327,0.000898,2.2996,1.6111,0.003327
Carroll,0.002408,0.002408,0.000908,2.3891,1.1095,0.002408
Cecil,0.002119,0.002119,0.000904,2.3434,1.0,0.002119
Charles,0.004305,0.004305,0.001648,2.437,1.072,0.004305
Dorchester,0.004257,0.004257,0.001472,2.3263,1.2432,0.004257
Frederick,0.003802,0.003802,0.001094,2.333,1.4895,0.003802
Garrett,0.003336,0.003336,0.00131,2.2719,1.1212,0.003336
Harford,0.002934,0.002934,0.000959,2.3447,1.3048,0.002934
Howard,0.002835,0.002835,0.001093,2.3523,1.1025,0.002835
Kent,0.001426,0.001426,0.000618,2.3083,1.0,0.001426
Montgomery,0.002839,0.002839,0.001198,2.3693,1.0,0.002839
Prince George's,0.003864,0.003864,0.001432,2.3935,1.1274,0.003864
Queen Anne's,0.002382,0.002382,0.000695,2.3195,1.4783,0.002382
St. Mary's,0.004132,0.004132,0.001445,2.439,1.1727,0.004132
Somerset,0.001636,0.001636,0.000703,2.3277,1.0,0.001636
Talbot,0.001883,0.001883,0.000807,2.3343,1.0,0.001883
Washington,0.002296,0.002296,0.000642,2.2719,1.5738,0.002296
Wicomico,0.004089,0.004089,0.001274,2.3523,1.3646,0.004089
Worcester,0.004482,0.004482,0.001243,2.3657,1.5238,0.004482
Baltimore City,0.00262,0.00262,0.001087,2.2907,1.0523,0.00262
