Name,Estimated unvaccinated prevalence,Estimated vaccinated prevalence,Reported prevalence,Underreporting factor,Delay factor,Estimated prevalence
Entire state,0.003959,0.003959,0.00105,3.2291,1.1683,0.003959
Allegany,0.003266,0.003266,0.001037,3.1501,1.0,0.003266
Anne Arundel,0.002998,0.002998,0.000853,3.2519,1.0811,0.002998
Baltimore,0.003257,0.003257,0.000871,3.2184,1.1613,0.003257
Calvert,0.002187,0.002187,0.000681,3.2118,1.0,0.002187
Caroline,0.001979,0.001979,0.000629,3.1475,1.0,0.001979
Carroll,0.001907,0.001907,0.000558,3.1961,1.069,0.001907
Cecil,0.002028,0.002028,0.000642,3.1603,1.0,0.002028
Charles,0.004853,0.004853,0.001201,3.2963,1.2264,0.004853
Dorchester,0.005981,0.005981,0.001315,3.2162,1.4138,0.005981
Frederick,0.002845,0.002845,0.000825,3.1915,1.0812,0.002845
Garrett,0.002347,0.002347,0.000758,3.0947,1.0,0.002347
Harford,0.002664,0.002664,0.000795,3.2354,1.0359,0.002664
Howard,0.003933,0.003933,0.001022,3.2559,1.1815,0.003933
Kent,0.004202,0.004202,0.000927,3.2006,1.4167,0.004202
Montgomery,0.005323,0.005323,0.001308,3.2638,1.247,0.005323
Prince George's,0.005336,0.005336,0.001316,3.2437,1.2497,0.005336
Queen Anne's,0.002604,0.002604,0.000794,3.2793,1.0,0.002604
St. Mary's,0.004769,0.004769,0.001145,3.325,1.2524,0.004769
Somerset,0.005515,0.005515,0.000937,3.3268,1.7692,0.005515
Talbot,0.002931,0.002931,0.000914,3.2051,1.0,0.002931
Washington,0.002229,0.002229,0.000609,3.1371,1.1667,0.002229
Wicomico,0.005915,0.005915,0.001158,3.2619,1.5658,0.005915
Worcester,0.002296,0.002296,0.000555,3.1036,1.3333,0.002296
Baltimore City,0.004665,0.004665,0.001294,3.1961,1.1279,0.004665
