Name,Estimated unvaccinated prevalence,Estimated vaccinated prevalence,Reported prevalence,Underreporting factor,Delay factor,Estimated prevalence
Entire state,0.033764,0.006202,0.005206,2.3419,1.0633,0.012963
Dukes and Nantucket,Unknown,Unknown,0.006822,2.3419,1.56,0.024923
Barnstable,Unknown,Unknown,0.004535,2.4174,1.1393,0.012492
Berkshire,0.016641,0.003057,0.003778,2.3126,1.0,0.008736
Bristol,0.032496,0.00597,0.006307,2.4517,1.0,0.015463
Essex,0.03128,0.005746,0.005258,2.4149,1.0,0.012698
Franklin,0.018798,0.003453,0.003605,2.3126,1.0,0.008337
Hampden,0.037062,0.006808,0.006126,2.4349,1.1768,0.017553
Hampshire,0.019197,0.003527,0.003899,2.2395,1.0,0.008731
Middlesex,0.027548,0.005061,0.003922,2.2915,1.0861,0.009761
Norfolk,0.024262,0.004457,0.00358,2.3227,1.0689,0.008887
Plymouth,0.030798,0.005658,0.005389,2.4373,1.035,0.013596
Suffolk,0.028385,0.005214,0.004355,2.2525,1.1966,0.011738
Worcester,0.028078,0.005158,0.005147,2.36,1.0111,0.012282
