Name,Estimated unvaccinated prevalence,Estimated vaccinated prevalence,Reported prevalence,Underreporting factor,Delay factor,Estimated prevalence
Entire state,0.005984,0.001103,0.001188,2.3935,1.0,0.002843
Allegany,0.016829,0.003104,0.003494,2.5157,1.1779,0.010352
Anne Arundel,0.006578,0.001213,0.001257,2.3935,1.0,0.003008
Baltimore,0.004303,0.000793,0.000887,2.3898,1.0,0.00212
Calvert,0.003165,0.000584,0.000659,2.4954,1.0,0.001645
Caroline,0.007794,0.001437,0.001736,2.4805,1.0755,0.004632
Carroll,0.005129,0.000946,0.001003,2.4425,1.0,0.00245
Cecil,0.006252,0.001153,0.001449,2.5406,1.0,0.00368
Charles,0.008152,0.001503,0.001782,2.4805,1.0,0.004421
Dorchester,0.019551,0.003606,0.003821,2.6092,1.1308,0.011274
Frederick,0.006519,0.001202,0.001271,2.3822,1.0,0.003029
Garrett,0.012452,0.002296,0.002585,2.6554,1.1746,0.008063
Harford,0.00651,0.001201,0.001264,2.4256,1.0592,0.003249
Howard,0.004341,0.000801,0.000743,2.3332,1.0,0.001734
Kent,0.004268,0.000787,0.000875,2.449,1.0,0.002144
Montgomery,0.004993,0.000921,0.000826,2.2911,1.0,0.001893
Prince George's,0.005856,0.00108,0.001226,2.4222,1.0,0.00297
Queen Anne's,0.007005,0.001292,0.00133,2.465,1.1186,0.003667
St. Mary's,0.012201,0.00225,0.00252,2.5539,1.0215,0.006573
Somerset,0.006985,0.001288,0.001757,2.5721,1.0,0.004518
Talbot,0.005031,0.000928,0.000968,2.3198,1.0294,0.002312
Washington,0.007937,0.001464,0.001887,2.4984,1.0,0.004714
Wicomico,0.016124,0.002973,0.003146,2.6187,1.1905,0.009809
Worcester,0.012011,0.002215,0.002257,2.5721,1.0,0.005806
Baltimore City,0.003611,0.000666,0.000866,2.3152,1.0,0.002005
