Name,Estimated unvaccinated prevalence,Estimated vaccinated prevalence,Reported prevalence,Underreporting factor,Delay factor,Estimated prevalence
Entire state,0.00578,0.004686,0.001708,2.3765,1.2719,0.005162
Allegany,0.008655,0.007016,0.001704,2.2698,2.0,0.007736
Anne Arundel,0.006292,0.005101,0.001587,2.3917,1.4145,0.005367
Baltimore,0.004301,0.003486,0.001244,2.3285,1.2786,0.003703
Calvert,0.006573,0.005328,0.001394,2.4205,1.6842,0.005684
Caroline,0.002633,0.002135,0.000868,2.3164,1.1667,0.002346
Carroll,0.003229,0.002617,0.000926,2.3081,1.3025,0.002784
Cecil,0.005264,0.004267,0.001478,2.4079,1.313,0.004672
Charles,0.005906,0.004788,0.002095,2.4387,1.0,0.005109
Dorchester,0.004428,0.003589,0.001347,2.3588,1.2353,0.003924
Frederick,0.00608,0.004929,0.001445,2.3999,1.49,0.005167
Garrett,0.006585,0.005338,0.001517,2.4604,1.5926,0.005942
Harford,0.005928,0.004806,0.001323,2.3383,1.6601,0.005136
Howard,0.00521,0.004224,0.00183,2.3799,1.0,0.004355
Kent,0.00607,0.004921,0.00139,2.3496,1.625,0.005308
Montgomery,0.009325,0.00756,0.002543,2.39,1.286,0.007816
Prince George's,0.00718,0.005821,0.001929,2.4205,1.3171,0.006149
Queen Anne's,0.004733,0.003837,0.001191,2.4064,1.439,0.004124
St. Mary's,0.003902,0.003164,0.00133,2.373,1.0791,0.003407
Somerset,0.006631,0.005376,0.001288,2.3265,2.0,0.005994
Talbot,0.003704,0.003003,0.00121,2.3305,1.1282,0.003182
Washington,0.003566,0.002891,0.001079,2.3305,1.2558,0.003158
Wicomico,0.00535,0.004337,0.001506,2.4158,1.3136,0.004778
Worcester,0.005442,0.004412,0.001473,2.4312,1.3103,0.004692
Baltimore City,0.004926,0.003994,0.001582,2.3205,1.1769,0.004321
