Name,Estimated unvaccinated prevalence,Estimated vaccinated prevalence,Reported prevalence,Underreporting factor,Delay factor,Estimated prevalence
Entire state,0.006802,0.005514,0.002548,2.3794,1.0,0.006062
Allegany,0.003728,0.003022,0.001449,2.3014,1.0,0.003334
Anne Arundel,0.007158,0.005803,0.002489,2.4407,1.0056,0.00611
Baltimore,0.006191,0.005019,0.00223,2.392,1.0,0.005334
Calvert,0.005051,0.004094,0.001643,2.4311,1.0942,0.00437
Caroline,0.006135,0.004974,0.001676,2.3719,1.375,0.005467
Carroll,0.004875,0.003952,0.001698,2.4772,1.0,0.004206
Cecil,0.004556,0.003694,0.001653,2.4486,1.0,0.004047
Charles,0.007651,0.006203,0.002818,2.3506,1.0,0.006623
Dorchester,0.006712,0.005442,0.002506,2.3757,1.0,0.005952
Frederick,0.00614,0.004978,0.002119,2.4639,1.0,0.005221
Garrett,0.002728,0.002211,0.001034,2.3812,1.0,0.002462
Harford,0.005313,0.004307,0.00191,2.4112,1.0,0.004606
Howard,0.008457,0.006856,0.002905,2.4359,1.0,0.007075
Kent,0.008101,0.006568,0.00278,2.4532,1.0392,0.007088
Montgomery,0.011019,0.008933,0.003933,2.3486,1.0,0.009236
Prince George's,0.006897,0.005592,0.00237,2.4043,1.0376,0.005912
Queen Anne's,0.003189,0.002585,0.001171,2.3738,1.0,0.00278
St. Mary's,0.006381,0.005173,0.002141,2.4095,1.0804,0.005573
Somerset,0.005046,0.004091,0.001483,2.328,1.3214,0.004564
Talbot,0.005897,0.00478,0.002098,2.4162,1.0,0.005069
Washington,0.003978,0.003225,0.001178,2.3662,1.2643,0.003525
Wicomico,0.0046,0.003729,0.00165,2.4902,1.0,0.00411
Worcester,0.004587,0.003718,0.001549,2.4262,1.0526,0.003957
Baltimore City,0.007213,0.005847,0.002748,2.3037,1.0,0.006331
