Name,Estimated unvaccinated prevalence,Estimated vaccinated prevalence,Reported prevalence,Underreporting factor,Delay factor,Estimated prevalence
Entire state,0.003828,0.003103,0.001188,2.1917,1.3115,0.003414
Dukes and Nantucket,Unknown,Unknown,0.000592,2.1917,1.0,0.001297
Barnstable,Unknown,Unknown,0.000465,2.1832,1.0,0.001015
Berkshire,0.007723,0.00626,0.001537,2.2365,2.0,0.006874
Bristol,0.001756,0.001423,0.000655,2.1917,1.0727,0.001539
Essex,0.002621,0.002124,0.000842,2.2077,1.2143,0.002256
Franklin,0.003952,0.003203,0.001325,2.2038,1.1795,0.003445
Hampden,0.00259,0.002099,0.000819,2.2038,1.2574,0.00227
Hampshire,0.00311,0.002521,0.001268,2.1441,1.0,0.00272
Middlesex,0.004841,0.003924,0.001445,2.2038,1.2926,0.004117
Norfolk,0.004191,0.003397,0.001188,2.2038,1.362,0.003567
Plymouth,0.001373,0.001113,0.000535,2.1875,1.0183,0.001192
Suffolk,0.007258,0.005883,0.001727,2.1917,1.6532,0.006256
Worcester,0.002585,0.002095,0.000808,2.1648,1.2835,0.002245
