Name,Estimated unvaccinated prevalence,Estimated vaccinated prevalence,Reported prevalence,Underreporting factor,Delay factor,Estimated prevalence
Entire state,0.001317,0.001317,0.000594,2.2175,1.0,0.001317
Dukes and Nantucket,Unknown,Unknown,0.000278,2.2175,1.1667,0.00072
Barnstable,Unknown,Unknown,0.000587,2.2299,1.0333,0.001352
Berkshire,0.001994,0.001994,0.000888,2.2448,1.0,0.001994
Bristol,0.001119,0.001119,0.000494,2.2664,1.0,0.001119
Essex,0.001017,0.001017,0.000463,2.1986,1.0,0.001017
Franklin,0.000692,0.000692,0.000313,2.2064,1.0,0.000692
Hampden,0.001385,0.001385,0.000626,2.212,1.0,0.001385
Hampshire,0.000777,0.000777,0.000354,2.1925,1.0,0.000777
Middlesex,0.00106,0.00106,0.000476,2.2282,1.0,0.00106
Norfolk,0.000976,0.000976,0.00044,2.2175,1.0,0.000976
Plymouth,0.001086,0.001086,0.000485,2.2366,1.0,0.001086
Suffolk,0.001025,0.001025,0.000464,2.2083,1.0,0.001025
Worcester,0.001108,0.001108,0.000497,2.2282,1.0,0.001108
