Name,Estimated unvaccinated prevalence,Estimated vaccinated prevalence,Reported prevalence,Underreporting factor,Delay factor,Estimated prevalence
Entire state,0.005949,0.005949,0.001262,3.1623,1.4913,0.005949
Dukes and Nantucket,Unknown,Unknown,0.001149,3.1623,2.0,0.007264
Barnstable,Unknown,Unknown,0.001202,3.1792,1.2319,0.004707
Berkshire,0.006872,0.006872,0.001265,3.1498,1.7253,0.006872
Bristol,0.006317,0.006317,0.001152,3.2066,1.7105,0.006317
Essex,0.006451,0.006451,0.001345,3.1862,1.5057,0.006451
Franklin,0.0043,0.0043,0.000883,3.1122,1.5641,0.0043
Hampden,0.008482,0.008482,0.001735,3.1954,1.5303,0.008482
Hampshire,0.003808,0.003808,0.000914,3.0534,1.3645,0.003808
Middlesex,0.004207,0.004207,0.000972,3.1498,1.3737,0.004207
Norfolk,0.004716,0.004716,0.000928,3.1498,1.6133,0.004716
Plymouth,0.003986,0.003986,0.000896,3.1598,1.4079,0.003986
Suffolk,0.004915,0.004915,0.001051,3.1523,1.4833,0.004915
Worcester,0.004273,0.004273,0.000945,3.1548,1.4333,0.004273
