Name,Estimated unvaccinated prevalence,Estimated vaccinated prevalence,Reported prevalence,Underreporting factor,Delay factor,Estimated prevalence
Entire state,0.00468,0.000908,0.000912,2.3674,1.0166,0.002195
Androscoggin,0.002826,0.000548,0.000563,2.3323,1.1538,0.001516
Aroostook,0.008108,0.001573,0.001447,2.3837,1.28,0.004414
Cumberland,0.003763,0.00073,0.000576,2.3084,1.1342,0.001509
Franklin,0.008686,0.001685,0.00106,2.3916,1.9375,0.00491
Hancock,0.007826,0.001518,0.000982,2.46,1.5143,0.003658
Kennebec,0.003374,0.000654,0.000613,2.3459,1.2131,0.001745
Knox,0.00386,0.000749,0.000679,2.3756,1.0,0.001613
Lincoln,0.004133,0.000802,0.000751,2.407,1.0,0.001807
Oxford,0.002988,0.000579,0.00069,2.3503,1.0,0.001622
Penobscot,0.007185,0.001393,0.001531,2.4465,1.0,0.003747
Piscataquis,0.021824,0.004233,0.003038,2.7071,1.5152,0.012462
Sagadahoc,0.001406,0.000273,0.000279,2.3276,1.0,0.000649
Somerset,0.006465,0.001254,0.001228,2.486,1.2449,0.003801
Waldo,0.005563,0.001079,0.001158,2.4567,1.0,0.002845
Washington,0.003585,0.000695,0.000797,2.3369,1.0,0.001862
York,0.006972,0.001352,0.001108,2.4032,1.1804,0.003142
