Name,Estimated unvaccinated prevalence,Estimated vaccinated prevalence,Reported prevalence,Underreporting factor,Delay factor,Estimated prevalence
Entire state,0.001862,0.001509,0.000706,2.3635,1.0,0.001669
Allegany,0.004809,0.003898,0.001761,2.4387,1.0,0.004295
Anne Arundel,0.001633,0.001324,0.000585,2.3758,1.0,0.00139
Baltimore,0.001562,0.001266,0.000577,2.3289,1.0,0.001343
Calvert,0.001405,0.001139,0.000519,2.3392,1.0,0.001214
Caroline,0.001585,0.001285,0.000599,2.3572,1.0,0.001411
Carroll,0.001363,0.001105,0.000499,2.354,1.0,0.001174
Cecil,0.00141,0.001143,0.000515,2.4269,1.0,0.001251
Charles,0.002249,0.001823,0.000827,2.3475,1.0,0.001941
Dorchester,0.002497,0.002024,0.00094,2.3523,1.0,0.00221
Frederick,0.001685,0.001366,0.000597,2.3936,1.0,0.001429
Garrett,0.001779,0.001442,0.000655,2.449,1.0,0.001604
Harford,0.001305,0.001058,0.000482,2.3458,1.0,0.00113
Howard,0.002096,0.001699,0.000737,2.3728,1.0,0.001748
Kent,0.001609,0.001304,0.000618,2.2742,1.0,0.001405
Montgomery,0.002453,0.001988,0.00087,2.3666,1.0,0.002059
Prince George's,0.002306,0.001869,0.00082,2.4022,1.0,0.001971
Queen Anne's,0.00141,0.001143,0.000516,2.3788,1.0,0.001228
St. Mary's,0.001675,0.001357,0.000625,2.3358,1.0,0.001461
Somerset,0.003201,0.002595,0.00121,2.3892,1.0,0.002891
Talbot,0.002172,0.001761,0.00078,2.3892,1.0,0.001864
Washington,0.001348,0.001092,0.000516,2.3093,1.0,0.001193
Wicomico,0.002569,0.002082,0.000946,2.4229,1.0,0.002292
Worcester,0.001741,0.001412,0.000631,2.3758,1.0,0.0015
Baltimore City,0.001816,0.001472,0.000686,2.3184,1.0,0.00159
