Name,Estimated unvaccinated prevalence,Estimated vaccinated prevalence,Reported prevalence,Underreporting factor,Delay factor,Estimated prevalence
Entire state,0.00156,0.00156,0.000686,2.2735,1.0,0.00156
Allegany,0.004138,0.004138,0.001562,2.3087,1.1474,0.004138
Anne Arundel,0.0015,0.0015,0.000656,2.2809,1.0026,0.0015
Baltimore,0.001383,0.001383,0.000612,2.262,1.0,0.001383
Calvert,0.001656,0.001656,0.000659,2.26,1.1111,0.001656
Caroline,0.002385,0.002385,0.000838,2.3185,1.2273,0.002385
Carroll,0.001047,0.001047,0.000463,2.262,1.0,0.001047
Cecil,0.001759,0.001759,0.000768,2.2898,1.0,0.001759
Charles,0.00182,0.00182,0.000802,2.2678,1.0,0.00182
Dorchester,0.002086,0.002086,0.00072,2.2374,1.2941,0.002086
Frederick,0.001423,0.001423,0.00062,2.2933,1.0,0.001423
Garrett,0.002266,0.002266,0.000965,2.3477,1.0,0.002266
Harford,0.001573,0.001573,0.000681,2.3087,1.0,0.001573
Howard,0.001721,0.001721,0.000752,2.2881,1.0,0.001721
Kent,0.001265,0.001265,0.000566,2.233,1.0,0.001265
Montgomery,0.00178,0.00178,0.000776,2.2951,1.0,0.00178
Prince George's,0.001564,0.001564,0.000685,2.2827,1.0,0.001564
Queen Anne's,0.001229,0.001229,0.000536,2.2933,1.0,0.001229
St. Mary's,0.000998,0.000998,0.000449,2.2218,1.0,0.000998
Somerset,0.001061,0.001061,0.000468,2.2659,1.0,0.001061
Talbot,0.001157,0.001157,0.000511,2.2639,1.0,0.001157
Washington,0.001571,0.001571,0.000682,2.3036,1.0,0.001571
Wicomico,0.001449,0.001449,0.000637,2.2753,1.0,0.001449
Worcester,0.001121,0.001121,0.000497,2.254,1.0,0.001121
Baltimore City,0.001547,0.001547,0.000699,2.2123,1.0,0.001547
