Name,Estimated unvaccinated prevalence,Estimated vaccinated prevalence,Reported prevalence,Underreporting factor,Delay factor,Estimated prevalence
Entire state,0.002564,0.002079,0.000982,2.3422,1.0,0.002299
Allegany,0.00575,0.004661,0.00213,2.4103,1.0,0.005134
Anne Arundel,0.002483,0.002013,0.000891,2.3733,1.0,0.002114
Baltimore,0.002248,0.001822,0.000834,2.3168,1.0,0.001932
Calvert,0.001683,0.001364,0.000627,2.3185,1.0,0.001453
Caroline,0.00176,0.001427,0.000688,2.2754,1.0,0.001567
Carroll,0.001482,0.001201,0.000552,2.3115,1.0,0.001276
Cecil,0.001782,0.001444,0.000661,2.3894,1.0,0.00158
Charles,0.003274,0.002654,0.001201,2.3534,1.0,0.002825
Dorchester,0.003844,0.003116,0.001441,2.3612,1.0,0.003402
Frederick,0.002821,0.002286,0.001009,2.3703,1.0,0.002393
Garrett,0.002473,0.002005,0.000931,2.3965,1.0,0.00223
Harford,0.00239,0.001937,0.000881,2.347,1.0,0.002067
Howard,0.002581,0.002092,0.000912,2.3596,1.0,0.002152
Kent,0.001892,0.001534,0.000721,2.293,1.0,0.001653
Montgomery,0.003125,0.002533,0.001118,2.3454,1.0,0.002623
Prince George's,0.00305,0.002472,0.001101,2.3673,1.0,0.002606
Queen Anne's,0.002328,0.001887,0.000853,2.3733,1.0,0.002026
St. Mary's,0.002665,0.00216,0.001004,2.315,1.0,0.002325
Somerset,0.001587,0.001287,0.000625,2.2949,1.0,0.001433
Talbot,0.003327,0.002697,0.00121,2.3581,1.0,0.002854
Washington,0.002533,0.002053,0.000953,2.3502,1.0,0.002241
Wicomico,0.002343,0.001899,0.000888,2.3534,1.0,0.00209
Worcester,0.001836,0.001488,0.00067,2.3612,1.0,0.001581
Baltimore City,0.00279,0.002261,0.001058,2.3079,1.0,0.002442
