Name,Estimated unvaccinated prevalence,Estimated vaccinated prevalence,Reported prevalence,Underreporting factor,Delay factor,Estimated prevalence
Entire state,0.002758,0.002758,0.001216,2.2691,1.0,0.002758
Dukes and Nantucket,Unknown,Unknown,0.00087,2.2691,1.0909,0.002154
Barnstable,Unknown,Unknown,0.001352,2.3172,1.0,0.003133
Berkshire,0.004431,0.004431,0.001889,2.346,1.0,0.004431
Bristol,0.002306,0.002306,0.001001,2.3026,1.0,0.002306
Essex,0.002575,0.002575,0.001129,2.2801,1.0,0.002575
Franklin,0.003488,0.003488,0.00151,2.3091,1.0,0.003488
Hampden,0.003391,0.003391,0.001467,2.3124,1.0,0.003391
Hampshire,0.002762,0.002762,0.00125,2.2104,1.0,0.002762
Middlesex,0.002247,0.002247,0.00099,2.2691,1.0,0.002247
Norfolk,0.002275,0.002275,0.001,2.2747,1.0,0.002275
Plymouth,0.002486,0.002486,0.001038,2.2837,1.0485,0.002486
Suffolk,0.002013,0.002013,0.000893,2.2537,1.0,0.002013
Worcester,0.002486,0.002486,0.001064,2.2855,1.022,0.002486
