Name,Estimated unvaccinated prevalence,Estimated vaccinated prevalence,Reported prevalence,Underreporting factor,Delay factor,Estimated prevalence
Entire state,0.003747,0.003038,0.001145,2.33,1.0371,0.002767
Androscoggin,0.003047,0.002471,0.001154,2.2812,1.0,0.002634
Aroostook,0.006137,0.004975,0.001685,2.3678,1.3333,0.00532
Cumberland,0.00255,0.002067,0.000922,2.3066,1.0,0.002127
Franklin,0.003136,0.002542,0.001159,2.3693,1.0,0.002746
Hancock,0.003096,0.00251,0.000873,2.377,1.2703,0.002636
Kennebec,0.003214,0.002605,0.001079,2.3678,1.0826,0.002767
Knox,0.005884,0.00477,0.001685,2.3047,1.2692,0.004928
Lincoln,0.002958,0.002398,0.001068,2.3352,1.0,0.002495
Oxford,0.005202,0.004217,0.001656,2.3519,1.1585,0.004512
Penobscot,0.004939,0.004004,0.00142,2.3158,1.2952,0.004258
Piscataquis,0.004369,0.003542,0.001609,2.3919,1.0,0.003848
Sagadahoc,0.006408,0.005195,0.001534,2.4202,1.4595,0.005418
Somerset,0.004704,0.003813,0.001387,2.4242,1.2321,0.004142
Waldo,0.001616,0.00131,0.000604,2.3047,1.0,0.001393
Washington,0.001678,0.00136,0.000637,2.2623,1.0,0.001442
York,0.003005,0.002436,0.001064,2.3335,1.0233,0.002541
