Name,Estimated unvaccinated prevalence,Estimated vaccinated prevalence,Reported prevalence,Underreporting factor,Delay factor,Estimated prevalence
Entire state,0.00206,0.00167,0.000613,2.1932,1.3589,0.001826
Allegany,0.00055,0.000446,0.000213,2.1422,1.0769,0.000491
Anne Arundel,0.002086,0.001691,0.000568,2.2462,1.3957,0.001781
Baltimore,0.001671,0.001355,0.000469,2.1971,1.4022,0.001445
Calvert,0.000949,0.000769,0.000303,2.2086,1.2273,0.00082
Caroline,0.000444,0.00036,0.00018,2.2049,1.0,0.000396
Carroll,0.001096,0.000889,0.000344,2.2086,1.2391,0.000942
Cecil,0.001177,0.000954,0.000399,2.2333,1.1765,0.001047
Charles,0.002303,0.001867,0.000674,2.1971,1.3457,0.001992
Dorchester,0.002657,0.002154,0.000532,2.216,2.0,0.00236
Frederick,0.001782,0.001445,0.00047,2.2462,1.4405,0.001521
Garrett,0.000828,0.000671,0.000172,2.1763,2.0,0.00075
Harford,0.001208,0.00098,0.000399,2.2123,1.1882,0.00105
Howard,0.00275,0.00223,0.000657,2.2366,1.5662,0.002302
Kent,0.000387,0.000314,0.000154,2.1849,1.0,0.000337
Montgomery,0.003309,0.002683,0.001009,2.1849,1.2577,0.002772
Prince George's,0.002123,0.001721,0.000589,2.2086,1.3969,0.001819
Queen Anne's,0.000806,0.000654,0.000318,2.2195,1.0,0.000705
St. Mary's,0.00131,0.001062,0.000344,2.1932,1.52,0.001145
Somerset,0.001084,0.000879,0.000468,2.0882,1.0,0.000978
Talbot,0.001928,0.001564,0.000377,2.2049,2.0,0.00166
Washington,0.000384,0.000311,0.000159,2.1422,1.0,0.00034
Wicomico,0.000601,0.000487,0.000241,2.2265,1.0,0.000537
Worcester,0.000343,0.000278,0.000134,2.216,1.0,0.000297
Baltimore City,0.003861,0.00313,0.000937,2.1626,1.6717,0.003387
