Name,Estimated unvaccinated prevalence,Estimated vaccinated prevalence,Reported prevalence,Underreporting factor,Delay factor,Estimated prevalence
Entire state,0.007749,0.001429,0.001401,2.3922,1.0743,0.003601
Allegany,0.026337,0.004855,0.005397,2.639,1.118,0.015922
Anne Arundel,0.006695,0.001234,0.001264,2.3625,1.0041,0.002998
Baltimore,0.006121,0.001128,0.001082,2.3587,1.161,0.002962
Calvert,0.011051,0.002037,0.001535,2.4487,1.5,0.005637
Caroline,0.018843,0.003474,0.003203,2.5314,1.359,0.011019
Carroll,0.009738,0.001795,0.001354,2.4096,1.4012,0.00457
Cecil,0.012828,0.002365,0.002071,2.5072,1.4324,0.007437
Charles,0.009124,0.001682,0.001954,2.4197,1.0258,0.00485
Dorchester,0.019781,0.003647,0.004259,2.5181,1.0465,0.011225
Frederick,0.007407,0.001365,0.00141,2.3886,1.0027,0.003378
Garrett,0.037398,0.006894,0.00486,2.6772,1.8421,0.023967
Harford,0.006052,0.001116,0.001245,2.385,1.0,0.002969
Howard,0.005087,0.000938,0.000869,2.2991,1.0,0.001998
Kent,0.006317,0.001165,0.001287,2.4296,1.0,0.003127
Montgomery,0.00524,0.000966,0.000843,2.3038,1.0,0.001943
Prince George's,0.005924,0.001092,0.00122,2.4027,1.0,0.00293
Queen Anne's,0.014894,0.002746,0.001886,2.51,1.6207,0.007671
St. Mary's,0.023025,0.004245,0.003515,2.5496,1.3584,0.012174
Somerset,0.018182,0.003352,0.004099,2.639,1.0722,0.011598
Talbot,0.007436,0.001371,0.001425,2.3547,1.0,0.003357
Washington,0.016697,0.003078,0.003078,2.4904,1.2712,0.009746
Wicomico,0.015894,0.00293,0.003233,2.6006,1.1322,0.00952
Worcester,0.009642,0.001778,0.001798,2.5367,1.0,0.004561
Baltimore City,0.004938,0.00091,0.001126,2.3038,1.0373,0.00269
