Name,Estimated unvaccinated prevalence,Estimated vaccinated prevalence,Reported prevalence,Underreporting factor,Delay factor,Estimated prevalence
Entire state,0.002138,0.002138,0.000929,2.2301,1.0323,0.002138
Dukes and Nantucket,Unknown,Unknown,0.000766,2.2301,1.5,0.002562
Barnstable,Unknown,Unknown,0.000925,2.2615,1.0,0.002092
Berkshire,0.002681,0.002681,0.001185,2.2633,1.0,0.002681
Bristol,0.002095,0.002095,0.000847,2.2705,1.0888,0.002095
Essex,0.001843,0.001843,0.000826,2.2301,1.0,0.001843
Franklin,0.002015,0.002015,0.000898,2.2444,1.0,0.002015
Hampden,0.002754,0.002754,0.001207,2.281,1.0,0.002754
Hampshire,0.002327,0.002327,0.000964,2.2105,1.0922,0.002327
Middlesex,0.001769,0.001769,0.00078,2.2322,1.0162,0.001769
Norfolk,0.001427,0.001427,0.000642,2.2216,1.0,0.001427
Plymouth,0.0014,0.0014,0.000627,2.2322,1.0,0.0014
Suffolk,0.00189,0.00189,0.000721,2.2172,1.1816,0.00189
Worcester,0.001726,0.001726,0.000771,2.2404,1.0,0.001726
