Name,Estimated unvaccinated prevalence,Estimated vaccinated prevalence,Reported prevalence,Underreporting factor,Delay factor,Estimated prevalence
Entire state,0.001139,0.001139,0.00051,2.2337,1.0,0.001139
Allegany,0.001124,0.001124,0.000511,2.1989,1.0,0.001124
Anne Arundel,0.001236,0.001236,0.000521,2.2532,1.0524,0.001236
Baltimore,0.001128,0.001128,0.0005,2.2548,1.0,0.001128
Calvert,0.000529,0.000529,0.000238,2.2233,1.0,0.000529
Caroline,0.001011,0.001011,0.000389,2.164,1.2,0.001011
Carroll,0.000918,0.000918,0.00041,2.242,1.0,0.000918
Cecil,0.000795,0.000795,0.00035,2.2728,1.0,0.000795
Charles,0.000964,0.000964,0.000429,2.2485,1.0,0.000964
Dorchester,0.001449,0.001449,0.000658,2.2029,1.0,0.001449
Frederick,0.00116,0.00116,0.000509,2.2799,1.0,0.00116
Garrett,0.002393,0.002393,0.000689,2.1929,1.5833,0.002393
Harford,0.001252,0.001252,0.000556,2.2516,1.0,0.001252
Howard,0.001131,0.001131,0.0005,2.2594,1.0,0.001131
Kent,0.001064,0.001064,0.000463,2.2951,1.0,0.001064
Montgomery,0.001295,0.001295,0.000573,2.2594,1.0,0.001295
Prince George's,0.001237,0.001237,0.000544,2.2728,1.0,0.001237
Queen Anne's,0.001176,0.001176,0.000417,2.2563,1.25,0.001176
St. Mary's,0.000724,0.000724,0.000326,2.2215,1.0,0.000724
Somerset,0.001329,0.001329,0.000429,2.1664,1.4286,0.001329
Talbot,0.001116,0.001116,0.00043,2.2469,1.1538,0.001116
Washington,0.000733,0.000733,0.000338,2.1711,1.0,0.000733
Wicomico,0.000857,0.000857,0.000386,2.2197,1.0,0.000857
Worcester,0.00152,0.00152,0.00065,2.3364,1.0,0.00152
Baltimore City,0.001312,0.001312,0.00059,2.2251,1.0,0.001312
