Name,Estimated unvaccinated prevalence,Estimated vaccinated prevalence,Reported prevalence,Underreporting factor,Delay factor,Estimated prevalence
Entire state,0.004008,0.003251,0.001294,2.3177,1.0,0.003
Androscoggin,0.003763,0.003052,0.001238,2.2377,1.177,0.00326
Aroostook,0.003887,0.003153,0.001461,2.3091,1.0,0.003375
Cumberland,0.004301,0.003489,0.001488,2.3402,1.0282,0.003581
Franklin,0.003543,0.002874,0.001325,2.3461,1.0,0.003108
Hancock,0.003993,0.003238,0.0012,2.3134,1.2264,0.003405
Kennebec,0.002806,0.002276,0.001071,2.2594,1.0,0.00242
Knox,0.002447,0.001985,0.00088,2.3342,1.0,0.002054
Lincoln,0.002061,0.001671,0.00078,2.2349,1.0,0.001742
Oxford,0.00427,0.003463,0.001501,2.3003,1.075,0.003711
Penobscot,0.003109,0.002522,0.001163,2.3091,1.0,0.002686
Piscataquis,0.00344,0.00279,0.001251,2.4247,1.0,0.003034
Sagadahoc,0.007749,0.006285,0.001367,2.4035,2.0,0.006569
Somerset,0.003209,0.002603,0.00105,2.3848,1.1304,0.00283
Waldo,0.003811,0.003091,0.00136,2.4199,1.0,0.00329
Washington,0.002075,0.001683,0.000797,2.2433,1.0,0.001787
York,0.004453,0.003612,0.001536,2.3261,1.0565,0.003775
