Name,Estimated unvaccinated prevalence,Estimated vaccinated prevalence,Reported prevalence,Underreporting factor,Delay factor,Estimated prevalence
Entire state,0.016303,0.003161,0.003083,2.3095,1.0601,0.007548
Androscoggin,0.013307,0.00258,0.002789,2.3574,1.0238,0.006732
Aroostook,0.013861,0.002688,0.002878,2.4316,1.0,0.006999
Cumberland,0.018556,0.003598,0.002017,2.2579,1.5309,0.006972
Franklin,0.014524,0.002816,0.003113,2.5261,1.0,0.007863
Hancock,0.032386,0.006279,0.004365,2.47,1.3278,0.014314
Kennebec,0.02485,0.004818,0.004293,2.2127,1.278,0.012139
Knox,0.011207,0.002173,0.001911,2.3138,1.0,0.004421
Lincoln,0.011283,0.002188,0.001992,2.3422,1.0,0.004666
Oxford,0.01603,0.003108,0.003346,2.4643,1.0,0.008246
Penobscot,0.023024,0.004464,0.004601,2.3791,1.0279,0.011251
Piscataquis,0.033018,0.006402,0.006494,2.4408,1.1368,0.018019
Sagadahoc,0.014018,0.002718,0.002203,2.3895,1.1642,0.006129
Somerset,0.018615,0.003609,0.004298,2.4191,1.0,0.010398
Waldo,0.008071,0.001565,0.001637,2.3895,1.0,0.003911
Washington,0.01863,0.003612,0.003792,2.3962,1.0,0.009087
York,0.024959,0.004839,0.002788,2.3574,1.6011,0.010525
