Name,Estimated unvaccinated prevalence,Estimated vaccinated prevalence,Reported prevalence,Underreporting factor,Delay factor,Estimated prevalence
Entire state,0.004231,0.00343,0.001582,2.391,1.0,0.003782
Allegany,0.003087,0.002503,0.001207,2.2855,1.0,0.002759
Anne Arundel,0.004545,0.003685,0.001599,2.4253,1.0,0.003877
Baltimore,0.003251,0.002636,0.001189,2.3533,1.0,0.002799
Calvert,0.003121,0.00253,0.001124,2.4006,1.0,0.002698
Caroline,0.002932,0.002377,0.000988,2.3132,1.1429,0.002612
Carroll,0.002468,0.002001,0.000896,2.3743,1.0,0.002128
Cecil,0.00312,0.002529,0.001128,2.4557,1.0,0.00277
Charles,0.005221,0.004232,0.001844,2.4486,1.0,0.004515
Dorchester,0.003455,0.002801,0.001284,2.3844,1.0,0.003062
Frederick,0.003957,0.003208,0.00136,2.4022,1.0292,0.003363
Garrett,0.00432,0.003503,0.001551,2.5135,1.0,0.003898
Harford,0.003312,0.002685,0.001206,2.3794,1.0,0.002869
Howard,0.006339,0.005139,0.002122,2.4283,1.0283,0.005298
Kent,0.003136,0.002542,0.001184,2.3152,1.0,0.002742
Montgomery,0.006225,0.005046,0.002177,2.399,1.0,0.005222
Prince George's,0.005217,0.004229,0.001846,2.4193,1.0,0.004467
Queen Anne's,0.003395,0.002752,0.000992,2.4327,1.225,0.002958
St. Mary's,0.003524,0.002857,0.001269,2.3587,1.0288,0.003078
Somerset,0.001913,0.001551,0.000742,2.331,1.0,0.001729
Talbot,0.002606,0.002112,0.000968,2.3112,1.0,0.002238
Washington,0.002381,0.00193,0.0009,2.3423,1.0,0.002109
Wicomico,0.003595,0.002915,0.001274,2.4429,1.0315,0.00321
Worcester,0.004331,0.003511,0.001454,2.4313,1.0563,0.003734
Baltimore City,0.003868,0.003135,0.001457,2.3271,1.0,0.003392
