Name,Estimated unvaccinated prevalence,Estimated vaccinated prevalence,Reported prevalence,Underreporting factor,Delay factor,Estimated prevalence
Entire state,0.001634,0.001634,0.000721,2.2656,1.0,0.001634
Allegany,0.002027,0.002027,0.000895,2.2656,1.0,0.002027
Anne Arundel,0.001472,0.001472,0.000649,2.2675,1.0,0.001472
Baltimore,0.001391,0.001391,0.000619,2.248,1.0,0.001391
Calvert,0.001339,0.001339,0.000594,2.252,1.0,0.001339
Caroline,0.001231,0.001231,0.000539,2.284,1.0,0.001231
Carroll,0.001183,0.001183,0.000516,2.291,1.0,0.001183
Cecil,0.001598,0.001598,0.0007,2.2822,1.0,0.001598
Charles,0.00184,0.00184,0.000821,2.2418,1.0,0.00184
Dorchester,0.002847,0.002847,0.000971,2.248,1.3043,0.002847
Frederick,0.001846,0.001846,0.000747,2.291,1.0782,0.001846
Garrett,0.002468,0.002468,0.001068,2.3095,1.0,0.002468
Harford,0.001445,0.001445,0.000626,2.3062,1.0,0.001445
Howard,0.002086,0.002086,0.00089,2.2857,1.0248,0.002086
Kent,0.000568,0.000568,0.000257,2.2082,1.0,0.000568
Montgomery,0.001794,0.001794,0.000786,2.2822,1.0,0.001794
Prince George's,0.00184,0.00184,0.000805,2.2857,1.0,0.00184
Queen Anne's,0.001026,0.001026,0.000457,2.248,1.0,0.001026
St. Mary's,0.001838,0.001838,0.000678,2.2106,1.2258,0.001838
Somerset,0.000701,0.000701,0.000312,2.2439,1.0,0.000701
Talbot,0.001719,0.001719,0.000753,2.2822,1.0,0.001719
Washington,0.001643,0.001643,0.000708,2.3191,1.0,0.001643
Wicomico,0.001781,0.001781,0.000753,2.2731,1.0405,0.001781
Worcester,0.000763,0.000763,0.000344,2.2153,1.0,0.000763
Baltimore City,0.001702,0.001702,0.000772,2.2058,1.0,0.001702
