Name,Estimated unvaccinated prevalence,Estimated vaccinated prevalence,Reported prevalence,Underreporting factor,Delay factor,Estimated prevalence
Entire state,0.001818,0.001818,0.000808,2.2507,1.0,0.001818
Dukes and Nantucket,Unknown,Unknown,0.000487,2.2507,1.1818,0.001296
Barnstable,Unknown,Unknown,0.000911,2.2799,1.0,0.002077
Berkshire,0.001284,0.001284,0.000584,2.1979,1.0,0.001284
Bristol,0.001479,0.001479,0.000644,2.2969,1.0,0.001479
Essex,0.00147,0.00147,0.000656,2.239,1.0,0.00147
Franklin,0.000853,0.000853,0.000385,2.2176,1.0,0.000853
Hampden,0.002234,0.002234,0.000991,2.2555,1.0,0.002234
Hampshire,0.001388,0.001388,0.000628,2.2099,1.0,0.001388
Middlesex,0.00137,0.00137,0.000611,2.2441,1.0,0.00137
Norfolk,0.001378,0.001378,0.000613,2.249,1.0,0.001378
Plymouth,0.001705,0.001705,0.00075,2.2725,1.0,0.001705
Suffolk,0.001657,0.001657,0.0007,2.2603,1.0466,0.001657
Worcester,0.001312,0.001312,0.000584,2.2474,1.0,0.001312
