Name,Estimated unvaccinated prevalence,Estimated vaccinated prevalence,Reported prevalence,Underreporting factor,Delay factor,Estimated prevalence
Entire state,0.007848,0.001442,0.001414,2.2063,1.0,0.003119
Dukes and Nantucket,Unknown,Unknown,0.001218,2.2063,1.0,0.002688
Barnstable,Unknown,Unknown,0.001221,2.2551,1.0,0.002753
Berkshire,0.007693,0.001414,0.001953,2.2451,1.0,0.004384
Bristol,0.007235,0.001329,0.001638,2.2741,1.0,0.003726
Essex,0.007252,0.001333,0.001445,2.2648,1.0,0.003272
Franklin,0.003874,0.000712,0.000869,2.1804,1.0,0.001895
Hampden,0.006747,0.00124,0.00152,2.2648,1.0,0.003443
Hampshire,0.002884,0.00053,0.000684,2.1119,1.0,0.001444
Middlesex,0.006087,0.001118,0.001142,2.1733,1.0,0.002483
Norfolk,0.005305,0.000975,0.001013,2.1872,1.0,0.002216
Plymouth,0.007332,0.001347,0.001543,2.2874,1.0,0.003529
Suffolk,0.004467,0.000821,0.000942,2.1415,1.0,0.002017
Worcester,0.008184,0.001504,0.00174,2.26,1.0,0.003932
