Name,Estimated unvaccinated prevalence,Estimated vaccinated prevalence,Reported prevalence,Underreporting factor,Delay factor,Estimated prevalence
Entire state,0.003236,0.003236,0.001383,2.3402,1.0,0.003236
Androscoggin,0.003193,0.003193,0.001367,2.3357,1.0,0.003193
Aroostook,0.00309,0.00309,0.001327,2.328,1.0,0.00309
Cumberland,0.002455,0.002455,0.001075,2.2845,1.0,0.002455
Franklin,0.00361,0.00361,0.001325,2.376,1.1471,0.00361
Hancock,0.002664,0.002664,0.001109,2.401,1.0,0.002664
Kennebec,0.003372,0.003372,0.001439,2.3432,1.0,0.003372
Knox,0.00304,0.00304,0.001282,2.3705,1.0,0.00304
Lincoln,0.003477,0.003477,0.001386,2.2951,1.093,0.003477
Oxford,0.003336,0.003336,0.001397,2.328,1.0256,0.003336
Penobscot,0.003671,0.003671,0.001558,2.3564,1.0,0.003671
Piscataquis,0.010296,0.010296,0.003158,2.3827,1.3684,0.010296
Sagadahoc,0.002014,0.002014,0.000865,2.3295,1.0,0.002014
Somerset,0.005357,0.005357,0.001704,2.4049,1.3077,0.005357
Waldo,0.00271,0.00271,0.001133,2.392,1.0,0.00271
Washington,0.010028,0.010028,0.002804,2.466,1.45,0.010028
York,0.003851,0.003851,0.001483,2.3677,1.0964,0.003851
