Name,Estimated unvaccinated prevalence,Estimated vaccinated prevalence,Reported prevalence,Underreporting factor,Delay factor,Estimated prevalence
Entire state,0.001875,0.001875,0.000773,2.2633,1.0713,0.001875
Allegany,0.001786,0.001786,0.000781,2.2861,1.0,0.001786
Anne Arundel,0.001624,0.001624,0.000658,2.254,1.0951,0.001624
Baltimore,0.001543,0.001543,0.00066,2.2521,1.0381,0.001543
Calvert,0.001009,0.001009,0.000443,2.2194,1.0256,0.001009
Caroline,0.000995,0.000995,0.000449,2.215,1.0,0.000995
Carroll,0.000729,0.000729,0.000327,2.2322,1.0,0.000729
Cecil,0.002071,0.002071,0.000642,2.2343,1.4444,0.002071
Charles,0.001539,0.001539,0.00068,2.2633,1.0,0.001539
Dorchester,0.002253,0.002253,0.000752,2.215,1.3529,0.002253
Frederick,0.001453,0.001453,0.00064,2.2723,1.0,0.001453
Garrett,0.002002,0.002002,0.000793,2.296,1.1,0.002002
Harford,0.001669,0.001669,0.000693,2.2861,1.0539,0.001669
Howard,0.001593,0.001593,0.000703,2.2651,1.0,0.001593
Kent,0.001032,0.001032,0.000463,2.228,1.0,0.001032
Montgomery,0.002372,0.002372,0.000914,2.2878,1.1349,0.002372
Prince George's,0.002624,0.002624,0.00108,2.296,1.0583,0.002624
Queen Anne's,0.001551,0.001551,0.000536,2.2259,1.3,0.001551
St. Mary's,0.001226,0.001226,0.000537,2.281,1.0,0.001226
Somerset,0.002934,0.002934,0.000664,2.2105,2.0,0.002934
Talbot,0.001899,0.001899,0.000672,2.2363,1.2632,0.001899
Washington,0.001377,0.001377,0.000549,2.2301,1.1233,0.001377
Wicomico,0.001455,0.001455,0.000589,2.2238,1.1111,0.001455
Worcester,0.001308,0.001308,0.000516,2.2404,1.1304,0.001308
Baltimore City,0.002381,0.002381,0.00094,2.2322,1.1344,0.002381
