Name,Estimated unvaccinated prevalence,Estimated vaccinated prevalence,Reported prevalence,Underreporting factor,Delay factor,Estimated prevalence
Entire state,0.004756,0.000876,0.000891,2.316,1.0,0.002063
Allegany,0.007725,0.001423,0.001917,2.3532,1.0,0.004512
Anne Arundel,0.005052,0.000931,0.000936,2.3039,1.0,0.002156
Baltimore,0.003658,0.000674,0.000729,2.3425,1.0,0.001707
Calvert,0.004334,0.000799,0.000897,2.3637,1.0,0.00212
Caroline,0.013958,0.002572,0.002544,2.4895,1.2537,0.007942
Carroll,0.003852,0.00071,0.000742,2.3497,1.0,0.001744
Cecil,0.007439,0.001371,0.001711,2.444,1.0,0.004182
Charles,0.004511,0.000831,0.000986,2.3199,1.0,0.002288
Dorchester,0.016223,0.002989,0.002725,2.4739,1.3231,0.008919
Frederick,0.00594,0.001094,0.001113,2.3388,1.0,0.002604
Garrett,0.029002,0.005343,0.004722,2.6319,1.4624,0.018174
Harford,0.00616,0.001135,0.001206,2.4239,1.0,0.002923
Howard,0.002799,0.000516,0.000476,2.2234,1.0,0.001058
Kent,0.008989,0.001656,0.001802,2.3997,1.0,0.004324
Montgomery,0.002884,0.000531,0.000455,2.2234,1.0,0.001012
Prince George's,0.002615,0.000482,0.000544,2.2343,1.0,0.001216
Queen Anne's,0.006845,0.001261,0.00137,2.3902,1.0462,0.003425
St. Mary's,0.010044,0.001851,0.002009,2.5168,1.0,0.005055
Somerset,0.00639,0.001177,0.001601,2.4792,1.0,0.003968
Talbot,0.006027,0.00111,0.00113,2.3314,1.0,0.002634
Washington,0.01182,0.002178,0.002661,2.507,1.0,0.006672
Wicomico,0.007887,0.001453,0.001815,2.5311,1.0,0.004593
Worcester,0.005857,0.001079,0.001109,2.3902,1.0,0.002652
Baltimore City,0.003583,0.00066,0.000821,2.2826,1.0,0.001873
