Name,Estimated unvaccinated prevalence,Estimated vaccinated prevalence,Reported prevalence,Underreporting factor,Delay factor,Estimated prevalence
Entire state,0.003287,0.002669,0.001087,2.2559,1.0311,0.002528
Androscoggin,0.00264,0.002144,0.000693,2.2369,1.48,0.002293
Aroostook,0.004365,0.003544,0.001596,2.3807,1.0,0.003799
Cumberland,0.003296,0.002676,0.001064,2.2233,1.1636,0.002754
Franklin,0.002562,0.00208,0.000894,2.2302,1.1304,0.002254
Hancock,0.00164,0.001331,0.000637,2.2051,1.0,0.001404
Kennebec,0.003565,0.002895,0.001406,2.1934,1.0,0.003085
Knox,0.003276,0.00266,0.001182,2.335,1.0,0.002759
Lincoln,0.003048,0.002475,0.000953,2.2901,1.1852,0.002586
Oxford,0.002776,0.002254,0.001052,2.3007,1.0,0.002421
Penobscot,0.004817,0.003911,0.001361,2.3232,1.3205,0.004174
Piscataquis,0.001306,0.001061,0.000536,2.1529,1.0,0.001154
Sagadahoc,0.003035,0.002464,0.001116,2.3134,1.0,0.002581
Somerset,0.00537,0.00436,0.001803,2.3703,1.1111,0.004747
Waldo,0.001665,0.001352,0.000629,2.2901,1.0,0.001442
Washington,0.003281,0.002664,0.001179,2.4065,1.0,0.002838
York,0.002608,0.002117,0.000915,2.2847,1.0618,0.00222
