Name,Estimated unvaccinated prevalence,Estimated vaccinated prevalence,Reported prevalence,Underreporting factor,Delay factor,Estimated prevalence
Entire state,0.003467,0.00281,0.001318,2.3576,1.0,0.003108
Allegany,0.007313,0.005928,0.002727,2.3952,1.0,0.006531
Anne Arundel,0.003201,0.002595,0.001152,2.367,1.0,0.002726
Baltimore,0.002627,0.00213,0.000972,2.3244,1.0,0.002259
Calvert,0.002344,0.0019,0.000875,2.312,1.0,0.002024
Caroline,0.002683,0.002175,0.001048,2.2794,1.0,0.002388
Carroll,0.002759,0.002236,0.001003,2.3544,1.006,0.002376
Cecil,0.002934,0.002378,0.001079,2.4106,1.0,0.002602
Charles,0.004176,0.003385,0.001537,2.3447,1.0,0.003605
Dorchester,0.004007,0.003248,0.001472,2.4093,1.0,0.003546
Frederick,0.004441,0.0036,0.001325,2.4037,1.1828,0.003768
Garrett,0.004104,0.003327,0.001517,2.4399,1.0,0.0037
Harford,0.002834,0.002297,0.001037,2.3639,1.0,0.002452
Howard,0.003564,0.002889,0.001256,2.367,1.0,0.002972
Kent,0.003125,0.002533,0.001184,2.3046,1.0,0.002729
Montgomery,0.004476,0.003628,0.001524,2.3639,1.043,0.003757
Prince George's,0.004367,0.00354,0.001565,2.385,1.0,0.003732
Queen Anne's,0.002427,0.001968,0.000893,2.3654,1.0,0.002113
St. Mary's,0.00304,0.002464,0.001145,2.3156,1.0,0.002652
Somerset,0.005251,0.004256,0.001991,2.3821,1.0,0.004743
Talbot,0.003538,0.002868,0.001291,2.3512,1.0,0.003035
Washington,0.003444,0.002792,0.001304,2.3364,1.0,0.003047
Wicomico,0.004028,0.003265,0.001515,2.3716,1.0,0.003594
Worcester,0.002647,0.002146,0.000956,2.3836,1.0,0.00228
Baltimore City,0.003773,0.003058,0.001429,2.312,1.0,0.003303
