Name,Estimated unvaccinated prevalence,Estimated vaccinated prevalence,Reported prevalence,Underreporting factor,Delay factor,Estimated prevalence
Entire state,0.003378,0.002744,0.001171,2.2423,1.0,0.002626
Androscoggin,0.001536,0.001247,0.0006,2.2244,1.0,0.001335
Aroostook,0.010559,0.008578,0.003907,2.3547,1.0,0.009201
Cumberland,0.001931,0.001569,0.000736,2.1964,1.0,0.001616
Franklin,0.002609,0.002119,0.001027,2.2388,1.0,0.002298
Hancock,0.003358,0.002728,0.001237,2.3277,1.0,0.002879
Kennebec,0.003607,0.00293,0.001423,2.1964,1.0,0.003125
Knox,0.002566,0.002084,0.00093,2.3277,1.0,0.002165
Lincoln,0.004084,0.003317,0.001444,2.4034,1.0,0.00347
Oxford,0.004019,0.003265,0.001535,2.2867,1.0,0.00351
Penobscot,0.002904,0.002359,0.001111,2.2686,1.0,0.00252
Piscataquis,0.003016,0.00245,0.001132,2.3571,1.0,0.002668
Sagadahoc,0.000958,0.000778,0.000363,2.2492,1.0,0.000815
Somerset,0.005238,0.004255,0.001941,2.3886,1.0,0.004637
Waldo,0.002191,0.00178,0.000831,2.2867,1.0,0.0019
Washington,0.004523,0.003674,0.001657,2.3641,1.0,0.003918
York,0.002886,0.002344,0.001103,2.2317,1.0,0.002461
