Name,Estimated unvaccinated prevalence,Estimated vaccinated prevalence,Reported prevalence,Underreporting factor,Delay factor,Estimated prevalence
Entire state,0.065932,0.053475,0.014624,2.7808,1.422,0.057828
Allegany,0.035129,0.028492,0.011986,2.6343,1.0,0.031575
Anne Arundel,0.037996,0.030817,0.011738,2.7885,1.0,0.032731
Baltimore,0.046723,0.037895,0.014564,2.7986,1.0,0.04076
Calvert,0.035363,0.028682,0.010894,2.8392,1.0,0.030931
Caroline,0.034986,0.028376,0.011555,2.7191,1.0,0.031418
Carroll,0.028265,0.022925,0.009047,2.7092,1.0,0.024511
Cecil,0.027326,0.022163,0.008857,2.7652,1.0,0.024491
Charles,0.057231,0.046418,0.017629,2.8593,1.0,0.050406
Dorchester,0.045073,0.036557,0.014783,2.7302,1.0,0.04036
Frederick,0.050106,0.040639,0.01562,2.7678,1.0,0.043232
Garrett,0.017817,0.014451,0.006204,2.6117,1.0,0.016203
Harford,0.039483,0.032024,0.012508,2.7599,1.0,0.03452
Howard,0.037607,0.030502,0.011609,2.7452,1.0,0.031869
Kent,0.016731,0.01357,0.005509,2.6668,1.0,0.014692
Montgomery,0.062607,0.050779,0.017512,2.726,1.1041,0.05271
Prince George's,0.05409,0.04387,0.016618,2.8356,1.0,0.047121
Queen Anne's,0.026506,0.021498,0.008575,2.7233,1.0,0.023351
St. Mary's,0.044973,0.036476,0.013814,2.8581,1.0,0.039481
Somerset,0.031209,0.025312,0.009486,2.6359,1.1362,0.02841
Talbot,0.033369,0.027065,0.010973,2.6391,1.0,0.02896
Washington,0.045266,0.036714,0.014552,2.7808,1.0,0.040465
Wicomico,0.038633,0.031334,0.012538,2.7678,1.0031,0.034809
Worcester,0.035032,0.028413,0.010961,2.7452,1.0142,0.030517
Baltimore City,0.052004,0.042179,0.016351,2.8185,1.0,0.046085
