Name,Estimated unvaccinated prevalence,Estimated vaccinated prevalence,Reported prevalence,Underreporting factor,Delay factor,Estimated prevalence
Entire state,0.278577,0.051164,0.016379,3.4225,2.0,0.112111
Dukes and Nantucket,Unknown,Unknown,0.011451,3.4225,1.8636,0.073038
Barnstable,Unknown,Unknown,0.008719,3.4225,1.3647,0.040722
Berkshire,0.135731,0.024929,0.010245,3.4225,2.0,0.070124
Bristol,0.210026,0.038574,0.014356,3.4225,2.0,0.098263
Essex,0.310852,0.057092,0.018051,3.4225,2.0,0.123559
Franklin,0.097581,0.017922,0.008307,3.4225,1.4923,0.042428
Hampden,0.300864,0.055257,0.020486,3.4225,2.0,0.140224
Hampshire,0.087561,0.016082,0.007673,3.4225,1.4927,0.039199
Middlesex,0.269921,0.049574,0.013607,3.4225,2.0,0.093138
Norfolk,0.279236,0.051285,0.014536,3.4225,2.0,0.099501
Plymouth,0.244435,0.044894,0.015449,3.4225,2.0,0.105747
Suffolk,0.342853,0.062969,0.020292,3.4225,2.0,0.138899
Worcester,0.218167,0.040069,0.013662,3.4225,2.0,0.093516
