Name,Estimated unvaccinated prevalence,Estimated vaccinated prevalence,Reported prevalence,Underreporting factor,Delay factor,Estimated prevalence
Entire state,0.003463,0.003463,0.001405,2.3269,1.0589,0.003463
Androscoggin,0.003904,0.003904,0.001478,2.2931,1.1522,0.003904
Aroostook,0.00371,0.00371,0.001596,2.3253,1.0,0.00371
Cumberland,0.002912,0.002912,0.001258,2.3155,1.0,0.002912
Franklin,0.0022,0.0022,0.00096,2.2913,1.0,0.0022
Hancock,0.004904,0.004904,0.001528,2.4367,1.3175,0.004904
Kennebec,0.00492,0.00492,0.001537,2.2765,1.406,0.00492
Knox,0.003649,0.003649,0.001333,2.3171,1.1818,0.003649
Lincoln,0.002681,0.002681,0.001097,2.4438,1.0,0.002681
Oxford,0.001774,0.001774,0.000759,2.3379,1.0,0.001774
Penobscot,0.004344,0.004344,0.001676,2.3471,1.1043,0.004344
Piscataquis,0.003199,0.003199,0.00137,2.3348,1.0,0.003199
Sagadahoc,0.004058,0.004058,0.00145,2.359,1.186,0.004058
Somerset,0.004702,0.004702,0.001783,2.341,1.1266,0.004702
Waldo,0.003102,0.003102,0.001309,2.369,1.0,0.003102
Washington,0.006641,0.006641,0.001689,2.4195,1.625,0.006641
York,0.0039,0.0039,0.001445,2.3204,1.1634,0.0039
