Name,Estimated unvaccinated prevalence,Estimated vaccinated prevalence,Reported prevalence,Underreporting factor,Delay factor,Estimated prevalence
Entire state,0.01928,0.003546,0.002753,2.269,1.0871,0.00679
Dukes and Nantucket,Unknown,Unknown,0.00087,2.269,1.2632,0.002494
Barnstable,Unknown,Unknown,0.002925,2.395,1.2878,0.009021
Berkshire,0.022479,0.004134,0.004026,2.3045,1.3316,0.012353
Bristol,0.018143,0.003337,0.003328,2.3559,1.1456,0.008982
Essex,0.017027,0.003132,0.003065,2.3527,1.016,0.007325
Franklin,0.021217,0.003902,0.002736,2.2893,1.5917,0.009969
Hampden,0.014873,0.002735,0.002766,2.3329,1.1337,0.007315
Hampshire,0.009535,0.001754,0.001747,2.1647,1.2121,0.004584
Middlesex,0.012219,0.002247,0.002036,2.233,1.037,0.004715
Norfolk,0.010925,0.002009,0.001692,2.2378,1.1414,0.004322
Plymouth,0.020745,0.003815,0.003139,2.3622,1.2945,0.009598
Suffolk,0.009306,0.001711,0.001809,2.1902,1.0175,0.004031
Worcester,0.018981,0.003491,0.003189,2.2893,1.1955,0.008728
