Name,Estimated unvaccinated prevalence,Estimated vaccinated prevalence,Reported prevalence,Underreporting factor,Delay factor,Estimated prevalence
Entire state,0.012487,0.010121,0.004495,2.3684,1.051,0.01119
Dukes and Nantucket,Unknown,Unknown,0.002088,2.3684,1.0,0.004946
Barnstable,Unknown,Unknown,0.003193,2.3926,1.0,0.007639
Berkshire,0.018622,0.015093,0.006923,2.3871,1.0,0.016526
Bristol,0.011361,0.009208,0.003312,2.3703,1.265,0.009931
Essex,0.010479,0.008493,0.003582,2.3835,1.0537,0.008995
Franklin,0.007822,0.006339,0.002921,2.3278,1.0,0.0068
Hampden,0.014059,0.011394,0.00461,2.4153,1.1037,0.01229
Hampshire,0.012454,0.010094,0.004725,2.2985,1.0,0.010861
Middlesex,0.014551,0.011793,0.004645,2.3587,1.1264,0.012342
Norfolk,0.010844,0.008789,0.00373,2.3798,1.0374,0.009208
Plymouth,0.009051,0.007335,0.002924,2.3607,1.1357,0.007839
Suffolk,0.011003,0.008917,0.004019,2.3547,1.0,0.009464
Worcester,0.008994,0.007289,0.003308,2.3547,1.0,0.00779
