Name,Estimated unvaccinated prevalence,Estimated vaccinated prevalence,Reported prevalence,Underreporting factor,Delay factor,Estimated prevalence
Entire state,0.007046,0.001298,0.001355,2.3499,1.0,0.003185
Allegany,0.01314,0.002421,0.003138,2.4975,1.0,0.007838
Anne Arundel,0.007366,0.001357,0.001343,2.3648,1.017,0.00323
Baltimore,0.005599,0.001032,0.001141,2.3343,1.0,0.002663
Calvert,0.012451,0.002295,0.002021,2.4347,1.2653,0.006226
Caroline,0.013142,0.002422,0.002993,2.5311,1.0,0.007577
Carroll,0.00675,0.001244,0.001288,2.4159,1.0,0.003112
Cecil,0.010716,0.001975,0.00245,2.5002,1.0,0.006126
Charles,0.008951,0.00165,0.001678,2.386,1.1617,0.004652
Dorchester,0.013418,0.002473,0.003007,2.4643,1.0106,0.007488
Frederick,0.006507,0.001199,0.001214,2.3996,1.0,0.002912
Garrett,0.014737,0.002716,0.003516,2.6586,1.0,0.009346
Harford,0.007232,0.001333,0.001335,2.3929,1.0932,0.003492
Howard,0.004515,0.000832,0.000761,2.2872,1.0,0.001742
Kent,0.008412,0.00155,0.001751,2.3461,1.0,0.004107
Montgomery,0.004763,0.000878,0.00076,2.263,1.0,0.001721
Prince George's,0.004748,0.000875,0.000979,2.3303,1.0,0.002281
Queen Anne's,0.009128,0.001682,0.001727,2.4347,1.1026,0.004636
St. Mary's,0.020081,0.003701,0.003991,2.5002,1.0439,0.010416
Somerset,0.008731,0.001609,0.002264,2.4285,1.0,0.005499
Talbot,0.010477,0.001931,0.001963,2.372,1.0,0.004657
Washington,0.014462,0.002665,0.003323,2.5028,1.0,0.008318
Wicomico,0.011913,0.002195,0.00278,2.5311,1.0,0.007036
Worcester,0.011971,0.002206,0.0022,2.5133,1.0,0.005529
Baltimore City,0.006391,0.001178,0.001419,2.3222,1.0357,0.003412
