Name,Estimated unvaccinated prevalence,Estimated vaccinated prevalence,Reported prevalence,Underreporting factor,Delay factor,Estimated prevalence
Entire state,0.003291,0.002668,0.001251,2.3572,1.0,0.00295
Allegany,0.005388,0.004368,0.002017,2.3861,1.0,0.004812
Anne Arundel,0.003036,0.002461,0.001095,2.3619,1.0,0.002585
Baltimore,0.002612,0.002117,0.000967,2.3223,1.0,0.002246
Calvert,0.002461,0.001995,0.000919,2.3135,1.0,0.002125
Caroline,0.002442,0.001979,0.000958,2.2688,1.0,0.002173
Carroll,0.002426,0.001967,0.000896,2.331,1.0,0.00209
Cecil,0.003189,0.002585,0.001069,2.4019,1.101,0.002828
Charles,0.004462,0.003617,0.001599,2.3444,1.0277,0.003852
Dorchester,0.003903,0.003164,0.001441,2.3976,1.0,0.003454
Frederick,0.004284,0.003473,0.001349,2.4019,1.1222,0.003635
Garrett,0.003869,0.003137,0.001448,2.4102,1.0,0.003489
Harford,0.003318,0.00269,0.001124,2.3588,1.0833,0.002871
Howard,0.003217,0.002608,0.001136,2.3619,1.0,0.002683
Kent,0.002708,0.002195,0.00103,2.2968,1.0,0.002365
Montgomery,0.00387,0.003137,0.001377,2.3588,1.0,0.003249
Prince George's,0.004036,0.003271,0.001453,2.3742,1.0,0.003449
Queen Anne's,0.002548,0.002065,0.000933,2.3772,1.0,0.002218
St. Mary's,0.00288,0.002334,0.001084,2.3188,1.0,0.002513
Somerset,0.004471,0.003624,0.001718,2.3509,1.0,0.004038
Talbot,0.003861,0.00313,0.001399,2.3681,1.0,0.003312
Washington,0.003423,0.002775,0.001284,2.346,1.0052,0.003029
Wicomico,0.003304,0.002678,0.001255,2.3492,1.0,0.002948
Worcester,0.00263,0.002132,0.000956,2.3681,1.0,0.002265
Baltimore City,0.00378,0.003064,0.001434,2.308,1.0,0.003309
