Name,Estimated unvaccinated prevalence,Estimated vaccinated prevalence,Reported prevalence,Underreporting factor,Delay factor,Estimated prevalence
Entire state,0.001819,0.001819,0.000808,2.2521,1.0,0.001819
Dukes and Nantucket,Unknown,Unknown,0.000487,2.2521,1.1818,0.001297
Barnstable,Unknown,Unknown,0.000911,2.2796,1.0,0.002076
Berkshire,0.001284,0.001284,0.000584,2.1977,1.0,0.001284
Bristol,0.001479,0.001479,0.000644,2.2966,1.0,0.001479
Essex,0.00147,0.00147,0.000656,2.2388,1.0,0.00147
Franklin,0.000853,0.000853,0.000385,2.2174,1.0,0.000853
Hampden,0.002234,0.002234,0.000991,2.2553,1.0,0.002234
Hampshire,0.001388,0.001388,0.000628,2.2097,1.0,0.001388
Middlesex,0.00137,0.00137,0.000611,2.2438,1.0,0.00137
Norfolk,0.001378,0.001378,0.000613,2.2488,1.0,0.001378
Plymouth,0.001705,0.001705,0.00075,2.2723,1.0,0.001705
Suffolk,0.001656,0.001656,0.0007,2.26,1.0466,0.001656
Worcester,0.001312,0.001312,0.000584,2.2472,1.0,0.001312
