Name,Estimated unvaccinated prevalence,Estimated vaccinated prevalence,Reported prevalence,Underreporting factor,Delay factor,Estimated prevalence
Entire state,0.002772,0.002772,0.001221,2.2608,1.0043,0.002772
Dukes and Nantucket,Unknown,Unknown,0.000557,2.2608,1.0,0.001259
Barnstable,Unknown,Unknown,0.001146,2.3162,1.0,0.002653
Berkshire,0.003998,0.003998,0.001705,2.345,1.0,0.003998
Bristol,0.002056,0.002056,0.000893,2.3017,1.0,0.002056
Essex,0.002054,0.002054,0.000901,2.2793,1.0,0.002054
Franklin,0.002796,0.002796,0.001211,2.3082,1.0,0.002796
Hampden,0.003003,0.003003,0.001299,2.3114,1.0,0.003003
Hampshire,0.002459,0.002459,0.001113,2.2098,1.0,0.002459
Middlesex,0.002208,0.002208,0.000974,2.2683,1.0,0.002208
Norfolk,0.002049,0.002049,0.000901,2.2739,1.0,0.002049
Plymouth,0.001875,0.001875,0.000821,2.2828,1.0,0.001875
Suffolk,0.007954,0.007954,0.001775,2.253,1.9888,0.007954
Worcester,0.001997,0.001997,0.000874,2.2846,1.0,0.001997
