Name,Estimated unvaccinated prevalence,Estimated vaccinated prevalence,Reported prevalence,Underreporting factor,Delay factor,Estimated prevalence
Entire state,0.008289,0.001521,0.00146,2.2915,1.0877,0.003638
Dukes and Nantucket,Unknown,Unknown,0.003863,2.2915,1.0,0.008853
Barnstable,Unknown,Unknown,0.00108,2.2967,1.4403,0.003572
Berkshire,0.008045,0.001477,0.001577,2.3351,1.298,0.004779
Bristol,0.007237,0.001328,0.001679,2.3696,1.0,0.003979
Essex,0.007787,0.001429,0.001362,2.3306,1.1841,0.00376
Franklin,0.002935,0.000539,0.000684,2.1986,1.0,0.001504
Hampden,0.010772,0.001977,0.002333,2.4407,1.0372,0.005906
Hampshire,0.005979,0.001097,0.001032,2.2401,1.3525,0.003127
Middlesex,0.006444,0.001183,0.00113,2.2337,1.1064,0.002792
Norfolk,0.005522,0.001013,0.001034,2.2464,1.0519,0.002444
Plymouth,0.008567,0.001572,0.001545,2.3613,1.2018,0.004383
Suffolk,0.006311,0.001158,0.001338,2.2525,1.0132,0.003055
Worcester,0.00676,0.001241,0.001295,2.3067,1.1572,0.003458
