Name,Estimated unvaccinated prevalence,Estimated vaccinated prevalence,Reported prevalence,Underreporting factor,Delay factor,Estimated prevalence
Entire state,0.003942,0.003195,0.001536,2.309,1.0,0.003546
Dukes and Nantucket,Unknown,Unknown,0.001079,2.309,1.0,0.002491
Barnstable,Unknown,Unknown,0.001427,2.3071,1.0,0.003293
Berkshire,0.005144,0.004169,0.001921,2.3221,1.0214,0.004556
Bristol,0.003703,0.003001,0.001376,2.3468,1.0,0.00323
Essex,0.004039,0.003273,0.001494,2.3147,1.0,0.003459
Franklin,0.004612,0.003738,0.001382,2.2913,1.2632,0.004
Hampden,0.004763,0.00386,0.00178,2.3347,1.0,0.004155
Hampshire,0.004113,0.003333,0.001486,2.2569,1.0673,0.00358
Middlesex,0.003763,0.00305,0.001385,2.2993,1.0,0.003184
Norfolk,0.003314,0.002686,0.001217,2.3071,1.0,0.002807
Plymouth,0.003563,0.002887,0.001259,2.3275,1.0514,0.00308
Suffolk,0.003931,0.003186,0.001467,2.3013,1.0,0.003375
Worcester,0.003263,0.002644,0.001214,2.2893,1.0151,0.00282
