Name,Estimated unvaccinated prevalence,Estimated vaccinated prevalence,Reported prevalence,Underreporting factor,Delay factor,Estimated prevalence
Entire state,0.003299,0.003299,0.001443,2.2868,1.0,0.003299
Dukes and Nantucket,Unknown,Unknown,0.000592,2.2868,1.0,0.001353
Barnstable,Unknown,Unknown,0.001404,2.3259,1.0,0.003265
Berkshire,0.004624,0.004624,0.001913,2.3259,1.0393,0.004624
Bristol,0.00286,0.00286,0.00123,2.3259,1.0,0.00286
Essex,0.002822,0.002822,0.001237,2.2813,1.0,0.002822
Franklin,0.002885,0.002885,0.001254,2.301,1.0,0.002885
Hampden,0.004248,0.004248,0.001823,2.3307,1.0,0.004248
Hampshire,0.002765,0.002765,0.001262,2.1909,1.0,0.002765
Middlesex,0.002525,0.002525,0.001109,2.2776,1.0,0.002525
Norfolk,0.002399,0.002399,0.001054,2.2757,1.0,0.002399
Plymouth,0.002705,0.002705,0.001161,2.3145,1.0067,0.002705
Suffolk,0.00296,0.00296,0.00127,2.285,1.02,0.00296
Worcester,0.002725,0.002725,0.001194,2.2813,1.0,0.002725
