Name,Estimated unvaccinated prevalence,Estimated vaccinated prevalence,Reported prevalence,Underreporting factor,Delay factor,Estimated prevalence
Entire state,0.001217,0.001217,0.000542,2.2478,1.0,0.001217
Androscoggin,0.001951,0.001951,0.000877,2.2233,1.0,0.001951
Aroostook,0.001385,0.001385,0.000611,2.2646,1.0,0.001385
Cumberland,0.000962,0.000962,0.000431,2.2338,1.0,0.000962
Franklin,0.000747,0.000747,0.000331,2.2573,1.0,0.000747
Hancock,0.001051,0.001051,0.000473,2.2233,1.0,0.001051
Kennebec,0.001281,0.001281,0.000572,2.2379,1.0,0.001281
Knox,0.000784,0.000784,0.000352,2.2276,1.0,0.000784
Lincoln,0.000783,0.000783,0.000346,2.261,1.0,0.000783
Oxford,0.001615,0.001615,0.000707,2.2839,1.0,0.001615
Penobscot,0.00111,0.00111,0.0005,2.2212,1.0,0.00111
Piscataquis,0.001198,0.001198,0.000536,2.2338,1.0,0.001198
Sagadahoc,0.001248,0.001248,0.00053,2.3558,1.0,0.001248
Somerset,0.001621,0.001621,0.000713,2.2735,1.0,0.001621
Waldo,0.000843,0.000843,0.000378,2.2318,1.0,0.000843
Washington,0.001859,0.001859,0.000797,2.3336,1.0,0.001859
York,0.001358,0.001358,0.000597,2.2735,1.0,0.001358
