Name,Estimated unvaccinated prevalence,Estimated vaccinated prevalence,Reported prevalence,Underreporting factor,Delay factor,Estimated prevalence
Entire state,0.000865,0.000865,0.000383,2.2582,1.0,0.000865
Allegany,0.001314,0.001314,0.000596,2.2024,1.0,0.001314
Anne Arundel,0.000842,0.000842,0.000368,2.289,1.0,0.000842
Baltimore,0.000939,0.000939,0.000411,2.2862,1.0,0.000939
Calvert,0.000507,0.000507,0.000227,2.2354,1.0,0.000507
Caroline,0.000467,0.000467,0.00021,2.2285,1.0,0.000467
Carroll,0.000711,0.000711,0.000315,2.2612,1.0,0.000711
Cecil,0.00069,0.00069,0.000301,2.2904,1.0,0.00069
Charles,0.001153,0.001153,0.000515,2.2404,1.0,0.001153
Dorchester,0.000901,0.000901,0.000407,2.2139,1.0,0.000901
Frederick,0.000882,0.000882,0.000389,2.2673,1.0,0.000882
Garrett,0.000626,0.000626,0.000276,2.2718,1.0,0.000626
Harford,0.000867,0.000867,0.000376,2.3078,1.0,0.000867
Howard,0.00095,0.00095,0.000415,2.2917,1.0,0.00095
Kent,0.001278,0.001278,0.000566,2.2566,1.0,0.001278
Montgomery,0.000808,0.000808,0.000356,2.2688,1.0,0.000808
Prince George's,0.001005,0.001005,0.000439,2.2904,1.0,0.001005
Queen Anne's,0.000724,0.000724,0.000298,2.2582,1.0769,0.000724
St. Mary's,0.000794,0.000794,0.000352,2.2519,1.0,0.000794
Somerset,0.00069,0.00069,0.000312,2.2082,1.0,0.00069
Talbot,0.000405,0.000405,0.000188,2.1526,1.0,0.000405
Washington,0.000493,0.000493,0.000225,2.1922,1.0,0.000493
Wicomico,0.000801,0.000801,0.000357,2.2438,1.0,0.000801
Worcester,0.001136,0.001136,0.000459,2.2597,1.0952,0.001136
Baltimore City,0.000934,0.000934,0.000416,2.2454,1.0,0.000934
