Name,Estimated unvaccinated prevalence,Estimated vaccinated prevalence,Reported prevalence,Underreporting factor,Delay factor,Estimated prevalence
Entire state,0.002727,0.002727,0.000839,3.1261,1.0397,0.002727
Androscoggin,0.002934,0.002934,0.000942,3.115,1.0,0.002934
Aroostook,0.007842,0.007842,0.0017,3.1839,1.4487,0.007842
Cumberland,0.00286,0.00286,0.000783,3.1122,1.1735,0.00286
Franklin,0.001609,0.001609,0.000497,3.0087,1.0769,0.001609
Hancock,0.001654,0.001654,0.000527,3.1368,1.0,0.001654
Kennebec,0.003153,0.003153,0.00094,3.1768,1.0556,0.003153
Knox,0.002816,0.002816,0.000779,3.1315,1.1538,0.002816
Lincoln,0.004825,0.004825,0.00078,3.0948,2.0,0.004825
Oxford,0.002653,0.002653,0.000724,3.1261,1.1714,0.002653
Penobscot,0.002566,0.002566,0.000822,3.1234,1.0,0.002566
Piscataquis,0.002119,0.002119,0.000715,2.9637,1.0,0.002119
Sagadahoc,0.001716,0.001716,0.000558,3.0764,1.0,0.001716
Somerset,0.005742,0.005742,0.001624,3.1862,1.1096,0.005742
Waldo,0.002556,0.002556,0.000705,3.0888,1.1739,0.002556
Washington,0.002777,0.002777,0.000892,3.1122,1.0,0.002777
York,0.002344,0.002344,0.000669,3.1206,1.122,0.002344
