Name,Estimated unvaccinated prevalence,Estimated vaccinated prevalence,Reported prevalence,Underreporting factor,Delay factor,Estimated prevalence
Entire state,0.00087,0.000705,0.000356,2.1593,1.0,0.00077
Allegany,0.00151,0.001224,0.000596,2.2665,1.0,0.001352
Anne Arundel,0.00094,0.000763,0.000368,2.1884,1.0,0.000805
Baltimore,0.000616,0.000499,0.000248,2.1539,1.0,0.000534
Calvert,0.00086,0.000697,0.000335,2.2252,1.0,0.000746
Caroline,0.000879,0.000712,0.000359,2.1839,1.0,0.000784
Carroll,0.001153,0.000935,0.000439,2.2601,1.0,0.000993
Cecil,0.001274,0.001033,0.000506,2.2467,1.0,0.001136
Charles,0.001178,0.000955,0.000478,2.1425,1.0,0.001024
Dorchester,0.002319,0.00188,0.000532,2.1792,1.7778,0.002063
Frederick,0.001013,0.000822,0.000389,2.229,1.0,0.000867
Garrett,0.001844,0.001495,0.000724,2.3105,1.0,0.001672
Harford,0.001154,0.000936,0.000458,2.1929,1.0,0.001004
Howard,0.001031,0.000836,0.000396,2.1839,1.0,0.000865
Kent,0.000644,0.000522,0.000257,2.1839,1.0,0.000562
Montgomery,0.001067,0.000865,0.000419,2.1364,1.0,0.000895
Prince George's,0.000712,0.000577,0.000285,2.1539,1.0,0.000613
Queen Anne's,0.000734,0.000595,0.000298,2.1593,1.0,0.000643
St. Mary's,0.001392,0.001129,0.000449,2.2252,1.2195,0.001219
Somerset,9.1e-05,7.4e-05,3.9e-05,2.1007,1.0,8.2e-05
Talbot,0.000478,0.000387,0.000188,2.1884,1.0,0.000412
Washington,0.000963,0.000781,0.000384,2.229,1.0,0.000856
Wicomico,0.000899,0.000729,0.000357,2.2568,1.0,0.000806
Worcester,0.000539,0.000437,0.00021,2.2214,1.0,0.000467
Baltimore City,0.000821,0.000666,0.000344,2.1007,1.0,0.000722
