Name,Estimated unvaccinated prevalence,Estimated vaccinated prevalence,Reported prevalence,Underreporting factor,Delay factor,Estimated prevalence
Entire state,0.001989,0.001612,0.000764,2.1628,1.073,0.001773
Dukes and Nantucket,Unknown,Unknown,0.000801,2.1628,1.8333,0.003174
Barnstable,Unknown,Unknown,0.000559,2.2115,1.0,0.001236
Berkshire,0.00207,0.001678,0.000848,2.1727,1.0,0.001843
Bristol,0.001313,0.001065,0.000529,2.1774,1.0,0.001152
Essex,0.001602,0.001299,0.000523,2.182,1.2082,0.00138
Franklin,0.003086,0.002501,0.000769,2.1774,1.6061,0.002691
Hampden,0.001304,0.001057,0.000525,2.1774,1.0,0.001144
Hampshire,0.002222,0.001801,0.000908,2.141,1.0,0.001944
Middlesex,0.002024,0.001641,0.000794,2.1678,1.0,0.001722
Norfolk,0.001625,0.001318,0.000604,2.1727,1.0545,0.001384
Plymouth,0.000946,0.000767,0.000382,2.1523,1.0,0.000822
Suffolk,0.0022,0.001784,0.000855,2.1523,1.0316,0.001897
Worcester,0.001516,0.001229,0.000597,2.1523,1.0248,0.001317
