Name,Estimated unvaccinated prevalence,Estimated vaccinated prevalence,Reported prevalence,Underreporting factor,Delay factor,Estimated prevalence
Entire state,0.001,0.001,0.000451,2.2186,1.0,0.001
Allegany,0.001833,0.001833,0.000838,2.1877,1.0,0.001833
Anne Arundel,0.000932,0.000932,0.000414,2.2487,1.0,0.000932
Baltimore,0.000913,0.000913,0.000409,2.2358,1.0,0.000913
Calvert,0.000635,0.000635,0.000292,2.177,1.0,0.000635
Caroline,0.001203,0.001203,0.000479,2.177,1.1538,0.001203
Carroll,0.000886,0.000886,0.000392,2.261,1.0,0.000886
Cecil,0.001104,0.001104,0.000496,2.2256,1.0,0.001104
Charles,0.00081,0.00081,0.000368,2.2037,1.0,0.00081
Dorchester,0.001529,0.001529,0.000689,2.2186,1.0,0.001529
Frederick,0.001006,0.001006,0.000447,2.2519,1.0,0.001006
Garrett,0.001832,0.001832,0.000827,2.215,1.0,0.001832
Harford,0.001022,0.001022,0.000462,2.2131,1.0,0.001022
Howard,0.000896,0.000896,0.000399,2.2456,1.0,0.000896
Kent,0.000904,0.000904,0.000412,2.1939,1.0,0.000904
Montgomery,0.001153,0.001153,0.000516,2.2358,1.0,0.001153
Prince George's,0.001044,0.001044,0.000466,2.2391,1.0,0.001044
Queen Anne's,0.000623,0.000623,0.000278,2.2424,1.0,0.000623
St. Mary's,0.000605,0.000605,0.000273,2.215,1.0,0.000605
Somerset,0.000953,0.000953,0.000429,2.2186,1.0,0.000953
Talbot,0.000912,0.000912,0.000403,2.2595,1.0,0.000912
Washington,0.000661,0.000661,0.000305,2.1702,1.0,0.000661
Wicomico,0.000764,0.000764,0.000347,2.1999,1.0,0.000764
Worcester,0.001026,0.001026,0.000459,2.2341,1.0,0.001026
Baltimore City,0.001227,0.001227,0.000554,2.2131,1.0,0.001227
