Name,Estimated unvaccinated prevalence,Estimated vaccinated prevalence,Reported prevalence,Underreporting factor,Delay factor,Estimated prevalence
Entire state,0.002328,0.001888,0.00066,2.1929,1.4265,0.002063
Allegany,0.001371,0.001112,0.000284,2.1575,2.0,0.001226
Anne Arundel,0.002143,0.001737,0.000594,2.2363,1.3775,0.001829
Baltimore,0.002097,0.0017,0.000526,2.2008,1.5668,0.001813
Calvert,0.001051,0.000852,0.000303,2.2228,1.35,0.000908
Caroline,0.000826,0.00067,0.000239,2.1969,1.4,0.000737
Carroll,0.001718,0.001393,0.000416,2.2157,1.6047,0.001477
Cecil,0.001694,0.001373,0.000496,2.2491,1.3514,0.001507
Charles,0.002858,0.002317,0.000784,2.1847,1.4432,0.002472
Dorchester,0.002077,0.001684,0.000501,2.2084,1.6667,0.001844
Frederick,0.001578,0.001279,0.000474,2.2363,1.2708,0.001347
Garrett,0.000824,0.000668,0.000172,2.1671,2.0,0.000747
Harford,0.001127,0.000914,0.000399,2.2084,1.1099,0.000979
Howard,0.003104,0.002517,0.000691,2.233,1.6842,0.002598
Kent,0.000387,0.000314,0.000154,2.1847,1.0,0.000337
Montgomery,0.003864,0.003133,0.001098,2.1805,1.3517,0.003237
Prince George's,0.002281,0.001849,0.000631,2.2046,1.4044,0.001954
Queen Anne's,0.001286,0.001043,0.000397,2.2363,1.2667,0.001124
St. Mary's,0.001273,0.001032,0.00037,2.2008,1.3667,0.001113
Somerset,0.000723,0.000586,0.000312,2.0881,1.0,0.000652
Talbot,0.002222,0.001801,0.00043,2.2228,2.0,0.001913
Washington,0.000481,0.00039,0.000192,2.142,1.037,0.000426
Wicomico,0.000576,0.000467,0.000232,2.2228,1.0,0.000515
Worcester,0.000901,0.000731,0.000306,2.2046,1.1538,0.000779
Baltimore City,0.004,0.003243,0.00096,2.1575,1.6935,0.003509
