Name,Estimated unvaccinated prevalence,Estimated vaccinated prevalence,Reported prevalence,Underreporting factor,Delay factor,Estimated prevalence
Entire state,0.002338,0.002338,0.00104,2.2466,1.0011,0.002338
Dukes and Nantucket,Unknown,Unknown,0.000418,2.2466,1.0,0.000938
Barnstable,Unknown,Unknown,0.001146,2.2952,1.0,0.002629
Berkshire,0.002167,0.002167,0.000968,2.2381,1.0,0.002167
Bristol,0.001937,0.001937,0.000835,2.3193,1.0,0.001937
Essex,0.001819,0.001819,0.000792,2.2564,1.0179,0.001819
Franklin,0.00106,0.00106,0.000484,2.188,1.0,0.00106
Hampden,0.00252,0.00252,0.001106,2.278,1.0,0.00252
Hampshire,0.001631,0.001631,0.00074,2.2047,1.0,0.001631
Middlesex,0.001588,0.001588,0.0007,2.2689,1.0,0.001588
Norfolk,0.001411,0.001411,0.000625,2.2564,1.0,0.001411
Plymouth,0.001704,0.001704,0.000754,2.2596,1.0,0.001704
Suffolk,0.00151,0.00151,0.000669,2.2564,1.0,0.00151
Worcester,0.001477,0.001477,0.000655,2.2548,1.0,0.001477
