Name,Estimated unvaccinated prevalence,Estimated vaccinated prevalence,Reported prevalence,Underreporting factor,Delay factor,Estimated prevalence
Entire state,0.00499,0.004052,0.001332,2.2555,1.2769,0.003835
Androscoggin,0.003444,0.002797,0.000776,2.2299,1.7292,0.002991
Aroostook,0.011431,0.009281,0.002625,2.404,1.5766,0.009948
Cumberland,0.004243,0.003445,0.001241,2.223,1.2852,0.003545
Franklin,0.002466,0.002002,0.000894,2.2398,1.0833,0.002169
Hancock,0.003321,0.002697,0.000909,2.2333,1.4,0.002843
Kennebec,0.003966,0.00322,0.001562,2.1971,1.0,0.003431
Knox,0.005238,0.004253,0.001509,2.3299,1.2553,0.004412
Lincoln,0.002388,0.001939,0.000866,2.3392,1.0,0.002026
Oxford,0.005672,0.004605,0.001259,2.346,1.6744,0.004946
Penobscot,0.007343,0.005962,0.001729,2.346,1.5689,0.006362
Piscataquis,0.003909,0.003173,0.000834,2.2299,1.8571,0.003454
Sagadahoc,0.00353,0.002866,0.001311,2.2897,1.0,0.003001
Somerset,0.009209,0.007477,0.002159,2.3741,1.5882,0.008141
Waldo,0.003856,0.003131,0.001007,2.2951,1.4444,0.003339
Washington,0.003141,0.002551,0.001115,2.4355,1.0,0.002717
York,0.004675,0.003796,0.001151,2.2951,1.5063,0.003979
