Name,Estimated unvaccinated prevalence,Estimated vaccinated prevalence,Reported prevalence,Underreporting factor,Delay factor,Estimated prevalence
Entire state,0.00367,0.002974,0.001434,2.3023,1.0,0.003301
Dukes and Nantucket,Unknown,Unknown,0.001079,2.3023,1.0,0.002484
Barnstable,Unknown,Unknown,0.001127,2.3155,1.0,0.002609
Berkshire,0.004832,0.003916,0.001857,2.3042,1.0,0.004278
Bristol,0.00372,0.003015,0.001382,2.3388,1.0039,0.003244
Essex,0.003737,0.003028,0.001384,2.3118,1.0,0.003199
Franklin,0.003268,0.002649,0.00124,2.2863,1.0,0.002834
Hampden,0.004682,0.003794,0.001743,2.3422,1.0,0.004083
Hampshire,0.002982,0.002417,0.00115,2.2561,1.0,0.002595
Middlesex,0.003235,0.002622,0.001197,2.2863,1.0,0.002736
Norfolk,0.003149,0.002552,0.001169,2.2822,1.0,0.002667
Plymouth,0.003161,0.002562,0.001176,2.3229,1.0,0.002732
Suffolk,0.003707,0.003004,0.001382,2.3023,1.0,0.003182
Worcester,0.003263,0.002644,0.00122,2.3003,1.005,0.002819
