Name,Estimated unvaccinated prevalence,Estimated vaccinated prevalence,Reported prevalence,Underreporting factor,Delay factor,Estimated prevalence
Entire state,0.045524,0.036909,0.015916,2.54,1.0,0.040428
Dukes and Nantucket,Unknown,Unknown,0.01782,2.54,1.0,0.045264
Barnstable,Unknown,Unknown,0.009376,2.5893,1.0,0.024277
Berkshire,0.040106,0.032517,0.01443,2.4818,1.0,0.035813
Bristol,0.048035,0.038945,0.016045,2.6377,1.0,0.042323
Essex,0.038278,0.031034,0.012773,2.5925,1.0,0.033113
Franklin,0.043816,0.035524,0.014833,2.5089,1.0297,0.038321
Hampden,0.063766,0.051699,0.021328,2.6347,1.0,0.056194
Hampshire,0.036773,0.029814,0.013443,2.399,1.0,0.03225
Middlesex,0.038034,0.030836,0.01314,2.4717,1.0,0.032479
Norfolk,0.036514,0.029604,0.012325,2.5328,1.0,0.031217
Plymouth,0.039679,0.03217,0.013264,2.61,1.0,0.034619
Suffolk,0.043823,0.03553,0.015518,2.4488,1.0,0.038
Worcester,0.046576,0.037762,0.015928,2.5523,1.0,0.040652
