Name,Estimated unvaccinated prevalence,Estimated vaccinated prevalence,Reported prevalence,Underreporting factor,Delay factor,Estimated prevalence
Entire state,0.003791,0.003074,0.001114,2.3204,1.0864,0.002809
Androscoggin,0.002767,0.002244,0.00097,2.278,1.0833,0.002393
Aroostook,0.003706,0.003004,0.001208,2.3278,1.1429,0.003214
Cumberland,0.003987,0.003232,0.001247,2.3089,1.1541,0.003324
Franklin,0.00297,0.002408,0.001126,2.3108,1.0,0.002602
Hancock,0.002711,0.002198,0.000855,2.3492,1.15,0.002309
Kennebec,0.002761,0.002238,0.000908,2.3108,1.134,0.002378
Knox,0.00735,0.005959,0.001483,2.2907,1.8125,0.006159
Lincoln,0.002972,0.00241,0.001039,2.2758,1.0606,0.002509
Oxford,0.00473,0.003835,0.001121,2.3458,1.561,0.004105
Penobscot,0.004186,0.003394,0.001203,2.326,1.2908,0.003611
Piscataquis,0.0056,0.00454,0.001251,2.3661,1.6667,0.004934
Sagadahoc,0.002822,0.002288,0.001004,2.3775,1.0,0.002387
Somerset,0.002883,0.002338,0.001089,2.3315,1.0,0.00254
Waldo,0.007009,0.005683,0.001385,2.344,1.8621,0.006045
Washington,0.002351,0.001906,0.00086,2.3492,1.0,0.002021
York,0.003115,0.002526,0.001122,2.3492,1.0,0.002636
