Name,Estimated unvaccinated prevalence,Estimated vaccinated prevalence,Reported prevalence,Underreporting factor,Delay factor,Estimated prevalence
Entire state,0.002703,0.002191,0.00104,2.3302,1.0,0.002424
Allegany,0.005691,0.004613,0.002159,2.3543,1.0,0.005082
Anne Arundel,0.002341,0.001897,0.000856,2.3268,1.0,0.001992
Baltimore,0.002422,0.001963,0.000899,2.3148,1.0,0.002082
Calvert,0.00176,0.001426,0.000659,2.3041,1.0,0.001519
Caroline,0.001682,0.001364,0.000659,2.2736,1.0,0.001497
Carroll,0.001949,0.00158,0.000718,2.3368,1.0,0.001679
Cecil,0.002181,0.001768,0.000826,2.34,1.0,0.001934
Charles,0.003796,0.003077,0.00139,2.3558,1.0,0.003276
Dorchester,0.003658,0.002965,0.001347,2.4037,1.0,0.003237
Frederick,0.003154,0.002557,0.001133,2.362,1.0,0.002676
Garrett,0.002475,0.002006,0.000931,2.3982,1.0,0.002232
Harford,0.002058,0.001668,0.000767,2.32,1.0,0.00178
Howard,0.002851,0.002311,0.001019,2.3318,1.0,0.002377
Kent,0.00454,0.00368,0.001339,2.3695,1.25,0.003965
Montgomery,0.00337,0.002731,0.001209,2.34,1.0,0.002828
Prince George's,0.003203,0.002596,0.001167,2.3448,1.0,0.002736
Queen Anne's,0.001219,0.000988,0.000457,2.3234,1.0,0.001061
St. Mary's,0.002814,0.002281,0.001057,2.3217,1.0,0.002454
Somerset,0.003003,0.002434,0.001015,2.3512,1.1364,0.002712
Talbot,0.002998,0.00243,0.001103,2.3318,1.0,0.002571
Washington,0.002767,0.002243,0.001053,2.3251,1.0,0.002448
Wicomico,0.001982,0.001606,0.000762,2.3183,1.0,0.001768
Worcester,0.002127,0.001724,0.000784,2.3351,1.0,0.001831
Baltimore City,0.002933,0.002378,0.00112,2.2912,1.0,0.002567
