Name,Estimated unvaccinated prevalence,Estimated vaccinated prevalence,Reported prevalence,Underreporting factor,Delay factor,Estimated prevalence
Entire state,0.0021,0.0021,0.000906,2.2495,1.0305,0.0021
Androscoggin,0.002886,0.002886,0.001118,2.2166,1.165,0.002886
Aroostook,0.001877,0.001877,0.000835,2.2476,1.0,0.001877
Cumberland,0.001584,0.001584,0.000712,2.2247,1.0,0.001584
Franklin,0.001335,0.001335,0.000596,2.2402,1.0,0.001335
Hancock,0.001481,0.001481,0.000655,2.2618,1.0,0.001481
Kennebec,0.002968,0.002968,0.001128,2.2652,1.161,0.002968
Knox,0.001424,0.001424,0.000629,2.2652,1.0,0.001424
Lincoln,0.003851,0.003851,0.001184,2.2769,1.4286,0.003851
Oxford,0.001364,0.001364,0.000604,2.2601,1.0,0.001364
Penobscot,0.004737,0.004737,0.001347,2.2402,1.5692,0.004737
Piscataquis,0.002414,0.002414,0.001013,2.2346,1.0667,0.002414
Sagadahoc,0.001652,0.001652,0.000725,2.2785,1.0,0.001652
Somerset,0.003954,0.003954,0.001723,2.2942,1.0,0.003954
Waldo,0.002881,0.002881,0.000831,2.1672,1.6,0.002881
Washington,0.001993,0.001993,0.00086,2.3164,1.0,0.001993
York,0.001723,0.001723,0.000766,2.2495,1.0,0.001723
