Name,Estimated unvaccinated prevalence,Estimated vaccinated prevalence,Reported prevalence,Underreporting factor,Delay factor,Estimated prevalence
Entire state,0.003566,0.003566,0.001437,2.3256,1.0669,0.003566
Androscoggin,0.003703,0.003703,0.00145,2.2919,1.1143,0.003703
Aroostook,0.006657,0.006657,0.002043,2.324,1.4021,0.006657
Cumberland,0.002628,0.002628,0.001136,2.3142,1.0,0.002628
Franklin,0.003223,0.003223,0.001159,2.2901,1.2143,0.003223
Hancock,0.008146,0.008146,0.001855,2.4349,1.8036,0.008146
Kennebec,0.00388,0.00388,0.001521,2.2754,1.1212,0.00388
Knox,0.003028,0.003028,0.001307,2.3158,1.0,0.003028
Lincoln,0.003102,0.003102,0.00127,2.442,1.0,0.003102
Oxford,0.004967,0.004967,0.001363,2.3365,1.56,0.004967
Penobscot,0.004761,0.004761,0.001755,2.3457,1.1565,0.004761
Piscataquis,0.010844,0.010844,0.002324,2.3334,2.0,0.010844
Sagadahoc,0.002827,0.002827,0.001199,2.3575,1.0,0.002827
Somerset,0.003059,0.003059,0.001307,2.3396,1.0,0.003059
Waldo,0.00379,0.00379,0.00146,2.3675,1.0962,0.00379
Washington,0.00705,0.00705,0.001944,2.4178,1.5,0.00705
York,0.003138,0.003138,0.001353,2.3191,1.0,0.003138
