Name,Estimated unvaccinated prevalence,Estimated vaccinated prevalence,Reported prevalence,Underreporting factor,Delay factor,Estimated prevalence
Entire state,0.001741,0.001741,0.000741,2.267,1.0373,0.001741
Allegany,0.001835,0.001835,0.000809,2.267,1.0,0.001835
Anne Arundel,0.001587,0.001587,0.000685,2.2689,1.0206,0.001587
Baltimore,0.00174,0.00174,0.000672,2.2492,1.1515,0.00174
Calvert,0.001682,0.001682,0.000659,2.2533,1.1321,0.001682
Caroline,0.001984,0.001984,0.000868,2.2854,1.0,0.001984
Carroll,0.001578,0.001578,0.000582,2.2925,1.1829,0.001578
Cecil,0.001732,0.001732,0.000758,2.2836,1.0,0.001732
Charles,0.001814,0.001814,0.000809,2.243,1.0,0.001814
Dorchester,0.002289,0.002289,0.000814,2.2492,1.25,0.002289
Frederick,0.001636,0.001636,0.00069,2.2925,1.0349,0.001636
Garrett,0.001912,0.001912,0.000827,2.311,1.0,0.001912
Harford,0.00159,0.00159,0.000689,2.3077,1.0,0.00159
Howard,0.002275,0.002275,0.000851,2.2872,1.1695,0.002275
Kent,0.00091,0.00091,0.000412,2.2092,1.0,0.00091
Montgomery,0.001965,0.001965,0.000833,2.2836,1.0331,0.001965
Prince George's,0.001913,0.001913,0.000788,2.2872,1.0607,0.001913
Queen Anne's,0.001306,0.001306,0.000536,2.2492,1.0833,0.001306
St. Mary's,0.00129,0.00129,0.000555,2.2117,1.0508,0.00129
Somerset,0.000789,0.000789,0.000351,2.2451,1.0,0.000789
Talbot,0.004422,0.004422,0.000968,2.2836,2.0,0.004422
Washington,0.002725,0.002725,0.000881,2.3207,1.3333,0.002725
Wicomico,0.001559,0.001559,0.000685,2.2745,1.0,0.001559
Worcester,0.000848,0.000848,0.000383,2.2164,1.0,0.000848
Baltimore City,0.001751,0.001751,0.00076,2.2068,1.0441,0.001751
