Name,Estimated unvaccinated prevalence,Estimated vaccinated prevalence,Reported prevalence,Underreporting factor,Delay factor,Estimated prevalence
Entire state,0.003222,0.002612,0.001025,2.3319,1.0,0.00239
Androscoggin,0.002398,0.001944,0.000896,2.3148,1.0,0.002074
Aroostook,0.002868,0.002326,0.001059,2.3498,1.0,0.002488
Cumberland,0.003028,0.002455,0.001081,2.3337,1.0,0.002524
Franklin,0.003807,0.003087,0.001258,2.2927,1.1562,0.003336
Hancock,0.002083,0.001689,0.000746,2.38,1.0,0.001775
Kennebec,0.002168,0.001757,0.000801,2.307,1.0104,0.001868
Knox,0.002281,0.00185,0.00083,2.305,1.0,0.001912
Lincoln,0.00276,0.002238,0.000982,2.3735,1.0,0.00233
Oxford,0.001975,0.001602,0.000724,2.3669,1.0,0.001715
Penobscot,0.002611,0.002117,0.000933,2.2777,1.0602,0.002254
Piscataquis,0.003123,0.002532,0.000775,2.3685,1.5,0.002752
Sagadahoc,0.004724,0.00383,0.001311,2.3864,1.2778,0.003997
Somerset,0.004693,0.003805,0.001446,2.3832,1.2,0.004135
Waldo,0.002193,0.001778,0.000755,2.3319,1.0741,0.001892
Washington,0.00448,0.003633,0.001275,2.4034,1.2581,0.003854
York,0.003902,0.003164,0.001353,2.3533,1.037,0.003303
