Name,Estimated unvaccinated prevalence,Estimated vaccinated prevalence,Reported prevalence,Underreporting factor,Delay factor,Estimated prevalence
Entire state,0.000817,0.000817,0.000367,2.2275,1.0,0.000817
Androscoggin,0.000821,0.000821,0.000369,2.2212,1.0,0.000821
Aroostook,0.001113,0.001113,0.000492,2.2621,1.0,0.001113
Cumberland,0.000817,0.000817,0.000366,2.2316,1.0,0.000817
Franklin,0.000523,0.000523,0.000232,2.2548,1.0,0.000523
Hancock,0.000929,0.000929,0.000418,2.2212,1.0,0.000929
Kennebec,0.000658,0.000658,0.000294,2.2356,1.0,0.000658
Knox,0.001636,0.001636,0.000503,2.2254,1.4615,0.001636
Lincoln,0.000848,0.000848,0.000375,2.2584,1.0,0.000848
Oxford,0.000433,0.000433,0.00019,2.2811,1.0,0.000433
Penobscot,0.000861,0.000861,0.000388,2.219,1.0,0.000861
Piscataquis,0.00195,0.00195,0.000715,2.2316,1.2222,0.00195
Sagadahoc,0.00059,0.00059,0.000251,2.3524,1.0,0.00059
Somerset,0.00117,0.00117,0.000515,2.2709,1.0,0.00117
Waldo,0.000393,0.000393,0.000176,2.2295,1.0,0.000393
Washington,0.002154,0.002154,0.000924,2.3303,1.0,0.002154
York,0.000798,0.000798,0.000352,2.2709,1.0,0.000798
