Name,Population,Cases in past week,Reported prevalence,Underreporting factor,Delay factor,Estimated prevalence
Entire state,1344212,1149,0.0008555198138388885,6,1.0,0.005133118883033331
Androscoggin,108277,125,0.0011636820377365462,6,1.0,0.006982092226419277
Aroostook,67055,42,0.0006412646335098054,6,4.666666666666667,0.01795540973827455
Cumberland,295003,211,0.0007186367596261733,6,1.0,0.004311820557757039
Franklin,30199,18,0.0006291599059571509,6,1.0,0.0037749594357429053
Hancock,54987,30,0.0005637696182734101,6,1.0,0.0033826177096404606
Kennebec,122302,100,0.0008258245981259505,6,1.0,0.004954947588755703
Knox,39772,14,0.0003771497535954943,6,1.0,0.0022628985215729655
Lincoln,34634,21,0.0006352139516082462,6,1.0,0.0038112837096494776
Oxford,57975,47,0.0008279430789133247,6,1.0,0.004967658473479948
Penobscot,152148,208,0.001373662486526277,6,1.2530120481927711,0.010327293874607192
Piscataquis,16785,7,0.00047661602621388145,6,1.0,0.002859696157283289
Sagadahoc,35856,15,0.0004462293618920125,6,1.0,0.002677376171352075
Somerset,50484,43,0.0008715632675699231,6,1.0,0.005229379605419538
Waldo,39715,18,0.00047840866171471735,6,1.125,0.003229258466574342
Washington,31379,13,0.0004461582587080532,6,1.0,0.002676949552248319
York,207641,243,0.0011751051092992232,6,1.0,0.007050630655795339
