Name,Estimated unvaccinated prevalence,Estimated vaccinated prevalence,Reported prevalence,Underreporting factor,Delay factor,Estimated prevalence
Entire state,0.007087,0.007087,0.001105,3.2057,2.0,0.007087
Allegany,0.007106,0.007106,0.001221,3.1487,1.8478,0.007106
Anne Arundel,0.00622,0.00622,0.000979,3.177,2.0,0.00622
Baltimore,0.005852,0.005852,0.000937,3.1238,2.0,0.005852
Calvert,0.005355,0.005355,0.000865,3.0969,2.0,0.005355
Caroline,0.004403,0.004403,0.000718,3.0641,2.0,0.004403
Carroll,0.003891,0.003891,0.000623,3.1209,2.0,0.003891
Cecil,0.006495,0.006495,0.001031,3.1514,2.0,0.006495
Charles,0.007251,0.007251,0.001176,3.2281,1.91,0.007251
Dorchester,0.006683,0.006683,0.001065,3.1379,2.0,0.006683
Frederick,0.005479,0.005479,0.000913,3.2033,1.873,0.005479
Garrett,0.006152,0.006152,0.001,3.0777,2.0,0.006152
Harford,0.005901,0.005901,0.000932,3.1669,2.0,0.005901
Howard,0.006945,0.006945,0.001099,3.1592,2.0,0.006945
Kent,0.005612,0.005612,0.000875,3.2057,2.0,0.005612
Montgomery,0.008219,0.008219,0.001292,3.1794,2.0,0.008219
Prince George's,0.008208,0.008208,0.001289,3.1843,2.0,0.008208
Queen Anne's,0.007993,0.007993,0.00127,3.146,2.0,0.007993
St. Mary's,0.007115,0.007115,0.001119,3.1794,2.0,0.007115
Somerset,0.003638,0.003638,0.000586,3.1062,2.0,0.003638
Talbot,0.007898,0.007898,0.001264,3.1238,2.0,0.007898
Washington,0.004281,0.004281,0.000689,3.1092,2.0,0.004281
Wicomico,0.005821,0.005821,0.000956,3.0461,2.0,0.005821
Worcester,0.002758,0.002758,0.000478,3.1238,1.8462,0.002758
Baltimore City,0.008874,0.008874,0.001427,3.1092,2.0,0.008874
