Name,Estimated unvaccinated prevalence,Estimated vaccinated prevalence,Reported prevalence,Underreporting factor,Delay factor,Estimated prevalence
Entire state,0.003364,0.003364,0.001325,2.2745,1.1159,0.003364
Atlantic,0.002632,0.002632,0.001096,2.2509,1.0667,0.002632
Bergen,0.004168,0.004168,0.001739,2.2847,1.0492,0.004168
Burlington,0.002661,0.002661,0.001107,2.262,1.0626,0.002661
Camden,0.002653,0.002653,0.001141,2.2639,1.0267,0.002653
Cape May,0.003443,0.003443,0.001054,2.2117,1.4769,0.003443
Cumberland,0.004281,0.004281,0.001224,2.1719,1.6106,0.004281
Essex,0.004788,0.004788,0.001571,2.2946,1.3284,0.004788
Gloucester,0.002354,0.002354,0.00095,2.2451,1.104,0.002354
Hudson,0.004731,0.004731,0.001645,2.3088,1.2458,0.004731
Hunterdon,0.002502,0.002502,0.00111,2.2547,1.0,0.002502
Mercer,0.002362,0.002362,0.001067,2.214,1.0,0.002362
Middlesex,0.003384,0.003384,0.001336,2.3104,1.0966,0.003384
Monmouth,0.003093,0.003093,0.001298,2.2913,1.0402,0.003093
Morris,0.002821,0.002821,0.001153,2.2913,1.0679,0.002821
Ocean,0.002839,0.002839,0.00125,2.271,1.0,0.002839
Passaic,0.003448,0.003448,0.001503,2.2946,1.0,0.003448
Salem,0.003442,0.003442,0.001042,2.271,1.4545,0.003442
Somerset,0.002501,0.002501,0.001064,2.283,1.0295,0.002501
Sussex,0.003639,0.003639,0.001253,2.3073,1.259,0.003639
Union,0.004655,0.004655,0.001309,2.2657,1.5702,0.004655
Warren,0.004755,0.004755,0.001444,2.2897,1.4381,0.004755
