Name,Estimated unvaccinated prevalence,Estimated vaccinated prevalence,Reported prevalence,Underreporting factor,Delay factor,Estimated prevalence
Entire state,0.001093,0.000886,0.000426,2.2781,1.0,0.00097
Bernalillo,0.001256,0.001018,0.000452,2.2725,1.0737,0.001103
Catron,0.001451,0.001177,0.000567,2.3583,1.0,0.001337
Chaves,0.000146,0.000118,6.2e-05,2.1714,1.0,0.000134
Cibola,0.002794,0.002266,0.00105,2.3583,1.0,0.002475
Colfax,0.000835,0.000678,0.000335,2.2225,1.0,0.000744
Curry,0.006236,0.005058,0.001124,2.5306,2.0,0.005686
De Baca,0.001429,0.001159,0.000572,2.2781,1.0,0.001303
Dona Ana,0.000626,0.000508,0.000243,2.2696,1.0,0.000551
Eddy,0.000194,0.000157,8.6e-05,2.0879,1.0,0.000179
Grant,0.002186,0.001773,0.000556,2.236,1.5556,0.001932
Guadalupe,0.001234,0.001001,0.000465,2.3451,1.0,0.001091
Harding,0.004014,0.003256,0.0016,2.2781,1.0,0.003645
Hidalgo,0.000583,0.000473,0.000238,2.2081,1.0,0.000526
Lea,0.000395,0.000321,0.000169,2.1622,1.0,0.000365
Lincoln,0.003251,0.002637,0.000817,2.3854,1.5,0.002925
Los Alamos,0.002249,0.001824,0.000774,2.5098,1.0,0.001944
Luna,0.000892,0.000724,0.000337,2.3195,1.0,0.000783
McKinley,0.002986,0.002422,0.000813,2.3562,1.3571,0.002599
Mora,0.001129,0.000916,0.000442,2.2725,1.0,0.001005
Otero,0.000987,0.000801,0.000385,2.2488,1.0417,0.000902
Quay,0.00125,0.001014,0.000485,2.3711,1.0,0.001149
Rio Arriba,0.002742,0.002224,0.000642,2.3219,1.6,0.002386
Roosevelt,0.00013,0.000106,5.4e-05,2.2425,1.0,0.000121
Sandoval,0.002012,0.001632,0.000545,2.2154,1.463,0.001767
San Juan,0.000579,0.00047,0.000226,2.2549,1.0,0.000509
San Miguel,0.001989,0.001613,0.00077,2.2863,1.0,0.00176
Santa Fe,0.001536,0.001246,0.000579,2.2943,1.0,0.001328
Sierra,0.000876,0.00071,0.000371,2.0879,1.0,0.000774
Socorro,0.000572,0.000464,0.00024,2.118,1.0,0.000509
Taos,0.000729,0.000591,0.000275,2.2836,1.0,0.000628
Torrance,0.000613,0.000498,0.000259,2.1927,1.0,0.000567
Union,0.001928,0.001564,0.000739,2.3813,1.0,0.00176
Valencia,0.00127,0.00103,0.000365,2.3122,1.35,0.00114
