Name,Estimated unvaccinated prevalence,Estimated vaccinated prevalence,Reported prevalence,Underreporting factor,Delay factor,Estimated prevalence
Entire state,0.001238,0.001238,0.000548,2.2592,1.0,0.001238
Bernalillo,0.001305,0.001305,0.000558,2.2335,1.0471,0.001305
Catron,0.000641,0.000641,0.000284,2.2592,1.0,0.000641
Chaves,0.000432,0.000432,0.000201,2.1487,1.0,0.000432
Cibola,0.001517,0.001517,0.000675,2.2483,1.0,0.001517
Colfax,0.000378,0.000378,0.000167,2.2592,1.0,0.000378
Curry,0.000904,0.000904,0.000409,2.2122,1.0,0.000904
De Baca,0.001292,0.001292,0.000572,2.2592,1.0,0.001292
Dona Ana,0.000661,0.000661,0.000289,2.2908,1.0,0.000661
Eddy,0.000827,0.000827,0.000274,2.2159,1.3636,0.000827
Grant,0.002093,0.002093,0.000926,2.2607,1.0,0.002093
Guadalupe,0.008406,0.008406,0.00186,2.2592,2.0,0.008406
Harding,0.003615,0.003615,0.0016,2.2592,1.0,0.003615
Hidalgo,0.001066,0.001066,0.000476,2.2369,1.0,0.001066
Lea,0.000952,0.000952,0.000422,2.2545,1.0,0.000952
Lincoln,0.001369,0.001369,0.000613,2.2335,1.0,0.001369
Los Alamos,0.000332,0.000332,0.000155,2.1433,1.0,0.000332
Luna,0.00045,0.00045,0.000211,2.1348,1.0,0.00045
McKinley,0.005613,0.005613,0.002074,2.3935,1.1308,0.005613
Mora,0.000502,0.000502,0.000221,2.2681,1.0,0.000502
Otero,0.001153,0.001153,0.0004,2.2177,1.3,0.001153
Quay,0.003153,0.003153,0.000727,2.1687,2.0,0.003153
Rio Arriba,0.00183,0.00183,0.000771,2.374,1.0,0.00183
Roosevelt,0.001354,0.001354,0.000432,2.2369,1.4,0.001354
Sandoval,0.002257,0.002257,0.00079,2.2592,1.2637,0.002257
San Juan,0.001488,0.001488,0.000662,2.2498,1.0,0.001488
San Miguel,0.00148,0.00148,0.00044,2.1405,1.5714,0.00148
Santa Fe,0.001114,0.001114,0.000446,2.2725,1.1,0.001114
Sierra,0.000195,0.000195,9.3e-05,2.1013,1.0,0.000195
Socorro,0.001746,0.001746,0.000421,2.0744,2.0,0.001746
Taos,0.000643,0.000643,0.000275,2.3361,1.0,0.000643
Torrance,0.002336,0.002336,0.000517,2.2576,2.0,0.002336
Union,0.001113,0.001113,0.000493,2.2592,1.0,0.001113
Valencia,0.001986,0.001986,0.000626,2.2284,1.4242,0.001986
