Name,Estimated unvaccinated prevalence,Estimated vaccinated prevalence,Reported prevalence,Underreporting factor,Delay factor,Estimated prevalence
Entire state,0.011403,0.002098,0.002168,2.4285,1.0,0.005265
Bernalillo,0.009586,0.001764,0.001847,2.4285,1.0867,0.004873
Catron,0.015565,0.002863,0.002268,2.3352,2.0,0.010594
Chaves,0.015616,0.002873,0.004024,2.4221,1.1164,0.01088
Cibola,0.011573,0.002129,0.002512,2.4022,1.0,0.006034
Colfax,0.019828,0.003648,0.004187,2.6106,1.0,0.010931
Curry,0.012362,0.002274,0.003268,2.5759,1.0,0.008419
De Baca,0.007709,0.001418,0.002288,2.1888,1.0,0.005009
Dona Ana,0.007051,0.001297,0.001544,2.3883,1.0,0.003689
Eddy,0.016642,0.003062,0.004328,2.6083,1.0244,0.011563
Grant,0.011706,0.002154,0.002074,2.4534,1.1957,0.006085
Guadalupe,0.034102,0.006274,0.003953,2.2094,2.0,0.01747
Harding,0.006183,0.001138,0.0016,2.4285,1.0,0.003886
Hidalgo,0.010183,0.001873,0.002144,2.5103,1.1429,0.006151
Lea,0.013521,0.002487,0.003771,2.5049,1.0,0.009446
Lincoln,0.017424,0.003206,0.003985,2.5663,1.0,0.010227
Los Alamos,0.004772,0.000878,0.000671,2.3473,1.3333,0.002101
Luna,0.008062,0.001483,0.001392,2.277,1.3333,0.004226
McKinley,0.007816,0.001438,0.001471,2.5615,1.0,0.003769
Mora,0.05242,0.009644,0.00553,2.8328,1.8462,0.028919
Otero,0.012155,0.002236,0.00286,2.559,1.1098,0.008122
Quay,0.030106,0.005539,0.006422,2.7677,1.1556,0.020539
Rio Arriba,0.014528,0.002673,0.002287,2.5491,1.1733,0.006839
Roosevelt,0.00598,0.0011,0.001784,2.4712,1.0,0.004408
Sandoval,0.008499,0.001564,0.001765,2.4285,1.0,0.004286
San Juan,0.01261,0.00232,0.002638,2.4827,1.0382,0.0068
San Miguel,0.00821,0.00151,0.001833,2.3775,1.0,0.004358
Santa Fe,0.009362,0.001722,0.00129,2.4089,1.3219,0.004109
Sierra,0.003118,0.000574,0.000741,2.1888,1.0,0.001623
Socorro,0.00468,0.000861,0.001082,2.3702,1.0,0.002564
Taos,0.003781,0.000696,0.000703,2.277,1.0,0.0016
Torrance,0.012632,0.002324,0.003299,2.6806,1.0,0.008842
Union,0.013725,0.002525,0.003449,2.4683,1.0,0.008513
Valencia,0.020246,0.003725,0.003025,2.5262,1.5503,0.011848
