Name,Estimated unvaccinated prevalence,Estimated vaccinated prevalence,Reported prevalence,Underreporting factor,Delay factor,Estimated prevalence
Entire state,0.000966,0.000786,0.000376,2.2618,1.0087,0.000858
Churchill,0.000387,0.000315,0.000161,2.1694,1.0,0.000348
Clark,0.001129,0.000919,0.000383,2.2588,1.1651,0.001009
Douglas,0.001335,0.001087,0.000511,2.3638,1.0,0.001208
Elko,0.000565,0.00046,0.000227,2.2907,1.0,0.000521
Esmeralda,0.002806,0.002284,0.001145,2.2618,1.0,0.002591
Eureka,0.001175,0.000956,0.000493,2.2618,1.0,0.001115
Humboldt,0.000136,0.000111,5.9e-05,2.1129,1.0,0.000126
Lander,0.000442,0.00036,0.000181,2.2618,1.0,0.000409
Lincoln,0.00047,0.000383,0.000193,2.2618,1.0,0.000436
Lyon,0.000965,0.000785,0.0004,2.2259,1.0,0.00089
Mineral,0.001143,0.00093,0.000444,2.2907,1.0,0.001017
Nye,0.000687,0.000559,0.000215,2.2708,1.2857,0.000628
Pershing,0.000721,0.000587,0.000297,2.2618,1.0,0.000673
Storey,0.006867,0.005589,0.001455,2.2618,2.0,0.006583
Washoe,0.001139,0.000927,0.000337,2.3169,1.2846,0.001004
White Pine,0.000251,0.000204,0.000104,2.1646,1.0,0.000226
Carson City,0.002662,0.002166,0.001055,2.2223,1.0,0.002345
