Name,Estimated unvaccinated prevalence,Estimated vaccinated prevalence,Reported prevalence,Underreporting factor,Delay factor,Estimated prevalence
Entire state,0.003211,0.002605,0.001221,2.3281,1.0,0.002843
Bernalillo,0.002727,0.002212,0.001038,2.3093,1.0,0.002397
Catron,0.011896,0.009649,0.002268,2.4175,2.0,0.010967
Chaves,0.003102,0.002516,0.000867,2.1653,1.5278,0.002867
Cibola,0.002759,0.002238,0.00105,2.3307,1.0,0.002446
Colfax,0.007322,0.005939,0.001926,2.464,1.375,0.006526
Curry,0.002066,0.001676,0.000838,2.2514,1.0,0.001886
De Baca,0.004583,0.003717,0.001716,2.4355,1.0,0.00418
Dona Ana,0.002991,0.002426,0.001082,2.3255,1.0491,0.002639
Eddy,0.001065,0.000864,0.000428,2.2952,1.0,0.000982
Grant,0.005458,0.004427,0.002,2.4134,1.0,0.004827
Guadalupe,0.006401,0.005192,0.002326,2.4316,1.0,0.005655
Harding,0.057365,0.04653,0.0096,2.716,2.0,0.052147
Hidalgo,0.015084,0.012235,0.002859,2.599,1.8333,0.01362
Lea,0.004727,0.003834,0.000915,2.3878,2.0,0.004368
Lincoln,0.002862,0.002322,0.001124,2.2923,1.0,0.002577
Los Alamos,0.005485,0.004449,0.001962,2.3532,1.0278,0.004745
Luna,0.001954,0.001585,0.000759,2.2614,1.0,0.001717
McKinley,0.007895,0.006404,0.002312,2.4509,1.2148,0.006884
Mora,0.009362,0.007594,0.00177,2.3556,2.0,0.008337
Otero,0.004827,0.003915,0.00123,2.3202,1.5472,0.004415
Quay,0.00179,0.001452,0.000727,2.2647,1.0,0.001646
Rio Arriba,0.006127,0.00497,0.00113,2.3604,2.0,0.005337
Roosevelt,0.001969,0.001597,0.000811,2.2647,1.0,0.001836
Sandoval,0.003535,0.002867,0.001342,2.3148,1.0,0.003107
San Juan,0.004777,0.003875,0.001767,2.3811,1.0,0.004207
San Miguel,0.007017,0.005692,0.00231,2.3434,1.1481,0.006214
Santa Fe,0.003167,0.002569,0.001184,2.3148,1.0,0.00274
Sierra,0.001123,0.000911,0.000463,2.1432,1.0,0.000993
Socorro,0.002394,0.001942,0.000962,2.2187,1.0,0.002134
Taos,0.002097,0.001701,0.000764,2.2679,1.0435,0.001808
Torrance,0.00166,0.001346,0.000647,2.3743,1.0,0.001536
Union,0.003098,0.002513,0.001232,2.2952,1.0,0.002827
Valencia,0.003222,0.002613,0.001226,2.3604,1.0,0.002893
