Name,Estimated unvaccinated prevalence,Estimated vaccinated prevalence,Reported prevalence,Underreporting factor,Delay factor,Estimated prevalence
Entire state,0.000965,0.000965,0.000413,2.3356,1.0,0.000965
Churchill,0.003228,0.003228,0.000682,2.3651,2.0,0.003228
Clark,0.000836,0.000836,0.000366,2.2848,1.0,0.000836
Douglas,0.000665,0.000665,0.000266,2.2934,1.0909,0.000665
Elko,0.000544,0.000544,0.000114,2.3945,2.0,0.000544
Esmeralda,0.002675,0.002675,0.001145,2.3356,1.0,0.002675
Eureka,0.001151,0.001151,0.000493,2.3356,1.0,0.001151
Humboldt,0.00245,0.00245,0.000535,2.2906,2.0,0.00245
Lander,0.000422,0.000422,0.000181,2.3356,1.0,0.000422
Lincoln,0.001352,0.001352,0.000579,2.3356,1.0,0.001352
Lyon,0.001825,0.001825,0.000626,2.415,1.2069,0.001825
Mineral,0.006791,0.006791,0.00222,2.3796,1.2857,0.006791
Nye,0.000492,0.000492,0.000107,2.2877,2.0,0.000492
Pershing,0.001074,0.001074,0.000446,2.4069,1.0,0.001074
Storey,0.003399,0.003399,0.000728,2.3356,2.0,0.003399
Washoe,0.001777,0.001777,0.000696,2.555,1.0,0.001777
White Pine,0.000446,0.000446,0.000209,2.135,1.0,0.000446
Carson City,0.000759,0.000759,0.00034,2.2338,1.0,0.000759
