Name,Estimated unvaccinated prevalence,Estimated vaccinated prevalence,Reported prevalence,Underreporting factor,Delay factor,Estimated prevalence
Entire state,0.00825,0.006695,0.002902,2.4017,1.0127,0.007058
Atlantic,0.008582,0.006964,0.003049,2.4426,1.0037,0.007476
Bergen,0.009855,0.007997,0.003314,2.4123,1.0496,0.00839
Burlington,0.007021,0.005697,0.002517,2.3908,1.0,0.006018
Camden,0.007601,0.006168,0.002598,2.3971,1.0588,0.006595
Cape May,0.007798,0.006327,0.002825,2.3681,1.0,0.00669
Cumberland,0.009138,0.007415,0.003096,2.3366,1.1351,0.008213
Essex,0.00968,0.007855,0.003353,2.4032,1.034,0.008332
Gloucester,0.005871,0.004764,0.002112,2.3924,1.0233,0.005171
Hudson,0.011078,0.00899,0.003566,2.4197,1.092,0.009424
Hunterdon,0.005569,0.004519,0.002034,2.3647,1.0,0.00481
Mercer,0.007357,0.00597,0.002735,2.3217,1.0,0.00635
Middlesex,0.008492,0.006891,0.002988,2.4412,1.0,0.007293
Monmouth,0.008507,0.006903,0.002809,2.4168,1.0897,0.007397
Morris,0.008024,0.006511,0.002814,2.4284,1.0,0.006833
Ocean,0.006807,0.005524,0.00252,2.3747,1.0187,0.006096
Passaic,0.008628,0.007001,0.002893,2.4123,1.0701,0.007469
Salem,0.008181,0.006638,0.002308,2.3908,1.3241,0.007307
Somerset,0.007367,0.005978,0.002605,2.4153,1.0,0.006293
Sussex,0.006097,0.004948,0.002164,2.3892,1.0377,0.005365
Union,0.00832,0.006752,0.002993,2.3892,1.0042,0.007181
Warren,0.134233,0.108923,0.024452,2.3861,2.0,0.116689
