Name,Estimated unvaccinated prevalence,Estimated vaccinated prevalence,Reported prevalence,Underreporting factor,Delay factor,Estimated prevalence
Entire state,0.001323,0.001323,0.000578,2.2503,1.0177,0.001323
Bernalillo,0.001371,0.001371,0.000583,2.2325,1.0533,0.001371
Catron,0.000638,0.000638,0.000284,2.2503,1.0,0.000638
Chaves,0.000532,0.000532,0.000248,2.1481,1.0,0.000532
Cibola,0.002533,0.002533,0.001087,2.2472,1.037,0.002533
Colfax,0.000565,0.000565,0.000251,2.2503,1.0,0.000565
Curry,0.001709,0.001709,0.000613,2.2113,1.2609,0.001709
De Baca,0.003862,0.003862,0.001716,2.2503,1.0,0.003862
Dona Ana,0.002075,0.002075,0.000545,2.2895,1.662,0.002075
Eddy,0.000417,0.000417,0.000188,2.215,1.0,0.000417
Grant,0.003843,0.003843,0.001222,2.2595,1.3913,0.003843
Guadalupe,0.00314,0.00314,0.001395,2.2503,1.0,0.00314
Harding,0.0036,0.0036,0.0016,2.2503,1.0,0.0036
Hidalgo,0.001065,0.001065,0.000476,2.2358,1.0,0.001065
Lea,0.000856,0.000856,0.00038,2.2534,1.0,0.000856
Lincoln,0.002542,0.002542,0.000664,2.2325,1.7143,0.002542
Los Alamos,0.000221,0.000221,0.000103,2.1427,1.0,0.000221
Luna,0.00054,0.00054,0.000253,2.1342,1.0,0.00054
McKinley,0.003921,0.003921,0.001639,2.3918,1.0,0.003921
Mora,0.000501,0.000501,0.000221,2.267,1.0,0.000501
Otero,0.001734,0.001734,0.000489,2.2168,1.6,0.001734
Quay,0.004203,0.004203,0.000969,2.1679,2.0,0.004203
Rio Arriba,0.001829,0.001829,0.000771,2.3723,1.0,0.001829
Roosevelt,0.004592,0.004592,0.001027,2.2358,2.0,0.004592
Sandoval,0.001493,0.001493,0.000661,2.258,1.0,0.001493
San Juan,0.001822,0.001822,0.000718,2.2487,1.1282,0.001822
San Miguel,0.000706,0.000706,0.00033,2.1399,1.0,0.000706
Santa Fe,0.001073,0.001073,0.000472,2.2713,1.0,0.001073
Sierra,0.001558,0.001558,0.000371,2.1009,2.0,0.001558
Socorro,0.003241,0.003241,0.000781,2.074,2.0,0.003241
Taos,0.000428,0.000428,0.000183,2.3346,1.0,0.000428
Torrance,0.001226,0.001226,0.000453,2.2565,1.2,0.001226
Union,0.001109,0.001109,0.000493,2.2503,1.0,0.001109
Valencia,0.000929,0.000929,0.000417,2.2273,1.0,0.000929
