Name,Estimated unvaccinated prevalence,Estimated vaccinated prevalence,Reported prevalence,Underreporting factor,Delay factor,Estimated prevalence
Entire state,0.001538,0.001538,0.00065,2.3669,1.0,0.001538
Churchill,0.00161,0.00161,0.000682,2.3584,1.0,0.00161
Clark,0.001603,0.001603,0.000674,2.3776,1.0,0.001603
Douglas,0.001332,0.001332,0.000552,2.4121,1.0,0.001332
Elko,0.000442,0.000442,0.000189,2.3317,1.0,0.000442
Esmeralda,0.005423,0.005423,0.002291,2.3669,1.0,0.005423
Eureka,0.001167,0.001167,0.000493,2.3669,1.0,0.001167
Humboldt,0.000528,0.000528,0.000238,2.22,1.0,0.000528
Lander,0.001711,0.001711,0.000723,2.3669,1.0,0.001711
Lincoln,0.000457,0.000457,0.000193,2.3669,1.0,0.000457
Lyon,0.00094,0.00094,0.000417,2.2517,1.0,0.00094
Mineral,0.001476,0.001476,0.000666,2.216,1.0,0.001476
Nye,0.001394,0.001394,0.00058,2.4013,1.0,0.001394
Pershing,0.001162,0.001162,0.000446,2.6058,1.0,0.001162
Storey,0.000574,0.000574,0.000243,2.3669,1.0,0.000574
Washoe,0.001353,0.001353,0.000577,2.3447,1.0,0.001353
White Pine,0.000232,0.000232,0.000104,2.2259,1.0,0.000232
Carson City,0.002073,0.002073,0.000894,2.3181,1.0,0.002073
