Name,Estimated unvaccinated prevalence,Estimated vaccinated prevalence,Reported prevalence,Underreporting factor,Delay factor,Estimated prevalence
Entire state,0.002334,0.001893,0.000884,2.3382,1.0,0.002067
Bernalillo,0.001959,0.001589,0.000742,2.3203,1.0,0.001722
Catron,0.003957,0.003209,0.001418,2.5727,1.0,0.003647
Chaves,0.000841,0.000682,0.000356,2.1834,1.0,0.000777
Cibola,0.016997,0.013786,0.003187,2.3646,2.0,0.015069
Colfax,0.004494,0.003645,0.001675,2.3913,1.0,0.004005
Curry,0.001504,0.00122,0.000613,2.2392,1.0,0.001372
De Baca,0.002943,0.002387,0.001144,2.3456,1.0,0.002684
Dona Ana,0.00221,0.001792,0.000816,2.3891,1.0,0.001949
Eddy,0.001061,0.00086,0.000428,2.2842,1.0,0.000977
Grant,0.004999,0.004054,0.001852,2.3869,1.0,0.004421
Guadalupe,0.004485,0.003638,0.001395,2.8406,1.0,0.003964
Harding,0.021989,0.017836,0.0064,3.1232,1.0,0.019989
Hidalgo,0.007696,0.006242,0.002382,2.593,1.125,0.006949
Lea,0.001199,0.000973,0.000492,2.2495,1.0,0.001108
Lincoln,0.002386,0.001936,0.00092,2.3357,1.0,0.002148
Los Alamos,0.003037,0.002463,0.001136,2.3124,1.0,0.002626
Luna,0.001202,0.000975,0.000464,2.2751,1.0,0.001056
McKinley,0.003508,0.002845,0.001261,2.4243,1.0,0.003057
Mora,0.00107,0.000868,0.000442,2.1535,1.0,0.000953
Otero,0.001674,0.001358,0.000652,2.348,1.0,0.001531
Quay,0.005613,0.004553,0.001091,2.3669,2.0,0.005162
Rio Arriba,0.002183,0.001771,0.000796,2.3869,1.0,0.001901
Roosevelt,0.002146,0.001741,0.000865,2.1589,1.0714,0.002
Sandoval,0.002255,0.001829,0.000872,2.2721,1.0,0.001982
San Juan,0.002624,0.002128,0.000976,2.3669,1.0,0.00231
San Miguel,0.004415,0.003581,0.001686,2.3177,1.0,0.003909
Santa Fe,0.003242,0.00263,0.001184,2.3691,1.0,0.002805
Sierra,0.001584,0.001284,0.000649,2.1589,1.0,0.0014
Socorro,0.000906,0.000735,0.000361,2.2392,1.0,0.000808
Taos,0.001892,0.001535,0.000703,2.3203,1.0,0.001631
Torrance,0.003923,0.003182,0.000776,2.3382,2.0,0.00363
Union,0.002601,0.00211,0.000985,2.4102,1.0,0.002375
Valencia,0.002612,0.002118,0.000978,2.3977,1.0,0.002345
