Name,Estimated unvaccinated prevalence,Estimated vaccinated prevalence,Reported prevalence,Underreporting factor,Delay factor,Estimated prevalence
Entire state,0.003443,0.003443,0.00149,2.3102,1.0,0.003443
Atlantic,0.003314,0.003314,0.001434,2.3119,1.0,0.003314
Bergen,0.003568,0.003568,0.00156,2.2877,1.0,0.003568
Burlington,0.003483,0.003483,0.001502,2.3185,1.0,0.003483
Camden,0.003436,0.003436,0.001477,2.3265,1.0,0.003436
Cape May,0.002784,0.002784,0.001217,2.2877,1.0,0.002784
Cumberland,0.003855,0.003855,0.001719,2.2429,1.0,0.003855
Essex,0.003181,0.003181,0.001382,2.3018,1.0,0.003181
Gloucester,0.003271,0.003271,0.001406,2.3265,1.0,0.003271
Hudson,0.003115,0.003115,0.001344,2.3168,1.0,0.003115
Hunterdon,0.004533,0.004533,0.001624,2.3465,1.1893,0.004533
Mercer,0.003988,0.003988,0.001753,2.2613,1.0063,0.003988
Middlesex,0.003691,0.003691,0.001572,2.348,1.0,0.003691
Monmouth,0.003491,0.003491,0.001496,2.3328,1.0,0.003491
Morris,0.003633,0.003633,0.001545,2.3509,1.0,0.003633
Ocean,0.003776,0.003776,0.001629,2.3185,1.0,0.003776
Passaic,0.003121,0.003121,0.001357,2.3001,1.0,0.003121
Salem,0.003316,0.003316,0.001411,2.3509,1.0,0.003316
Somerset,0.003668,0.003668,0.001557,2.3568,1.0,0.003668
Sussex,0.004917,0.004917,0.001929,2.3793,1.0714,0.004917
Union,0.003174,0.003174,0.001375,2.3086,1.0,0.003174
Warren,0.003231,0.003231,0.001387,2.3296,1.0,0.003231
