Name,Estimated unvaccinated prevalence,Estimated vaccinated prevalence,Reported prevalence,Underreporting factor,Delay factor,Estimated prevalence
Entire state,0.002161,0.001754,0.000849,2.1889,1.0,0.001858
Atlantic,0.001249,0.001014,0.000497,2.202,1.0,0.001094
Bergen,0.002579,0.002093,0.001008,2.1889,1.0,0.002207
Burlington,0.001759,0.001428,0.000665,2.2182,1.0279,0.001515
Camden,0.001394,0.001131,0.000551,2.2061,1.0,0.001215
Cape May,0.000822,0.000667,0.000326,2.1749,1.0,0.000709
Cumberland,0.003365,0.002731,0.001418,2.1428,1.0,0.003038
Essex,0.002072,0.001682,0.000829,2.1649,1.0,0.001794
Gloucester,0.001278,0.001037,0.000504,2.2404,1.0,0.001129
Hudson,0.00397,0.003222,0.001334,2.1487,1.1852,0.003397
Hunterdon,0.001294,0.001051,0.000507,2.2182,1.0,0.001124
Mercer,0.002349,0.001906,0.000827,2.1797,1.1306,0.002039
Middlesex,0.002781,0.002257,0.001092,2.1977,1.0,0.0024
Monmouth,0.001484,0.001204,0.000585,2.2142,1.0,0.001295
Morris,0.002187,0.001775,0.000842,2.222,1.0,0.00187
Ocean,0.00178,0.001445,0.000728,2.1977,1.0,0.0016
Passaic,0.002938,0.002385,0.001006,2.2368,1.1351,0.002555
Salem,0.002029,0.001647,0.000609,2.1797,1.3704,0.001819
Somerset,0.001877,0.001523,0.000736,2.1889,1.0,0.00161
Sussex,0.001899,0.001541,0.000755,2.222,1.0,0.001677
Union,0.0023,0.001867,0.000911,2.1889,1.0,0.001995
Warren,0.001494,0.001212,0.000579,2.2508,1.0,0.001304
