Name,Estimated unvaccinated prevalence,Estimated vaccinated prevalence,Reported prevalence,Underreporting factor,Delay factor,Estimated prevalence
Entire state,0.001579,0.001285,0.000585,2.414,1.0,0.001413
Churchill,0.002753,0.00224,0.000682,2.4903,1.4545,0.002472
Clark,0.001303,0.00106,0.000491,2.3624,1.0,0.00116
Douglas,0.001699,0.001382,0.000593,2.5854,1.0,0.001533
Elko,0.000758,0.000616,0.000284,2.4488,1.0,0.000696
Esmeralda,0.002999,0.002439,0.001145,2.414,1.0,0.002765
Eureka,0.001427,0.001161,0.000493,2.7459,1.0,0.001353
Humboldt,0.002636,0.002144,0.000535,2.2669,2.0,0.002424
Lander,0.000945,0.000769,0.000362,2.414,1.0,0.000873
Lincoln,0.001004,0.000817,0.000386,2.414,1.0,0.000931
Lyon,0.002854,0.002322,0.00073,2.544,1.4138,0.002627
Mineral,0.001815,0.001476,0.000666,2.414,1.0,0.001608
Nye,0.00265,0.002156,0.000924,2.6133,1.0,0.002415
Pershing,0.00038,0.000309,0.000149,2.3803,1.0,0.000354
Storey,0.004896,0.003989,0.00097,2.414,2.0,0.004684
Washoe,0.00367,0.002986,0.001067,2.569,1.1756,0.003222
White Pine,0.000563,0.000458,0.000209,2.4233,1.0,0.000506
Carson City,0.001659,0.00135,0.000572,2.5451,1.0,0.001457
