Name,Estimated unvaccinated prevalence,Estimated vaccinated prevalence,Reported prevalence,Underreporting factor,Delay factor,Estimated prevalence
Entire state,0.001563,0.001271,0.000585,2.3888,1.0,0.001398
Churchill,0.002786,0.002267,0.000682,2.5206,1.4545,0.002502
Clark,0.001309,0.001065,0.000491,2.3726,1.0,0.001165
Douglas,0.001663,0.001353,0.000593,2.5312,1.0,0.001501
Elko,0.000756,0.000616,0.000284,2.4452,1.0,0.000695
Esmeralda,0.002967,0.002413,0.001145,2.3888,1.0,0.002736
Eureka,0.001428,0.001162,0.000493,2.7483,1.0,0.001354
Humboldt,0.002735,0.002225,0.000535,2.3526,2.0,0.002516
Lander,0.000935,0.000761,0.000362,2.3888,1.0,0.000864
Lincoln,0.000994,0.000809,0.000386,2.3888,1.0,0.000922
Lyon,0.002796,0.002275,0.00073,2.4918,1.4138,0.002573
Mineral,0.001658,0.001349,0.000666,2.2063,1.0,0.001469
Nye,0.002595,0.002112,0.000924,2.5589,1.0,0.002365
Pershing,0.000365,0.000297,0.000149,2.2879,1.0,0.00034
Storey,0.004845,0.003948,0.00097,2.3888,2.0,0.004635
Washoe,0.00361,0.002937,0.001067,2.527,1.1756,0.003169
White Pine,0.000558,0.000454,0.000209,2.4002,1.0,0.000501
Carson City,0.001654,0.001346,0.000572,2.5365,1.0,0.001452
