Name,Estimated unvaccinated prevalence,Estimated vaccinated prevalence,Reported prevalence,Underreporting factor,Delay factor,Estimated prevalence
Entire state,0.00656,0.00532,0.002413,2.4338,1.0,0.005873
Bernalillo,0.005637,0.004572,0.002038,2.4256,1.0,0.004943
Catron,0.004261,0.003456,0.001418,2.7669,1.0,0.003922
Chaves,0.00592,0.004801,0.002337,2.3361,1.0,0.005459
Cibola,0.006634,0.00538,0.002399,2.4432,1.0,0.005862
Colfax,0.006763,0.005484,0.00134,2.3941,1.875,0.006015
Curry,0.0066,0.005352,0.00237,2.5368,1.0,0.006011
De Baca,0.005926,0.004806,0.002288,2.3614,1.0,0.005404
Dona Ana,0.011815,0.009582,0.003671,2.5445,1.1111,0.010379
Eddy,0.005871,0.004761,0.00219,2.4665,1.0,0.0054
Grant,0.011771,0.009546,0.003778,2.5041,1.0978,0.010386
Guadalupe,0.004999,0.004054,0.00186,2.3726,1.0,0.004414
Harding,0.012855,0.01042,0.0048,2.4338,1.0,0.011682
Hidalgo,0.006218,0.005043,0.002144,2.6135,1.0,0.005603
Lea,0.008339,0.006763,0.003096,2.485,1.0,0.007693
Lincoln,0.009508,0.007712,0.003372,2.5347,1.0,0.008547
Los Alamos,0.006532,0.005297,0.002014,2.3531,1.1875,0.005626
Luna,0.009961,0.008078,0.003543,2.4311,1.0122,0.008718
McKinley,0.012429,0.01008,0.00412,2.6,1.0,0.010711
Mora,0.005673,0.004599,0.001991,2.5358,1.0,0.005048
Otero,0.004294,0.003483,0.001689,2.3199,1.0,0.003919
Quay,0.018913,0.015339,0.004604,2.6471,1.4231,0.017345
Rio Arriba,0.005341,0.004331,0.001773,2.6155,1.0,0.004637
Roosevelt,0.010167,0.008246,0.003892,2.4325,1.0,0.009467
Sandoval,0.005566,0.004514,0.00201,2.4256,1.0,0.004876
San Juan,0.00739,0.005993,0.002549,2.5412,1.0,0.006478
San Miguel,0.004833,0.00392,0.00187,2.2849,1.0,0.004272
Santa Fe,0.005962,0.004835,0.002102,2.4446,1.0,0.005138
Sierra,0.002541,0.002061,0.001019,2.2,1.0,0.002243
Socorro,0.003852,0.003124,0.001443,2.3757,1.0,0.003427
Taos,0.003524,0.002858,0.001222,2.4777,1.0,0.003029
Torrance,0.002116,0.001716,0.000841,2.3199,1.0,0.001951
Union,0.005572,0.004518,0.001971,2.58,1.0,0.005085
Valencia,0.008082,0.006554,0.002686,2.4576,1.0963,0.007237
