Name,Estimated unvaccinated prevalence,Estimated vaccinated prevalence,Reported prevalence,Underreporting factor,Delay factor,Estimated prevalence
Entire state,0.00092,0.00092,0.000399,2.3077,1.0,0.00092
Churchill,0.00061,0.00061,0.000281,2.1714,1.0,0.00061
Clark,0.00102,0.00102,0.000402,2.305,1.1002,0.00102
Douglas,0.000602,0.000602,0.000266,2.2649,1.0,0.000602
Elko,0.00078,0.00078,0.000189,2.2857,1.8,0.00078
Esmeralda,0.002643,0.002643,0.001145,2.3077,1.0,0.002643
Eureka,0.003412,0.003412,0.001479,2.3077,1.0,0.003412
Humboldt,0.000127,0.000127,5.9e-05,2.134,1.0,0.000127
Lander,0.00292,0.00292,0.001265,2.3077,1.0,0.00292
Lincoln,0.00089,0.00089,0.000386,2.3077,1.0,0.00089
Lyon,0.001162,0.001162,0.000487,2.3875,1.0,0.001162
Mineral,0.001464,0.001464,0.000666,2.1979,1.0,0.001464
Nye,0.000241,0.000241,0.000107,2.2457,1.0,0.000241
Pershing,0.001904,0.001904,0.000595,2.134,1.5,0.001904
Storey,0.001679,0.001679,0.000728,2.3077,1.0,0.001679
Washoe,0.001007,0.001007,0.000424,2.3746,1.0,0.001007
White Pine,0.000233,0.000233,0.000104,2.2338,1.0,0.000233
Carson City,0.0017,0.0017,0.000501,2.2634,1.5,0.0017
