Name,Estimated unvaccinated prevalence,Estimated vaccinated prevalence,Reported prevalence,Underreporting factor,Delay factor,Estimated prevalence
Entire state,0.014894,0.002743,0.002805,2.4907,1.0294,0.007192
Bernalillo,0.009259,0.001705,0.001978,2.4658,1.0,0.004876
Catron,0.024864,0.004579,0.003119,2.7515,2.0,0.017163
Chaves,0.027249,0.005018,0.006964,2.4626,1.1367,0.019495
Cibola,0.007328,0.001349,0.001612,2.4223,1.0,0.003905
Colfax,0.038433,0.007077,0.004941,2.5056,1.7576,0.021759
Curry,0.022675,0.004176,0.005883,2.6982,1.0177,0.016155
De Baca,0.006597,0.001215,0.001716,2.5452,1.0,0.004368
Dona Ana,0.012469,0.002296,0.002227,2.4562,1.2341,0.006751
Eddy,0.028633,0.005273,0.00739,2.67,1.0411,0.02054
Grant,0.004902,0.000903,0.001148,2.2726,1.0,0.002609
Guadalupe,0.012508,0.002303,0.002791,2.3777,1.0,0.006636
Harding,0.013368,0.002462,0.0032,2.652,1.0,0.008486
Hidalgo,0.014723,0.002711,0.003097,2.9364,1.0,0.009093
Lea,0.028687,0.005283,0.007739,2.681,1.0,0.020748
Lincoln,0.044503,0.008195,0.006438,2.6288,1.5823,0.026778
Los Alamos,0.002874,0.000529,0.000568,2.278,1.0,0.001294
Luna,0.030055,0.005535,0.003163,2.5666,2.0,0.016238
McKinley,0.010098,0.00186,0.002018,2.4846,1.0,0.005013
Mora,0.009231,0.0017,0.001991,2.6193,1.0,0.005214
Otero,0.009961,0.001834,0.002637,2.5479,1.0172,0.006836
Quay,0.018121,0.003337,0.004604,2.7496,1.0,0.01266
Rio Arriba,0.010523,0.001938,0.002081,2.4626,1.0,0.005125
Roosevelt,0.017028,0.003136,0.004378,2.5744,1.1429,0.012882
Sandoval,0.007666,0.001412,0.001656,2.408,1.0,0.003987
San Juan,0.013283,0.002446,0.002815,2.4429,1.0741,0.007388
San Miguel,0.089277,0.01644,0.009165,2.6722,2.0,0.048983
Santa Fe,0.006453,0.001188,0.001224,2.3932,1.0,0.002929
Sierra,0.007663,0.001411,0.001668,2.3226,1.0625,0.004116
Socorro,0.034423,0.006339,0.003667,2.6428,2.0,0.01938
Taos,0.013428,0.002473,0.002384,2.4722,1.0,0.005893
Torrance,0.014306,0.002634,0.002975,2.6655,1.2857,0.010196
Union,0.008283,0.001525,0.002217,2.3533,1.0,0.005218
Valencia,0.009308,0.001714,0.002243,2.5056,1.0,0.00562
