Name,Estimated unvaccinated prevalence,Estimated vaccinated prevalence,Reported prevalence,Underreporting factor,Delay factor,Estimated prevalence
Entire state,0.008122,0.006587,0.002952,2.4592,1.0,0.007258
Bernalillo,0.007713,0.006256,0.002779,2.4352,1.0,0.006766
Catron,0.00235,0.001907,0.000851,2.5447,1.0,0.002164
Chaves,0.020058,0.016268,0.004101,2.2562,2.0,0.018506
Cibola,0.007533,0.00611,0.002662,2.5025,1.0,0.006661
Colfax,0.007209,0.005847,0.00201,2.4974,1.2778,0.006414
Curry,0.006401,0.005192,0.002206,2.4714,1.07,0.005834
De Baca,0.010721,0.008685,0.00286,2.5618,1.3333,0.00977
Dona Ana,0.009671,0.007843,0.002841,2.5318,1.1813,0.008498
Eddy,0.006634,0.00538,0.001728,2.3675,1.4925,0.006105
Grant,0.011237,0.009113,0.004,2.4793,1.0,0.009918
Guadalupe,0.002436,0.001975,0.00093,2.3118,1.0,0.00215
Harding,0.00433,0.003512,0.0016,2.4592,1.0,0.003935
Hidalgo,0.005305,0.004305,0.001906,2.51,1.0,0.004783
Lea,0.011987,0.009722,0.002687,2.4911,1.6522,0.011061
Lincoln,0.014547,0.011798,0.00419,2.5435,1.2273,0.013078
Los Alamos,0.029291,0.023755,0.006867,2.5629,1.4348,0.02525
Luna,0.008962,0.007268,0.002952,2.3892,1.1129,0.007851
McKinley,0.010651,0.008639,0.003657,2.5137,1.0,0.009193
Mora,0.007614,0.006177,0.002654,2.3217,1.1,0.006779
Otero,0.007117,0.005772,0.002104,2.3876,1.2936,0.006498
Quay,0.019663,0.015944,0.003514,2.5674,2.0,0.018043
Rio Arriba,0.006893,0.005591,0.002364,2.533,1.0,0.005987
Roosevelt,0.00842,0.006828,0.001838,2.1329,2.0,0.00784
Sandoval,0.007648,0.006203,0.002794,2.3988,1.0,0.006702
San Juan,0.013914,0.011285,0.004623,2.5988,1.016,0.012205
San Miguel,0.007199,0.005839,0.002713,2.3463,1.0,0.006365
Santa Fe,0.009599,0.007785,0.003345,2.474,1.0,0.008277
Sierra,0.003798,0.00308,0.001483,2.2611,1.0,0.003353
Socorro,0.00678,0.005498,0.002044,2.505,1.1786,0.006033
Taos,0.006224,0.005048,0.002139,2.5012,1.0,0.005351
Torrance,0.007702,0.006245,0.002199,2.5435,1.2692,0.007099
Union,0.011147,0.00904,0.002217,2.2951,2.0,0.010178
Valencia,0.00881,0.007145,0.003208,2.4605,1.0,0.007893
