Name,Estimated unvaccinated prevalence,Estimated vaccinated prevalence,Reported prevalence,Underreporting factor,Delay factor,Estimated prevalence
Entire state,0.014566,0.002706,0.002754,2.3817,1.0,0.006558
Belknap,0.020254,0.003763,0.004045,2.4701,1.0466,0.010459
Carroll,0.030502,0.005667,0.003762,2.5421,1.4409,0.01378
Cheshire,0.016321,0.003032,0.003181,2.3508,1.1262,0.00842
Coos,0.032096,0.005963,0.006463,2.5513,1.0,0.01649
Grafton,0.018658,0.003467,0.002859,2.2126,1.2427,0.007862
Hillsborough,0.014031,0.002607,0.002719,2.4482,1.0801,0.007191
Merrimack,0.016589,0.003082,0.003091,2.4807,1.0,0.007669
Rockingham,0.009878,0.001835,0.002034,2.3614,1.0,0.004803
Strafford,0.013209,0.002454,0.002733,2.4369,1.0289,0.006852
Sullivan,0.02303,0.004279,0.004659,2.5421,1.0,0.011843
