Name,Estimated unvaccinated prevalence,Estimated vaccinated prevalence,Reported prevalence,Underreporting factor,Delay factor,Estimated prevalence
Entire state,0.005892,0.004778,0.002142,2.4627,1.0,0.005275
Bernalillo,0.005136,0.004165,0.001845,2.4408,1.0,0.004503
Catron,0.003231,0.002621,0.001134,2.6225,1.0,0.002974
Chaves,0.00527,0.004274,0.002058,2.361,1.0,0.00486
Cibola,0.003833,0.003108,0.001462,2.3164,1.0,0.003387
Colfax,0.001616,0.00131,0.000586,2.4513,1.0,0.001437
Curry,0.005748,0.004662,0.002022,2.5889,1.0,0.005236
De Baca,0.002937,0.002382,0.001144,2.3411,1.0,0.002679
Dona Ana,0.008135,0.006597,0.002809,2.5437,1.0,0.007146
Eddy,0.004722,0.00383,0.001745,2.4896,1.0,0.004344
Grant,0.014019,0.01137,0.003889,2.5383,1.253,0.01237
Guadalupe,0.01452,0.011774,0.003256,2.4233,1.625,0.012821
Harding,0.004336,0.003515,0.0016,2.4627,1.0,0.00394
Hidalgo,0.004631,0.003756,0.001667,2.5025,1.0,0.004173
Lea,0.014226,0.011538,0.003855,2.5437,1.3382,0.013124
Lincoln,0.006614,0.005364,0.002299,2.5859,1.0,0.005946
Los Alamos,0.009404,0.007626,0.002427,2.3949,1.3939,0.008101
Luna,0.007198,0.005837,0.002573,2.4487,1.0,0.0063
McKinley,0.011676,0.009469,0.003811,2.64,1.0,0.010062
Mora,0.002374,0.001925,0.000885,2.3874,1.0,0.002112
Otero,0.004635,0.003759,0.001793,2.3594,1.0,0.00423
Quay,0.008019,0.006504,0.002787,2.6391,1.0,0.007355
Rio Arriba,0.005717,0.004637,0.001927,2.5759,1.0,0.004964
Roosevelt,0.007704,0.006248,0.002811,2.5522,1.0,0.007174
Sandoval,0.005109,0.004144,0.001881,2.3799,1.0,0.004476
San Juan,0.006695,0.005429,0.002291,2.5616,1.0,0.005869
San Miguel,0.003475,0.002818,0.001356,2.2642,1.0,0.003071
Santa Fe,0.005116,0.004149,0.001796,2.4551,1.0,0.004409
Sierra,0.001852,0.001502,0.000741,2.2047,1.0,0.001634
Socorro,0.005183,0.004203,0.001683,2.4355,1.125,0.004611
Taos,0.002771,0.002248,0.000978,2.4355,1.0,0.002382
Torrance,0.005086,0.004125,0.001358,2.4164,1.4286,0.004689
Union,0.002623,0.002127,0.000985,2.4288,1.0,0.002393
Valencia,0.006739,0.005465,0.002478,2.4355,1.0,0.006034
