Name,Estimated unvaccinated prevalence,Estimated vaccinated prevalence,Reported prevalence,Underreporting factor,Delay factor,Estimated prevalence
Entire state,0.002245,0.001826,0.000827,2.4291,1.0,0.002009
Churchill,0.001309,0.001065,0.000482,2.4396,1.0,0.001175
Clark,0.002351,0.001913,0.000841,2.4184,1.0292,0.002093
Douglas,0.003522,0.002866,0.000716,2.6124,1.7,0.003178
Elko,0.000989,0.000805,0.00036,2.5234,1.0,0.000908
Esmeralda,0.003018,0.002454,0.001145,2.4291,1.0,0.002782
Eureka,0.00309,0.002514,0.000986,2.973,1.0,0.002931
Humboldt,0.000715,0.000582,0.000297,2.2132,1.0,0.000657
Lander,0.000951,0.000774,0.000362,2.4291,1.0,0.000878
Lincoln,0.001011,0.000822,0.000386,2.4291,1.0,0.000937
Lyon,0.001432,0.001165,0.000522,2.5266,1.0,0.001318
Mineral,0.002371,0.001929,0.000888,2.3662,1.0,0.002101
Nye,0.008195,0.006668,0.001569,2.3799,2.0,0.007469
Pershing,0.000725,0.00059,0.000297,2.2697,1.0,0.000675
Storey,0.001232,0.001003,0.000485,2.4291,1.0,0.001178
Washoe,0.002636,0.002145,0.000908,2.5498,1.0,0.002315
White Pine,0.00054,0.00044,0.000209,2.3251,1.0,0.000485
Carson City,0.001968,0.001602,0.00068,2.5426,1.0,0.001728
