Name,Estimated unvaccinated prevalence,Estimated vaccinated prevalence,Reported prevalence,Underreporting factor,Delay factor,Estimated prevalence
Entire state,0.012068,0.002274,0.002552,2.6554,1.0376,0.007031
Churchill,0.012887,0.002429,0.003172,2.7699,1.0,0.008785
Clark,0.009287,0.00175,0.002201,2.5949,1.0,0.00571
Douglas,0.022299,0.004202,0.00364,2.8765,1.3308,0.013933
Elko,0.018883,0.003559,0.002691,3.0333,1.6988,0.013864
Esmeralda,0.008994,0.001695,0.002291,2.7778,1.0,0.006364
Eureka,0.006041,0.001139,0.002464,2.0,1.0,0.004929
Humboldt,0.008343,0.001572,0.002258,2.6622,1.0,0.006011
Lander,0.023584,0.004445,0.003615,2.44,2.0,0.017643
Lincoln,0.024159,0.004553,0.00328,2.7337,2.0,0.017933
Lyon,0.014842,0.002797,0.003634,2.9382,1.0,0.010678
Mineral,0.000804,0.000152,0.000222,2.1824,1.0,0.000484
Nye,0.014669,0.002765,0.002988,2.8322,1.1897,0.010067
Pershing,0.003554,0.00067,0.001041,2.536,1.0,0.00264
Storey,0.003666,0.000691,0.001213,2.5794,1.0,0.003128
Washoe,0.024063,0.004535,0.003845,2.7913,1.2318,0.01322
White Pine,0.028412,0.005355,0.003445,2.6484,2.0,0.018246
Carson City,0.024192,0.004559,0.003577,2.8045,1.3267,0.013308
