Name,Estimated unvaccinated prevalence,Estimated vaccinated prevalence,Reported prevalence,Underreporting factor,Delay factor,Estimated prevalence
Entire state,0.000946,0.00077,0.000373,2.2513,1.0,0.00084
Churchill,0.000865,0.000704,0.000361,2.1558,1.0,0.000779
Clark,0.000828,0.000674,0.000329,2.248,1.0,0.00074
Douglas,0.004735,0.003854,0.001861,2.3037,1.0,0.004287
Elko,0.000685,0.000557,0.000284,2.2204,1.0,0.000631
Esmeralda,0.002792,0.002273,0.001145,2.2513,1.0,0.002579
Eureka,0.001169,0.000952,0.000493,2.2513,1.0,0.00111
Humboldt,0.000272,0.000222,0.000119,2.1138,1.0,0.000251
Lander,0.00132,0.001074,0.000542,2.2513,1.0,0.001221
Lincoln,0.000936,0.000761,0.000386,2.2513,1.0,0.000869
Lyon,0.002784,0.002266,0.001148,2.238,1.0,0.002568
Mineral,0.000559,0.000455,0.000222,2.2447,1.0,0.000498
Nye,0.00046,0.000374,0.000172,2.4426,1.0,0.00042
Pershing,0.002728,0.00222,0.00119,2.1394,1.0,0.002545
Storey,0.001139,0.000927,0.000485,2.2513,1.0,0.001092
Washoe,0.000677,0.000551,0.000263,2.2669,1.0,0.000596
White Pine,0.000267,0.000217,0.000104,2.3064,1.0,0.000241
Carson City,0.004078,0.003319,0.001538,2.3366,1.0,0.003594
