Name,Estimated unvaccinated prevalence,Estimated vaccinated prevalence,Reported prevalence,Underreporting factor,Delay factor,Estimated prevalence
Entire state,0.013705,0.002583,0.002636,2.6634,1.1489,0.008065
Churchill,0.02138,0.00403,0.003172,2.7318,1.6957,0.014691
Clark,0.010997,0.002073,0.002404,2.6517,1.0714,0.00683
Douglas,0.01981,0.003734,0.002965,2.8285,1.4845,0.01245
Elko,0.007728,0.001457,0.001648,2.8191,1.2286,0.005709
Esmeralda,0.004633,0.000873,0.001145,2.8772,1.0,0.003296
Eureka,0.001605,0.000303,0.000493,2.6634,1.0,0.001313
Humboldt,0.007427,0.0014,0.002139,2.5145,1.0,0.005378
Lander,0.018087,0.003409,0.002531,2.6974,2.0,0.013653
Lincoln,0.01134,0.002138,0.001544,2.7423,2.0,0.008465
Lyon,0.017949,0.003383,0.003999,2.915,1.1171,0.013023
Mineral,0.007003,0.00132,0.001776,2.3883,1.0,0.004241
Nye,0.010234,0.001929,0.002386,2.9382,1.0092,0.007075
Pershing,0.00415,0.000782,0.00119,2.6027,1.0,0.003096
Storey,0.011,0.002074,0.001698,2.7727,2.0,0.009415
Washoe,0.027149,0.005118,0.003726,2.8229,1.4311,0.015054
White Pine,0.021265,0.004009,0.00261,2.647,2.0,0.013815
Carson City,0.017315,0.003264,0.003005,2.7212,1.1761,0.009615
