Name,Estimated unvaccinated prevalence,Estimated vaccinated prevalence,Reported prevalence,Underreporting factor,Delay factor,Estimated prevalence
Entire state,0.00084,0.00084,0.00036,2.3356,1.0,0.00084
Churchill,0.000955,0.000955,0.000361,2.3134,1.1429,0.000955
Clark,0.000781,0.000781,0.000336,2.3259,1.0,0.000781
Douglas,0.000668,0.000668,0.000286,2.332,1.0,0.000668
Elko,0.000685,0.000685,0.000246,2.316,1.2,0.000685
Esmeralda,0.002675,0.002675,0.001145,2.3356,1.0,0.002675
Eureka,0.001151,0.001151,0.000493,2.3356,1.0,0.001151
Humboldt,0.000126,0.000126,5.9e-05,2.113,1.0,0.000126
Lander,0.002533,0.002533,0.000723,2.3356,1.5,0.002533
Lincoln,0.000451,0.000451,0.000193,2.3356,1.0,0.000451
Lyon,0.001193,0.001193,0.000504,2.3652,1.0,0.001193
Mineral,0.002004,0.002004,0.000888,2.2575,1.0,0.002004
Nye,0.000356,0.000356,0.00015,2.3652,1.0,0.000356
Pershing,0.001742,0.001742,0.000743,2.3426,1.0,0.001742
Storey,0.000566,0.000566,0.000243,2.3356,1.0,0.000566
Washoe,0.001178,0.001178,0.00049,2.4036,1.0,0.001178
White Pine,0.000244,0.000244,0.000104,2.3356,1.0,0.000244
Carson City,0.001519,0.001519,0.000644,2.3586,1.0,0.001519
