Name,Estimated unvaccinated prevalence,Estimated vaccinated prevalence,Reported prevalence,Underreporting factor,Delay factor,Estimated prevalence
Entire state,0.002094,0.002094,0.000885,2.3671,1.0,0.002094
Bernalillo,0.001512,0.001512,0.000652,2.3179,1.0,0.001512
Catron,0.000671,0.000671,0.000284,2.3671,1.0,0.000671
Chaves,0.002137,0.002137,0.000882,2.4222,1.0,0.002137
Cibola,0.002653,0.002653,0.001162,2.2825,1.0,0.002653
Colfax,0.000546,0.000546,0.000251,2.1736,1.0,0.000546
Curry,0.004212,0.004212,0.001205,2.3498,1.4872,0.004212
De Baca,0.01625,0.01625,0.003432,2.3671,2.0,0.01625
Dona Ana,0.005692,0.005692,0.001696,2.5743,1.3039,0.005692
Eddy,0.002151,0.002151,0.000872,2.4661,1.0,0.002151
Grant,0.00305,0.00305,0.001222,2.4956,1.0,0.00305
Guadalupe,0.003005,0.003005,0.001163,2.5843,1.0,0.003005
Harding,0.003787,0.003787,0.0016,2.3671,1.0,0.003787
Hidalgo,0.01496,0.01496,0.002859,2.6167,2.0,0.01496
Lea,0.002757,0.002757,0.001154,2.3894,1.0,0.002757
Lincoln,0.0055,0.0055,0.001737,2.3984,1.32,0.0055
Los Alamos,0.000339,0.000339,0.000155,2.186,1.0,0.000339
Luna,0.001955,0.001955,0.000759,2.5751,1.0,0.001955
McKinley,0.002894,0.002894,0.001219,2.3743,1.0,0.002894
Mora,0.000964,0.000964,0.000442,2.1787,1.0,0.000964
Otero,0.003934,0.003934,0.0016,2.4584,1.0,0.003934
Quay,0.001412,0.001412,0.000606,2.3302,1.0,0.001412
Rio Arriba,0.002404,0.002404,0.001002,2.3995,1.0,0.002404
Roosevelt,0.002763,0.002763,0.001189,2.3235,1.0,0.002763
Sandoval,0.001398,0.001398,0.000606,2.3051,1.0,0.001398
San Juan,0.002842,0.002842,0.001186,2.3962,1.0,0.002842
San Miguel,0.001311,0.001311,0.000587,2.2345,1.0,0.001311
Santa Fe,0.0012,0.0012,0.000519,2.3137,1.0,0.0012
Sierra,0.001661,0.001661,0.000741,2.2401,1.0,0.001661
Socorro,0.002136,0.002136,0.000902,2.3695,1.0,0.002136
Taos,0.00105,0.00105,0.000428,2.4535,1.0,0.00105
Torrance,0.000997,0.000997,0.000453,2.202,1.0,0.000997
Union,0.000704,0.000704,0.000246,2.8594,1.0,0.000704
Valencia,0.001043,0.001043,0.000456,2.2856,1.0,0.001043
