Name,Estimated unvaccinated prevalence,Estimated vaccinated prevalence,Reported prevalence,Underreporting factor,Delay factor,Estimated prevalence
Entire state,0.014964,0.002756,0.002805,2.4899,1.0294,0.00719
Bernalillo,0.009256,0.001704,0.001978,2.465,1.0,0.004875
Catron,0.025098,0.004622,0.003119,2.7774,2.0,0.017324
Chaves,0.02738,0.005042,0.006964,2.4745,1.1367,0.019589
Cibola,0.007214,0.001328,0.001612,2.3849,1.0,0.003844
Colfax,0.03781,0.006963,0.004941,2.465,1.7576,0.021407
Curry,0.022502,0.004144,0.005883,2.6776,1.0177,0.016032
De Baca,0.006594,0.001214,0.001716,2.5443,1.0,0.004367
Dona Ana,0.012415,0.002286,0.002227,2.4455,1.2341,0.006722
Eddy,0.028205,0.005194,0.00739,2.6301,1.0411,0.020233
Grant,0.004946,0.000911,0.001148,2.2931,1.0,0.002633
Guadalupe,0.012793,0.002356,0.002791,2.432,1.0,0.006787
Harding,0.013363,0.002461,0.0032,2.6509,1.0,0.008483
Hidalgo,0.013163,0.002424,0.003097,2.6253,1.0,0.00813
Lea,0.028628,0.005272,0.007739,2.6754,1.0,0.020705
Lincoln,0.044915,0.008271,0.006438,2.6531,1.5823,0.027026
Los Alamos,0.002924,0.000538,0.000568,2.3174,1.0,0.001316
Luna,0.030013,0.005527,0.003163,2.563,2.0,0.016215
McKinley,0.010132,0.001866,0.002018,2.4929,1.0,0.00503
Mora,0.008957,0.001649,0.001991,2.5416,1.0,0.005059
Otero,0.009968,0.001835,0.002637,2.5497,1.0172,0.006841
Quay,0.017633,0.003247,0.004604,2.6754,1.0,0.012319
Rio Arriba,0.010506,0.001935,0.002081,2.4586,1.0,0.005117
Roosevelt,0.01714,0.003156,0.004378,2.5912,1.1429,0.012966
Sandoval,0.007687,0.001415,0.001656,2.4145,1.0,0.003998
San Juan,0.013333,0.002455,0.002815,2.4521,1.0741,0.007415
San Miguel,0.089165,0.016419,0.009165,2.6688,2.0,0.048921
Santa Fe,0.006451,0.001188,0.001224,2.3925,1.0,0.002928
Sierra,0.007676,0.001413,0.001668,2.3266,1.0625,0.004123
Socorro,0.035018,0.006448,0.003667,2.6885,2.0,0.019715
Taos,0.013337,0.002456,0.002384,2.4554,1.0,0.005853
Torrance,0.014227,0.00262,0.002975,2.6509,1.2857,0.01014
Union,0.008188,0.001508,0.002217,2.3266,1.0,0.005159
Valencia,0.009337,0.001719,0.002243,2.5135,1.0,0.005637
