Name,Estimated unvaccinated prevalence,Estimated vaccinated prevalence,Reported prevalence,Underreporting factor,Delay factor,Estimated prevalence
Entire state,0.005479,0.001032,0.001115,2.4746,1.0,0.002759
Churchill,0.009,0.001695,0.002288,2.4397,1.0,0.005583
Clark,0.004858,0.000915,0.001106,2.4525,1.0,0.002711
Douglas,0.004581,0.000863,0.001002,2.7091,1.0,0.002714
Elko,0.002762,0.00052,0.000701,2.6695,1.0,0.001871
Esmeralda,0.004261,0.000802,0.001145,2.4746,1.0,0.002835
Eureka,0.00951,0.001791,0.002957,2.5333,1.0,0.007491
Humboldt,0.006151,0.001158,0.001782,2.3339,1.0,0.00416
Lander,0.002375,0.000447,0.000723,2.2781,1.0,0.001647
Lincoln,0.002125,0.0004,0.000579,2.5704,1.0,0.001488
Lyon,0.007962,0.001499,0.002017,2.6728,1.0,0.005391
Mineral,0.001012,0.000191,0.000222,2.5375,1.0,0.000563
Nye,0.004357,0.00082,0.001032,2.7042,1.0,0.00279
Pershing,0.003305,0.000622,0.000892,2.647,1.0,0.002362
Storey,0.006042,0.001138,0.001698,2.4887,1.2,0.00507
Washoe,0.005309,0.001,0.001035,2.5704,1.0,0.00266
White Pine,0.002842,0.000535,0.000731,2.3054,1.0,0.001685
Carson City,0.007322,0.001379,0.001502,2.4397,1.0,0.003665
