Name,Estimated unvaccinated prevalence,Estimated vaccinated prevalence,Reported prevalence,Underreporting factor,Delay factor,Estimated prevalence
Entire state,0.007845,0.006384,0.002644,2.6444,1.0022,0.007007
Churchill,0.008469,0.006891,0.002328,2.6967,1.2128,0.007615
Clark,0.008195,0.006668,0.002759,2.6304,1.0064,0.007304
Douglas,0.004174,0.003396,0.001329,2.8363,1.0,0.00377
Elko,0.00446,0.003629,0.001459,2.8108,1.0,0.004101
Esmeralda,0.003281,0.002674,0.001145,2.6444,1.0,0.003029
Eureka,0.008247,0.006709,0.001479,2.6444,2.0,0.00782
Humboldt,0.003113,0.002533,0.001129,2.5389,1.0,0.002866
Lander,0.012413,0.010105,0.002169,2.6444,2.0,0.011473
Lincoln,0.00275,0.002237,0.000965,2.6444,1.0,0.002551
Lyon,0.007212,0.005869,0.001808,2.817,1.3038,0.006642
Mineral,0.009545,0.007767,0.003552,2.3844,1.0,0.008468
Nye,0.004557,0.003708,0.001505,2.7622,1.0,0.004156
Pershing,0.006355,0.005171,0.002379,2.4894,1.0,0.005923
Storey,0.001343,0.001094,0.000485,2.6513,1.0,0.001286
Washoe,0.008919,0.007258,0.002848,2.7521,1.0,0.007839
White Pine,0.000281,0.000228,0.000104,2.4193,1.0,0.000253
Carson City,0.007587,0.006174,0.002039,2.8076,1.1649,0.006668
