Name,Estimated unvaccinated prevalence,Estimated vaccinated prevalence,Reported prevalence,Underreporting factor,Delay factor,Estimated prevalence
Entire state,0.001059,0.000859,0.000422,2.2234,1.0,0.000938
Bernalillo,0.001024,0.000831,0.000403,2.2305,1.0,0.0009
Catron,0.00145,0.001176,0.000567,2.3567,1.0,0.001336
Chaves,0.000253,0.000206,0.000108,2.1605,1.0,0.000234
Cibola,0.003033,0.002461,0.000825,2.3285,1.4,0.002689
Colfax,0.000603,0.000489,0.000251,2.139,1.0,0.000537
Curry,0.000531,0.000431,0.000225,2.1554,1.0,0.000484
De Baca,0.00152,0.001233,0.000572,2.4228,1.0,0.001386
Dona Ana,0.00075,0.000609,0.000298,2.2198,1.0,0.000661
Eddy,0.000282,0.000228,0.00012,2.1655,1.0,0.000259
Grant,0.000859,0.000697,0.000333,2.278,1.0,0.000759
Guadalupe,0.002386,0.001935,0.00093,2.2662,1.0,0.002108
Harding,0.011748,0.009529,0.0048,2.2234,1.0,0.010672
Hidalgo,0.000588,0.000477,0.000238,2.2305,1.0,0.000531
Lea,0.000289,0.000234,0.000127,2.1062,1.0,0.000267
Lincoln,0.004832,0.003919,0.001328,2.3567,1.3889,0.004348
Los Alamos,0.000768,0.000623,0.00031,2.1447,1.0,0.000664
Luna,0.000308,0.000249,0.000127,2.1331,1.0,0.00027
McKinley,0.001862,0.00151,0.000673,2.3082,1.0444,0.001621
Mora,0.000574,0.000465,0.000221,2.3082,1.0,0.000511
Otero,0.000583,0.000473,0.000237,2.2474,1.0,0.000533
Quay,0.001563,0.001268,0.000606,2.3722,1.0,0.001437
Rio Arriba,0.001123,0.000911,0.000437,2.2374,1.0,0.000977
Roosevelt,0.000378,0.000306,0.000162,2.1703,1.0,0.000352
Sandoval,0.001334,0.001082,0.000532,2.2046,1.0,0.001172
San Juan,0.002048,0.001662,0.000766,2.227,1.0562,0.001803
San Miguel,0.002709,0.002197,0.001027,2.3358,1.0,0.002398
Santa Fe,0.001499,0.001216,0.000579,2.2408,1.0,0.001297
Sierra,0.001896,0.001538,0.000741,2.2601,1.0,0.001676
Socorro,0.000588,0.000477,0.00024,2.1795,1.0,0.000524
Taos,0.000717,0.000582,0.000275,2.2474,1.0,0.000618
Torrance,0.002799,0.00227,0.000582,2.2234,2.0,0.002589
Union,0.000619,0.000502,0.000246,2.2922,1.0,0.000565
Valencia,0.000851,0.000691,0.000339,2.2538,1.0,0.000764
