Name,Estimated unvaccinated prevalence,Estimated vaccinated prevalence,Reported prevalence,Underreporting factor,Delay factor,Estimated prevalence
Entire state,0.004383,0.004383,0.001587,2.2941,1.2035,0.004383
Atlantic,0.003125,0.003125,0.001183,2.2502,1.1736,0.003125
Bergen,0.004717,0.004717,0.001799,2.273,1.1535,0.004717
Burlington,0.00267,0.00267,0.001165,2.2907,1.0,0.00267
Camden,0.003562,0.003562,0.001356,2.2855,1.1491,0.003562
Cape May,0.003541,0.003541,0.001326,2.2522,1.1863,0.003541
Cumberland,0.002413,0.002413,0.001103,2.1865,1.0,0.002413
Essex,0.007787,0.007787,0.002175,2.304,1.5537,0.007787
Gloucester,0.002642,0.002642,0.001077,2.289,1.0719,0.002642
Hudson,0.004277,0.004277,0.001529,2.2991,1.2168,0.004277
Hunterdon,0.00375,0.00375,0.001439,2.2838,1.141,0.00375
Mercer,0.003382,0.003382,0.001198,2.2067,1.2799,0.003382
Middlesex,0.003455,0.003455,0.001406,2.3153,1.0614,0.003455
Monmouth,0.003704,0.003704,0.001495,2.3169,1.0694,0.003704
Morris,0.004485,0.004485,0.001641,2.32,1.1784,0.004485
Ocean,0.004685,0.004685,0.001718,2.3137,1.1787,0.004685
Passaic,0.004124,0.004124,0.00157,2.3057,1.1389,0.004124
Salem,0.003189,0.003189,0.00125,2.2855,1.1159,0.003189
Somerset,0.00599,0.00599,0.001788,2.3121,1.4494,0.00599
Sussex,0.004595,0.004595,0.001765,2.3396,1.1126,0.004595
Union,0.008903,0.008903,0.002276,2.2855,1.7118,0.008903
Warren,0.004019,0.004019,0.001738,2.3121,1.0,0.004019
