Name,Estimated unvaccinated prevalence,Estimated vaccinated prevalence,Reported prevalence,Underreporting factor,Delay factor,Estimated prevalence
Entire state,0.007869,0.006386,0.002803,2.4014,1.0,0.006731
Atlantic,0.006689,0.005428,0.002408,2.419,1.0,0.005826
Bergen,0.008406,0.006821,0.002965,2.4132,1.0,0.007155
Burlington,0.007378,0.005987,0.002569,2.3923,1.0288,0.006322
Camden,0.008534,0.006925,0.002827,2.4132,1.0849,0.007402
Cape May,0.006142,0.004984,0.00226,2.3308,1.0,0.005267
Cumberland,0.007412,0.006014,0.002849,2.338,1.0,0.006661
Essex,0.008609,0.006986,0.003075,2.4088,1.0,0.007408
Gloucester,0.006949,0.005639,0.002311,2.3846,1.1106,0.00612
Hudson,0.012217,0.009914,0.004069,2.4247,1.0531,0.01039
Hunterdon,0.01035,0.008398,0.002806,2.3892,1.3333,0.008939
Mercer,0.007038,0.005711,0.002618,2.3197,1.0,0.006073
Middlesex,0.007764,0.0063,0.002751,2.4233,1.0,0.006667
Monmouth,0.006846,0.005555,0.002466,2.4132,1.0,0.005951
Morris,0.006413,0.005204,0.002267,2.4088,1.0,0.005461
Ocean,0.006243,0.005066,0.002357,2.3718,1.0,0.00559
Passaic,0.008835,0.007169,0.003145,2.4317,1.0,0.007646
Salem,0.00554,0.004495,0.002036,2.4303,1.0,0.004947
Somerset,0.007184,0.005829,0.002478,2.4275,1.0201,0.006135
Sussex,0.006139,0.004982,0.002242,2.4088,1.0,0.005401
Union,0.008116,0.006585,0.002942,2.3798,1.0,0.007003
Warren,0.006817,0.005532,0.002451,2.4175,1.0,0.005925
