Name,Estimated unvaccinated prevalence,Estimated vaccinated prevalence,Reported prevalence,Underreporting factor,Delay factor,Estimated prevalence
Entire state,0.002712,0.002712,0.001188,2.2833,1.0,0.002712
Atlantic,0.002321,0.002321,0.001028,2.2583,1.0,0.002321
Bergen,0.003781,0.003781,0.001657,2.2816,1.0,0.003781
Burlington,0.002357,0.002357,0.001042,2.262,1.0,0.002357
Camden,0.002542,0.002542,0.001112,2.2867,1.0,0.002542
Cape May,0.001621,0.001621,0.000717,2.2602,1.0,0.001621
Cumberland,0.001663,0.001663,0.000762,2.1813,1.0,0.001663
Essex,0.002726,0.002726,0.001183,2.3047,1.0,0.002726
Gloucester,0.001962,0.001962,0.000861,2.2798,1.0,0.001962
Hudson,0.00307,0.00307,0.001321,2.3246,1.0,0.00307
Hunterdon,0.004412,0.004412,0.001327,2.2507,1.4775,0.004412
Mercer,0.002473,0.002473,0.001113,2.2221,1.0,0.002473
Middlesex,0.002809,0.002809,0.001218,2.3062,1.0,0.002809
Monmouth,0.002869,0.002869,0.001248,2.2999,1.0,0.002869
Morris,0.002498,0.002498,0.00108,2.314,1.0,0.002498
Ocean,0.002912,0.002912,0.001271,2.29,1.0,0.002912
Passaic,0.003513,0.003513,0.001524,2.3047,1.0,0.003513
Salem,0.001637,0.001637,0.000721,2.2693,1.0,0.001637
Somerset,0.002395,0.002395,0.001034,2.3171,1.0,0.002395
Sussex,0.002298,0.002298,0.000997,2.3062,1.0,0.002298
Union,0.001904,0.001904,0.000834,2.2833,1.0,0.001904
Warren,0.002301,0.002301,0.001007,2.285,1.0,0.002301
