Name,Estimated unvaccinated prevalence,Estimated vaccinated prevalence,Reported prevalence,Underreporting factor,Delay factor,Estimated prevalence
Entire state,0.002147,0.001741,0.000835,2.3029,1.0,0.001923
Bernalillo,0.00205,0.001662,0.000786,2.286,1.0,0.001798
Catron,0.000754,0.000612,0.000284,2.4486,1.0,0.000694
Chaves,0.001868,0.001515,0.000789,2.1821,1.0,0.001722
Cibola,0.001053,0.000854,0.000412,2.2554,1.0,0.00093
Colfax,0.000675,0.000547,0.000251,2.3878,1.0,0.0006
Curry,0.003017,0.002446,0.001144,2.4018,1.0,0.002747
De Baca,0.001634,0.001327,0.000572,2.6068,1.0,0.001491
Dona Ana,0.001728,0.001401,0.000651,2.3325,1.0,0.001518
Eddy,0.002313,0.001875,0.000924,2.3029,1.0,0.002127
Grant,0.002171,0.001761,0.000852,2.2488,1.0,0.001916
Guadalupe,0.004777,0.003873,0.001628,2.5911,1.0,0.004218
Harding,0.008109,0.006573,0.0032,2.3029,1.0,0.007369
Hidalgo,0.008225,0.006672,0.002859,2.593,1.0,0.007412
Lea,0.00245,0.001987,0.000971,2.3275,1.0,0.00226
Lincoln,0.000922,0.000748,0.000358,2.3172,1.0,0.000829
Los Alamos,0.002539,0.002059,0.000929,2.3535,1.0,0.002187
Luna,0.001041,0.000844,0.000422,2.1595,1.0,0.000911
McKinley,0.002977,0.002414,0.001079,2.3777,1.0,0.002565
Mora,0.005724,0.004641,0.001106,2.3029,2.0,0.005094
Otero,0.002691,0.002182,0.001082,2.2701,1.0,0.002455
Quay,0.008547,0.006932,0.002423,2.3835,1.3571,0.007839
Rio Arriba,0.003525,0.002858,0.001285,2.382,1.0,0.00306
Roosevelt,0.003815,0.003094,0.001514,2.3472,1.0,0.003552
Sandoval,0.002534,0.002055,0.000974,2.2782,1.0,0.00222
San Juan,0.00266,0.002158,0.000992,2.3503,1.0,0.002332
San Miguel,0.002395,0.001942,0.000953,2.2206,1.0,0.002117
Santa Fe,0.002623,0.002127,0.000971,2.3275,1.0,0.00226
Sierra,0.000676,0.000548,0.000278,2.1449,1.0,0.000596
Socorro,0.002004,0.001626,0.000781,2.2822,1.0,0.001783
Taos,0.00213,0.001727,0.000703,2.3673,1.1,0.00183
Torrance,0.001814,0.001471,0.000711,2.3503,1.0,0.001672
Union,0.001395,0.001131,0.000493,2.5836,1.0,0.001273
Valencia,0.001457,0.001182,0.000574,2.2742,1.0,0.001305
