Name,Estimated unvaccinated prevalence,Estimated vaccinated prevalence,Reported prevalence,Underreporting factor,Delay factor,Estimated prevalence
Entire state,0.038317,0.031197,0.012094,2.8253,1.0,0.034168
Churchill,0.135686,0.110471,0.023445,2.9436,1.7774,0.122667
Clark,0.034286,0.027915,0.011056,2.7839,1.0,0.030778
Douglas,0.035432,0.028847,0.010735,2.9937,1.0,0.032137
Elko,0.049092,0.039969,0.015101,3.006,1.0,0.045394
Esmeralda,0.048777,0.039712,0.009164,2.8137,1.75,0.045122
Eureka,0.011715,0.009538,0.003943,2.8253,1.0,0.01114
Humboldt,0.052416,0.042675,0.017765,2.7312,1.0,0.048519
Lander,0.012297,0.010012,0.004338,2.6291,1.0,0.011406
Lincoln,0.037161,0.030255,0.012155,2.8447,1.0,0.034577
Lyon,0.03458,0.028154,0.010781,2.9665,1.0,0.031981
Mineral,0.083625,0.068085,0.021088,3.0266,1.175,0.074994
Nye,0.023648,0.019253,0.00733,2.9556,1.0,0.021664
Pershing,0.045831,0.037314,0.007584,2.8253,2.0,0.042852
Storey,0.019063,0.015521,0.006064,3.0192,1.0,0.018307
Washoe,0.051773,0.042152,0.015768,2.9034,1.0,0.045782
White Pine,0.058199,0.047384,0.017432,3.022,1.0,0.05268
Carson City,0.084622,0.068896,0.023374,2.9003,1.104,0.07484
