Name,Estimated unvaccinated prevalence,Estimated vaccinated prevalence,Reported prevalence,Underreporting factor,Delay factor,Estimated prevalence
Entire state,0.003015,0.003015,0.001073,2.3288,1.2065,0.003015
Bernalillo,0.003794,0.003794,0.001288,2.3081,1.2759,0.003794
Catron,0.002003,0.002003,0.000851,2.3553,1.0,0.002003
Chaves,0.000459,0.000459,0.000217,2.1189,1.0,0.000459
Cibola,0.00358,0.00358,0.001462,2.1907,1.1176,0.00358
Colfax,0.0012,0.0012,0.000502,2.3879,1.0,0.0012
Curry,0.001829,0.001829,0.000572,2.2502,1.4211,0.001829
De Baca,0.003997,0.003997,0.001716,2.3288,1.0,0.003997
Dona Ana,0.002433,0.002433,0.000555,2.376,1.8462,0.002433
Eddy,0.001133,0.001133,0.000393,2.2247,1.2941,0.001133
Grant,0.013986,0.013986,0.002815,2.4841,2.0,0.013986
Guadalupe,0.00106,0.00106,0.000465,2.2789,1.0,0.00106
Harding,0.007452,0.007452,0.0032,2.3288,1.0,0.007452
Hidalgo,0.00175,0.00175,0.000715,2.4495,1.0,0.00175
Lea,0.000296,0.000296,0.000141,2.1054,1.0,0.000296
Lincoln,0.001247,0.001247,0.000562,2.2179,1.0,0.001247
Los Alamos,0.007113,0.007113,0.001652,2.361,1.8235,0.007113
Luna,0.000638,0.000638,0.000295,2.1621,1.0,0.000638
McKinley,0.00322,0.00322,0.001219,2.3651,1.1169,0.00322
Mora,0.007153,0.007153,0.001548,2.3098,2.0,0.007153
Otero,0.00081,0.00081,0.00037,2.188,1.0,0.00081
Quay,0.003878,0.003878,0.000848,2.286,2.0,0.003878
Rio Arriba,0.003392,0.003392,0.001387,2.4449,1.0,0.003392
Roosevelt,0.000348,0.000348,0.000162,2.1491,1.0,0.000348
Sandoval,0.005629,0.005629,0.001533,2.2947,1.6,0.005629
San Juan,0.005351,0.005351,0.001622,2.3596,1.3986,0.005351
San Miguel,0.00184,0.00184,0.000843,2.1826,1.0,0.00184
Santa Fe,0.003796,0.003796,0.001523,2.372,1.0507,0.003796
Sierra,0.002704,0.002704,0.000741,2.0841,1.75,0.002704
Socorro,0.001693,0.001693,0.000661,2.3048,1.1111,0.001693
Taos,0.003661,0.003661,0.001528,2.3957,1.0,0.003661
Torrance,0.003229,0.003229,0.000841,2.2399,1.7143,0.003229
Union,0.015093,0.015093,0.004681,2.3288,1.3846,0.015093
Valencia,0.002003,0.002003,0.000874,2.293,1.0,0.002003
