Name,Estimated unvaccinated prevalence,Estimated vaccinated prevalence,Reported prevalence,Underreporting factor,Delay factor,Estimated prevalence
Entire state,0.004861,0.003945,0.001834,2.3603,1.0,0.004329
Atlantic,0.005944,0.004823,0.002166,2.3894,1.0,0.005174
Bergen,0.005435,0.00441,0.001951,2.3697,1.0,0.004624
Burlington,0.004993,0.004051,0.00181,2.3619,1.0,0.004275
Camden,0.005339,0.004332,0.001953,2.3697,1.0,0.004627
Cape May,0.006397,0.00519,0.002347,2.3355,1.0,0.005481
Cumberland,0.005434,0.00441,0.002127,2.2955,1.0,0.004882
Essex,0.00514,0.00417,0.001879,2.3522,1.0,0.004419
Gloucester,0.004587,0.003722,0.001708,2.365,1.0,0.004039
Hudson,0.00526,0.004268,0.001872,2.3879,1.0,0.004471
Hunterdon,0.003701,0.003003,0.001359,2.3506,1.0,0.003194
Mercer,0.005859,0.004754,0.00218,2.318,1.0,0.005053
Middlesex,0.00529,0.004292,0.001904,2.385,1.0,0.004541
Monmouth,0.004845,0.003931,0.001782,2.3619,1.0,0.00421
Morris,0.004422,0.003588,0.001588,2.3697,1.0,0.003763
Ocean,0.004775,0.003875,0.001831,2.3338,1.0,0.004274
Passaic,0.005138,0.004169,0.001859,2.3909,1.0,0.004445
Salem,0.004502,0.003653,0.001651,2.4341,1.0,0.004019
Somerset,0.004247,0.003446,0.001541,2.3522,1.0,0.003626
Sussex,0.004077,0.003308,0.001523,2.3539,1.0,0.003586
Union,0.005003,0.00406,0.001851,2.3304,1.0,0.004314
Warren,0.004865,0.003948,0.001624,2.3571,1.1039,0.004227
