Name,Estimated unvaccinated prevalence,Estimated vaccinated prevalence,Reported prevalence,Underreporting factor,Delay factor,Estimated prevalence
Entire state,0.002911,0.002911,0.001271,2.2901,1.0,0.002911
Atlantic,0.002924,0.002924,0.001119,2.276,1.1484,0.002924
Bergen,0.003219,0.003219,0.001424,2.261,1.0,0.003219
Burlington,0.002804,0.002804,0.001222,2.2953,1.0,0.002804
Camden,0.002735,0.002735,0.001185,2.3085,1.0,0.002735
Cape May,0.004351,0.004351,0.001293,2.2814,1.475,0.004351
Cumberland,0.002581,0.002581,0.00117,2.2051,1.0,0.002581
Essex,0.003113,0.003113,0.001343,2.3181,1.0,0.003113
Gloucester,0.002081,0.002081,0.000909,2.2901,1.0,0.002081
Hudson,0.002513,0.002513,0.00108,2.3274,1.0,0.002513
Hunterdon,0.002805,0.002805,0.001206,2.3259,1.0,0.002805
Mercer,0.002258,0.002258,0.001015,2.2238,1.0,0.002258
Middlesex,0.002987,0.002987,0.00128,2.3335,1.0,0.002987
Monmouth,0.003182,0.003182,0.001374,2.3165,1.0,0.003182
Morris,0.002999,0.002999,0.001287,2.3305,1.0,0.002999
Ocean,0.004086,0.004086,0.001576,2.2969,1.1287,0.004086
Passaic,0.002975,0.002975,0.001291,2.3036,1.0,0.002975
Salem,0.002302,0.002302,0.00101,2.2796,1.0,0.002302
Somerset,0.002784,0.002784,0.001186,2.3482,1.0,0.002784
Sussex,0.00462,0.00462,0.001737,2.3424,1.1355,0.00462
Union,0.002811,0.002811,0.001229,2.2866,1.0,0.002811
Warren,0.003471,0.003471,0.001482,2.3424,1.0,0.003471
