Name,Estimated unvaccinated prevalence,Estimated vaccinated prevalence,Reported prevalence,Underreporting factor,Delay factor,Estimated prevalence
Entire state,0.006944,0.005635,0.002481,2.3938,1.0,0.00594
Atlantic,0.006916,0.005612,0.002458,2.4013,1.0205,0.006022
Bergen,0.006778,0.0055,0.002411,2.3923,1.0,0.005769
Burlington,0.006533,0.005301,0.00234,2.3923,1.0,0.005597
Camden,0.007294,0.005919,0.00262,2.4144,1.0,0.006326
Cape May,0.009557,0.007755,0.002803,2.3543,1.2415,0.008193
Cumberland,0.009412,0.007638,0.003203,2.3475,1.1247,0.008458
Essex,0.008238,0.006685,0.002951,2.4013,1.0,0.007087
Gloucester,0.005736,0.004655,0.002099,2.4071,1.0,0.005051
Hudson,0.008152,0.006615,0.002878,2.4086,1.0,0.006931
Hunterdon,0.00478,0.003878,0.001745,2.3658,1.0,0.004128
Mercer,0.007594,0.006163,0.002713,2.33,1.0364,0.006553
Middlesex,0.007173,0.00582,0.002553,2.4129,1.0,0.006159
Monmouth,0.006744,0.005473,0.002435,2.4071,1.0,0.005862
Morris,0.005906,0.004792,0.00208,2.4172,1.0,0.005028
Ocean,0.00618,0.005015,0.002317,2.3878,1.0,0.005533
Passaic,0.00704,0.005712,0.002519,2.4186,1.0,0.006092
Salem,0.005751,0.004667,0.002084,2.4071,1.0238,0.005136
Somerset,0.006224,0.005051,0.002216,2.3983,1.0,0.005315
Sussex,0.005094,0.004134,0.001879,2.3847,1.0,0.004481
Union,0.006782,0.005504,0.002472,2.3674,1.0,0.005851
Warren,0.004605,0.003737,0.001681,2.3801,1.0,0.004002
