Name,Estimated unvaccinated prevalence,Estimated vaccinated prevalence,Reported prevalence,Underreporting factor,Delay factor,Estimated prevalence
Entire state,0.012076,0.002276,0.002552,2.6634,1.0376,0.007052
Churchill,0.01294,0.002439,0.003172,2.7849,1.0,0.008833
Clark,0.009326,0.001758,0.002201,2.611,1.0,0.005746
Douglas,0.022332,0.004209,0.00364,2.8866,1.3308,0.013982
Elko,0.018512,0.003489,0.002691,2.9778,1.6988,0.01361
Esmeralda,0.008781,0.001655,0.002291,2.7119,1.0,0.006213
Eureka,0.008036,0.001515,0.002464,2.6634,1.0,0.006563
Humboldt,0.008372,0.001578,0.002258,2.6747,1.0,0.006039
Lander,0.022818,0.004301,0.003615,2.3777,2.0,0.017192
Lincoln,0.024857,0.004685,0.00328,2.8153,2.0,0.018468
Lyon,0.014602,0.002752,0.003634,2.8951,1.0,0.010521
Mineral,0.000805,0.000152,0.000222,2.1908,1.0,0.000486
Nye,0.014871,0.002803,0.002988,2.8763,1.1897,0.010224
Pershing,0.003608,0.00068,0.001041,2.5804,1.0,0.002686
Storey,0.003663,0.00069,0.001213,2.5804,1.0,0.003129
Washoe,0.024056,0.004534,0.003845,2.7965,1.2318,0.013245
White Pine,0.028392,0.005351,0.003445,2.6565,2.0,0.018302
Carson City,0.023855,0.004496,0.003577,2.7733,1.3267,0.01316
