Name,Estimated unvaccinated prevalence,Estimated vaccinated prevalence,Reported prevalence,Underreporting factor,Delay factor,Estimated prevalence
Entire state,0.004707,0.003818,0.001651,2.5241,1.0,0.004166
Bernalillo,0.00427,0.003464,0.001489,2.5224,1.0,0.003755
Catron,0.003064,0.002485,0.001134,2.4914,1.0,0.002825
Chaves,0.00205,0.001663,0.000836,2.2678,1.0,0.001895
Cibola,0.006639,0.005385,0.002362,2.4932,1.0,0.005888
Colfax,0.004715,0.003825,0.001759,2.3902,1.0,0.004203
Curry,0.004191,0.003399,0.001573,2.4327,1.0,0.003826
De Baca,0.004559,0.003698,0.001716,2.4245,1.0,0.004161
Dona Ana,0.004904,0.003978,0.001705,2.5389,1.0,0.004329
Eddy,0.002845,0.002307,0.001061,2.4714,1.0,0.002621
Grant,0.006842,0.00555,0.002371,2.5533,1.0,0.006053
Guadalupe,0.013506,0.010955,0.004186,2.8511,1.0,0.011935
Harding,0.008891,0.007212,0.0032,2.5241,1.0,0.008077
Hidalgo,0.006091,0.00494,0.001906,2.8863,1.0,0.0055
Lea,0.00139,0.001128,0.000521,2.4677,1.0,0.001285
Lincoln,0.005514,0.004472,0.00189,2.626,1.0,0.004964
Los Alamos,0.007961,0.006458,0.002736,2.5174,1.0,0.006888
Luna,0.006327,0.005132,0.002235,2.4878,1.0,0.005561
McKinley,0.006903,0.005599,0.002298,2.6204,1.0,0.006022
Mora,0.004222,0.003425,0.001548,2.4286,1.0,0.00376
Otero,0.002751,0.002232,0.001022,2.462,1.0,0.002517
Quay,0.002954,0.002396,0.001091,2.4914,1.0,0.002717
Rio Arriba,0.00054,0.000438,0.00018,2.6148,1.0,0.00047
Roosevelt,0.00381,0.00309,0.001459,2.4347,1.0,0.003553
Sandoval,0.005615,0.004555,0.001963,2.5157,1.0,0.004937
San Juan,0.007025,0.005698,0.002372,2.609,1.0,0.006188
San Miguel,0.007994,0.006484,0.002896,2.4446,1.0,0.00708
Santa Fe,0.005411,0.004389,0.001915,2.4446,1.0,0.004683
Sierra,0.003639,0.002951,0.00139,2.3158,1.0,0.003219
Socorro,0.003878,0.003145,0.001382,2.5002,1.0,0.003456
Taos,0.003395,0.002754,0.001161,2.5208,1.0,0.002927
Torrance,0.006397,0.005188,0.002328,2.5422,1.0,0.005919
Union,0.008998,0.007299,0.003203,2.5643,1.0,0.008213
Valencia,0.005536,0.004491,0.001904,2.6119,1.0,0.004973
