Name,Estimated unvaccinated prevalence,Estimated vaccinated prevalence,Reported prevalence,Underreporting factor,Delay factor,Estimated prevalence
Entire state,0.003799,0.003092,0.001034,2.499,1.311,0.003386
Churchill,0.002831,0.002304,0.000562,2.2648,2.0,0.002546
Clark,0.004003,0.003257,0.001107,2.5075,1.286,0.003571
Douglas,0.004905,0.003991,0.000859,2.5811,2.0,0.004433
Elko,0.000864,0.000703,0.000265,2.5349,1.1818,0.000795
Esmeralda,0.009304,0.007571,0.003436,2.499,1.0,0.008588
Eureka,0.001298,0.001057,0.000493,2.499,1.0,0.001232
Humboldt,0.000894,0.000728,0.000178,2.3096,2.0,0.000823
Lander,0.00146,0.001188,0.000542,2.4888,1.0,0.00135
Lincoln,0.001559,0.001268,0.000579,2.499,1.0,0.001446
Lyon,0.002355,0.001917,0.000574,2.6005,1.4545,0.00217
Mineral,0.001108,0.000902,0.000444,2.2173,1.0,0.000984
Nye,0.003274,0.002665,0.00058,2.5749,2.0,0.002989
Pershing,0.000349,0.000284,0.000149,2.1891,1.0,0.000326
Storey,0.000633,0.000515,0.000243,2.499,1.0,0.000606
Washoe,0.003737,0.003041,0.001039,2.5228,1.2538,0.003287
White Pine,0.000279,0.000227,0.000104,2.4056,1.0,0.000251
Carson City,0.005639,0.004589,0.000966,2.6169,1.963,0.004961
