Name,Estimated unvaccinated prevalence,Estimated vaccinated prevalence,Reported prevalence,Underreporting factor,Delay factor,Estimated prevalence
Entire state,0.00364,0.00364,0.001216,2.273,1.3174,0.00364
Atlantic,0.003918,0.003918,0.001119,2.2511,1.5556,0.003918
Bergen,0.004734,0.004734,0.001629,2.285,1.2714,0.004734
Burlington,0.003607,0.003607,0.001109,2.2623,1.4373,0.003607
Camden,0.003136,0.003136,0.001112,2.2641,1.2461,0.003136
Cape May,0.002362,0.002362,0.000826,2.2119,1.2931,0.002362
Cumberland,0.00431,0.00431,0.00109,2.1721,1.8202,0.00431
Essex,0.003955,0.003955,0.001333,2.2949,1.2928,0.003955
Gloucester,0.002526,0.002526,0.000878,2.2454,1.2814,0.002526
Hudson,0.006032,0.006032,0.001545,2.3091,1.6906,0.006032
Hunterdon,0.003828,0.003828,0.001278,2.2549,1.3277,0.003828
Mercer,0.002993,0.002993,0.001091,2.2142,1.2384,0.002993
Middlesex,0.003527,0.003527,0.00119,2.3107,1.2824,0.003527
Monmouth,0.003993,0.003993,0.001262,2.2916,1.3805,0.003993
Morris,0.002888,0.002888,0.001047,2.2916,1.2037,0.002888
Ocean,0.003692,0.003692,0.001225,2.2712,1.3268,0.003692
Passaic,0.005427,0.005427,0.001554,2.2949,1.5215,0.005427
Salem,0.003461,0.003461,0.000946,2.2712,1.6111,0.003461
Somerset,0.001937,0.001937,0.000848,2.2833,1.0,0.001937
Sussex,0.004004,0.004004,0.001174,2.3076,1.4775,0.004004
Union,0.001829,0.001829,0.000807,2.2659,1.0,0.001829
Warren,0.00368,0.00368,0.00113,2.29,1.4217,0.00368
