Name,Estimated unvaccinated prevalence,Estimated vaccinated prevalence,Reported prevalence,Underreporting factor,Delay factor,Estimated prevalence
Entire state,0.001547,0.001547,0.000654,2.3667,1.0,0.001547
Churchill,0.006984,0.006984,0.003091,2.2593,1.0,0.006984
Clark,1e-06,1e-06,0.0,2.376,1.0,1e-06
Douglas,0.008009,0.008009,0.003456,2.3176,1.0,0.008009
Elko,0.004314,0.004314,0.001914,2.2543,1.0,0.004314
Esmeralda,0.010844,0.010844,0.004582,2.3667,1.0,0.010844
Eureka,0.027995,0.027995,0.011828,2.3667,1.0,0.027995
Humboldt,0.00195,0.00195,0.000594,2.188,1.5,0.00195
Lander,0.011979,0.011979,0.005061,2.3667,1.0,0.011979
Lincoln,0.038357,0.038357,0.016207,2.3667,1.0,0.038357
Lyon,0.006002,0.006002,0.002539,2.3644,1.0,0.006002
Mineral,0.00844,0.00844,0.003774,2.2367,1.0,0.00844
Nye,0.012088,0.012088,0.005073,2.3828,1.0,0.012088
Pershing,0.000379,0.000379,0.000149,2.5493,1.0,0.000379
Storey,0.023535,0.023535,0.009944,2.3667,1.0,0.023535
Washoe,5e-06,5e-06,2e-06,2.3714,1.0,5e-06
White Pine,0.000233,0.000233,0.000104,2.2312,1.0,0.000233
Carson City,0.021398,0.021398,0.009318,2.2965,1.0,0.021398
