Name,Estimated unvaccinated prevalence,Estimated vaccinated prevalence,Reported prevalence,Underreporting factor,Delay factor,Estimated prevalence
Entire state,0.003373,0.003373,0.001181,2.3235,1.2295,0.003373
Bernalillo,0.00444,0.00444,0.00149,2.3075,1.2912,0.00444
Catron,0.002003,0.002003,0.000851,2.3546,1.0,0.002003
Chaves,0.001093,0.001093,0.000387,2.1187,1.3333,0.001093
Cibola,0.003038,0.003038,0.001387,2.1903,1.0,0.003038
Colfax,0.001399,0.001399,0.000586,2.3872,1.0,0.001399
Curry,0.001057,0.001057,0.00047,2.2497,1.0,0.001057
De Baca,0.011165,0.011165,0.004005,2.3235,1.2,0.011165
Dona Ana,0.001486,0.001486,0.000481,2.3753,1.3,0.001486
Eddy,0.000879,0.000879,0.000376,2.2243,1.05,0.000879
Grant,0.018947,0.018947,0.003815,2.4831,2.0,0.018947
Guadalupe,0.00106,0.00106,0.000465,2.2783,1.0,0.00106
Harding,0.007435,0.007435,0.0032,2.3235,1.0,0.007435
Hidalgo,0.0035,0.0035,0.000953,2.4486,1.5,0.0035
Lea,0.000444,0.000444,0.000211,2.1052,1.0,0.000444
Lincoln,0.001558,0.001558,0.000562,2.2174,1.25,0.001558
Los Alamos,0.003422,0.003422,0.001394,2.3602,1.04,0.003422
Luna,0.000821,0.000821,0.00038,2.1617,1.0,0.000821
McKinley,0.004605,0.004605,0.001359,2.3644,1.4328,0.004605
Mora,0.002554,0.002554,0.001106,2.3091,1.0,0.002554
Otero,0.00094,0.00094,0.00043,2.1876,1.0,0.00094
Quay,0.002585,0.002585,0.000969,2.2855,1.1667,0.002585
Rio Arriba,0.003649,0.003649,0.001439,2.4441,1.0377,0.003649
Roosevelt,0.000348,0.000348,0.000162,2.1488,1.0,0.000348
Sandoval,0.003986,0.003986,0.001397,2.2941,1.2439,0.003986
San Juan,0.00864,0.00864,0.002009,2.3588,1.8235,0.00864
San Miguel,0.00608,0.00608,0.001393,2.1822,2.0,0.00608
Santa Fe,0.004551,0.004551,0.001709,2.3712,1.1228,0.004551
Sierra,0.003862,0.003862,0.000927,2.0839,2.0,0.003862
Socorro,0.000693,0.000693,0.000301,2.3042,1.0,0.000693
Taos,0.003513,0.003513,0.001467,2.3949,1.0,0.003513
Torrance,0.001159,0.001159,0.000517,2.2395,1.0,0.001159
Union,0.006869,0.006869,0.002956,2.3235,1.0,0.006869
Valencia,0.001794,0.001794,0.000782,2.2924,1.0,0.001794
