Name,Estimated unvaccinated prevalence,Estimated vaccinated prevalence,Reported prevalence,Underreporting factor,Delay factor,Estimated prevalence
Entire state,0.004592,0.003726,0.001738,2.3532,1.0,0.00409
Atlantic,0.00507,0.004113,0.001851,2.384,1.0,0.004412
Bergen,0.004711,0.003822,0.001698,2.3596,1.0,0.004007
Burlington,0.005656,0.004589,0.001971,2.3689,1.0366,0.004841
Camden,0.005084,0.004125,0.001854,2.3765,1.0,0.004406
Cape May,0.005618,0.004559,0.002075,2.3195,1.0,0.004813
Cumberland,0.007147,0.005799,0.002468,2.2974,1.1323,0.00642
Essex,0.005112,0.004148,0.001865,2.3564,1.0,0.004394
Gloucester,0.004476,0.003632,0.001673,2.3548,1.0,0.00394
Hudson,0.004457,0.003616,0.001599,2.3689,1.0,0.003787
Hunterdon,0.004906,0.003981,0.001632,2.3368,1.1099,0.004233
Mercer,0.005981,0.004853,0.002221,2.2993,1.0099,0.005157
Middlesex,0.004906,0.003981,0.001773,2.375,1.0,0.004211
Monmouth,0.004426,0.003591,0.001635,2.3516,1.0,0.003846
Morris,0.004291,0.003481,0.001541,2.3689,1.0,0.003651
Ocean,0.00409,0.003318,0.001574,2.3248,1.0,0.00366
Passaic,0.004923,0.003995,0.001789,2.3795,1.0,0.004258
Salem,0.009713,0.007881,0.002404,2.4442,1.4752,0.00867
Somerset,0.004292,0.003483,0.001544,2.372,1.0,0.003663
Sussex,0.00323,0.002621,0.001231,2.3068,1.0,0.002841
Union,0.004612,0.003742,0.001713,2.3213,1.0,0.003976
Warren,0.005058,0.004104,0.00171,2.397,1.0719,0.004393
