Name,Estimated unvaccinated prevalence,Estimated vaccinated prevalence,Reported prevalence,Underreporting factor,Delay factor,Estimated prevalence
Entire state,0.005758,0.005758,0.001971,2.3386,1.2492,0.005758
Atlantic,0.005972,0.005972,0.001984,2.3418,1.2857,0.005972
Bergen,0.00731,0.00731,0.002211,2.3257,1.4217,0.00731
Burlington,0.006491,0.006491,0.002079,2.3386,1.3348,0.006491
Camden,0.006682,0.006682,0.002081,2.348,1.3675,0.006682
Cape May,0.003039,0.003039,0.001336,2.2739,1.0,0.003039
Cumberland,0.007969,0.007969,0.002702,2.2835,1.2917,0.007969
Essex,0.005438,0.005438,0.001896,2.3224,1.2349,0.005438
Gloucester,0.005625,0.005625,0.00191,2.3732,1.2411,0.005625
Hudson,0.005818,0.005818,0.00192,2.3464,1.2913,0.005818
Hunterdon,0.003118,0.003118,0.001343,2.3224,1.0,0.003118
Mercer,0.005323,0.005323,0.002055,2.2778,1.1373,0.005323
Middlesex,0.005159,0.005159,0.002065,2.3761,1.0512,0.005159
Monmouth,0.004543,0.004543,0.001729,2.3449,1.1205,0.004543
Morris,0.005055,0.005055,0.001828,2.3775,1.1632,0.005055
Ocean,0.005986,0.005986,0.001991,2.337,1.2865,0.005986
Passaic,0.005283,0.005283,0.001871,2.348,1.2026,0.005283
Salem,0.00539,0.00539,0.001956,2.3689,1.1635,0.00539
Somerset,0.00483,0.00483,0.001821,2.3996,1.1054,0.00483
Sussex,0.005577,0.005577,0.002114,2.3887,1.1045,0.005577
Union,0.007957,0.007957,0.00211,2.3338,1.6157,0.007957
Warren,0.005327,0.005327,0.001966,2.3804,1.1381,0.005327
