Name,Estimated unvaccinated prevalence,Estimated vaccinated prevalence,Reported prevalence,Underreporting factor,Delay factor,Estimated prevalence
Entire state,0.018216,0.003357,0.002794,2.512,1.0,0.007018
Bernalillo,0.014987,0.002762,0.002755,2.5693,1.0,0.007079
Catron,0.005546,0.001022,0.001418,2.5583,1.0,0.003627
Chaves,0.017324,0.003192,0.004952,2.343,1.0,0.011604
Cibola,0.00931,0.001716,0.001874,2.431,1.0,0.004557
Colfax,0.008174,0.001506,0.001591,2.6891,1.0,0.004279
Curry,0.032849,0.006053,0.006455,2.618,1.2402,0.020958
De Baca,0.016312,0.003006,0.003432,2.9541,1.0,0.01014
Dona Ana,0.013138,0.002421,0.002383,2.6631,1.0,0.006347
Eddy,0.009174,0.001691,0.002361,2.5565,1.0,0.006035
Grant,0.024182,0.004456,0.004704,2.5337,1.0,0.011919
Guadalupe,0.007482,0.001379,0.001628,2.253,1.0,0.003668
Harding,0.02798,0.005156,0.0064,2.6425,1.0,0.016912
Hidalgo,0.024977,0.004602,0.004526,2.6505,1.2,0.014395
Lea,0.009167,0.001689,0.002378,2.5711,1.0,0.006114
Lincoln,0.012956,0.002387,0.00281,2.5657,1.0,0.00721
Los Alamos,0.004541,0.000837,0.000774,2.3774,1.0,0.001841
Luna,0.011176,0.002059,0.002067,2.562,1.0,0.005295
McKinley,0.010253,0.001889,0.001667,2.518,1.0,0.004199
Mora,0.00946,0.001743,0.001991,2.4765,1.0,0.00493
Otero,0.013181,0.002429,0.002415,2.5783,1.35,0.008406
Quay,0.018088,0.003333,0.004241,2.7777,1.0,0.01178
Rio Arriba,0.018625,0.003432,0.002929,2.692,1.0,0.007885
Roosevelt,0.015806,0.002912,0.004216,2.6553,1.0,0.011195
Sandoval,0.016146,0.002975,0.003019,2.4851,1.0,0.007502
San Juan,0.01196,0.002204,0.002243,2.5583,1.0,0.005738
San Miguel,0.011698,0.002155,0.00242,2.4238,1.0,0.005865
Santa Fe,0.017891,0.003297,0.002707,2.6328,1.0,0.007127
Sierra,0.019045,0.003509,0.003151,2.4286,1.2222,0.009353
Socorro,0.021541,0.003969,0.004207,2.6708,1.0,0.011238
Taos,0.019228,0.003543,0.002323,2.5039,1.2712,0.007392
Torrance,0.010053,0.001852,0.002587,2.6296,1.0,0.006803
Union,0.024478,0.00451,0.00542,2.6442,1.05,0.015048
Valencia,0.013835,0.002549,0.002921,2.6246,1.0,0.007666
