Name,Estimated unvaccinated prevalence,Estimated vaccinated prevalence,Reported prevalence,Underreporting factor,Delay factor,Estimated prevalence
Entire state,0.00706,0.005729,0.002519,2.3973,1.0,0.006039
Atlantic,0.006905,0.005603,0.002465,2.4017,1.0156,0.006013
Bergen,0.006846,0.005555,0.002428,2.4002,1.0,0.005827
Burlington,0.006555,0.005319,0.002349,2.3912,1.0,0.005616
Camden,0.007372,0.005982,0.002654,2.409,1.0,0.006393
Cape May,0.009068,0.007358,0.002738,2.353,1.2067,0.007774
Cumberland,0.009532,0.007735,0.00323,2.3547,1.1262,0.008566
Essex,0.008411,0.006825,0.003009,2.4047,1.0,0.007235
Gloucester,0.005927,0.00481,0.002171,2.4047,1.0,0.005219
Hudson,0.00843,0.00684,0.002979,2.4061,1.0,0.007168
Hunterdon,0.005103,0.00414,0.001857,2.3726,1.0,0.004407
Mercer,0.007331,0.005949,0.002667,2.3304,1.0177,0.006325
Middlesex,0.007404,0.006008,0.002631,2.4162,1.0,0.006358
Monmouth,0.006701,0.005437,0.002419,2.4076,1.0,0.005824
Morris,0.006052,0.004911,0.002135,2.4134,1.0,0.005152
Ocean,0.006324,0.005131,0.00237,2.3805,1.0035,0.005661
Passaic,0.007177,0.005824,0.002565,2.4219,1.0,0.006211
Salem,0.005459,0.00443,0.00202,2.4134,1.0,0.004874
Somerset,0.006221,0.005048,0.002213,2.4002,1.0,0.005312
Sussex,0.005092,0.004132,0.001879,2.3836,1.0,0.004479
Union,0.006985,0.005668,0.002542,2.371,1.0,0.006026
Warren,0.004661,0.003782,0.0017,2.382,1.0,0.004051
