Name,Estimated unvaccinated prevalence,Estimated vaccinated prevalence,Reported prevalence,Underreporting factor,Delay factor,Estimated prevalence
Entire state,0.003224,0.003224,0.001383,2.3001,1.0138,0.003224
Atlantic,0.002159,0.002159,0.000948,2.2773,1.0,0.002159
Bergen,0.004013,0.004013,0.001663,2.2623,1.0668,0.004013
Burlington,0.002738,0.002738,0.001192,2.2967,1.0,0.002738
Camden,0.002883,0.002883,0.001248,2.3101,1.0,0.002883
Cape May,0.003538,0.003538,0.001173,2.2828,1.321,0.003538
Cumberland,0.003935,0.003935,0.001465,2.2062,1.2179,0.003935
Essex,0.003578,0.003578,0.001492,2.3197,1.0339,0.003578
Gloucester,0.002397,0.002397,0.001046,2.2916,1.0,0.002397
Hudson,0.003525,0.003525,0.001402,2.3291,1.079,0.003525
Hunterdon,0.002863,0.002863,0.00123,2.3275,1.0,0.002863
Mercer,0.002198,0.002198,0.000988,2.225,1.0,0.002198
Middlesex,0.0033,0.0033,0.001413,2.3352,1.0,0.0033
Monmouth,0.003427,0.003427,0.001435,2.3181,1.0302,0.003427
Morris,0.003305,0.003305,0.001417,2.3321,1.0,0.003305
Ocean,0.003419,0.003419,0.001464,2.2984,1.016,0.003419
Passaic,0.003595,0.003595,0.001455,2.3051,1.0721,0.003595
Salem,0.003042,0.003042,0.001042,2.281,1.28,0.003042
Somerset,0.003115,0.003115,0.001325,2.35,1.0,0.003115
Sussex,0.003654,0.003654,0.001559,2.3441,1.0,0.003654
Union,0.003713,0.003713,0.001416,2.2881,1.1456,0.003713
Warren,0.007249,0.007249,0.001966,2.3441,1.5725,0.007249
