Name,Estimated unvaccinated prevalence,Estimated vaccinated prevalence,Reported prevalence,Underreporting factor,Delay factor,Estimated prevalence
Entire state,0.005491,0.004469,0.001417,2.5194,1.371,0.004895
Churchill,0.00092,0.000749,0.000361,2.2902,1.0,0.000827
Clark,0.006099,0.004963,0.001547,2.518,1.397,0.005441
Douglas,0.005101,0.004151,0.001227,2.6115,1.439,0.004611
Elko,0.001714,0.001395,0.000398,2.5767,1.5385,0.001577
Esmeralda,0.003127,0.002544,0.001145,2.5194,1.0,0.002886
Eureka,0.001309,0.001065,0.000493,2.5194,1.0,0.001242
Humboldt,0.001805,0.001469,0.000356,2.3315,2.0,0.001662
Lander,0.002956,0.002406,0.000723,2.5194,1.5,0.002733
Lincoln,0.000524,0.000426,0.000193,2.5194,1.0,0.000486
Lyon,0.006423,0.005227,0.00113,2.6185,2.0,0.005919
Mineral,0.003324,0.002705,0.000666,2.217,2.0,0.002953
Nye,0.001164,0.000947,0.000408,2.6009,1.0,0.001062
Pershing,0.000698,0.000568,0.000297,2.1889,1.0,0.000651
Storey,0.001275,0.001038,0.000485,2.5194,1.0,0.001222
Washoe,0.004594,0.003739,0.001289,2.5249,1.2413,0.004041
White Pine,0.000288,0.000234,0.000104,2.4824,1.0,0.000259
Carson City,0.005297,0.004311,0.001306,2.6277,1.3585,0.00466
