Name,Estimated unvaccinated prevalence,Estimated vaccinated prevalence,Reported prevalence,Underreporting factor,Delay factor,Estimated prevalence
Entire state,0.106292,0.019583,0.006036,3.4225,2.0,0.041315
Bernalillo,0.090035,0.016588,0.006193,3.4225,2.0,0.042393
Catron,0.047589,0.008768,0.004536,3.4225,2.0,0.031052
Chaves,0.069894,0.012877,0.008218,3.4225,1.6614,0.046729
Cibola,0.048992,0.009026,0.003599,3.4225,1.9388,0.02388
Colfax,0.066953,0.012335,0.005108,3.4225,2.0,0.034967
Curry,0.029463,0.005428,0.005475,3.4225,1.0,0.018736
De Baca,0.144995,0.026714,0.013158,3.4225,2.0,0.090065
Dona Ana,0.103764,0.019117,0.007296,3.4225,2.0,0.049942
Eddy,0.04153,0.007651,0.004328,3.4225,1.8394,0.027245
Grant,0.148932,0.027439,0.010704,3.4225,2.0,0.073272
Guadalupe,0.035742,0.006585,0.002791,3.4225,1.8333,0.01751
Harding,0.009065,0.00167,0.0016,3.4225,1.0,0.005476
Hidalgo,0.113348,0.020883,0.009528,3.4225,2.0,0.065221
Lea,0.068487,0.012618,0.006655,3.4225,2.0,0.045556
Lincoln,0.071244,0.013126,0.005774,3.4225,2.0,0.03952
Los Alamos,0.109192,0.020117,0.006454,3.4225,2.0,0.044175
Luna,0.063044,0.011615,0.004344,3.4225,2.0,0.029737
McKinley,0.077791,0.014332,0.004624,3.4225,2.0,0.031651
Mora,0.093117,0.017156,0.007078,3.4225,2.0,0.048449
Otero,0.030843,0.005682,0.003719,3.4225,1.5432,0.019643
Quay,0.019143,0.003527,0.003635,3.4225,1.0,0.012441
Rio Arriba,0.105985,0.019527,0.006526,3.4225,2.0,0.04467
Roosevelt,0.033679,0.006205,0.005405,3.4225,1.2857,0.023786
Sandoval,0.077874,0.014347,0.005636,3.4225,1.8688,0.036044
San Juan,0.057026,0.010506,0.004219,3.4225,1.8845,0.027212
San Miguel,0.083868,0.015452,0.006122,3.4225,2.0,0.041907
Santa Fe,0.121851,0.02245,0.007056,3.4225,2.0,0.048301
Sierra,0.029109,0.005363,0.003614,3.4225,1.1515,0.014243
Socorro,0.038017,0.007004,0.004929,3.4225,1.1739,0.019802
Taos,0.055509,0.010227,0.003789,3.4225,1.64,0.021269
Torrance,0.06361,0.011719,0.006274,3.4225,2.0,0.042944
Union,0.02872,0.005291,0.005174,3.4225,1.0,0.017707
Valencia,0.081592,0.015032,0.006585,3.4225,2.0,0.045075
