Name,Estimated unvaccinated prevalence,Estimated vaccinated prevalence,Reported prevalence,Underreporting factor,Delay factor,Estimated prevalence
Entire state,0.006624,0.006624,0.002022,3.276,1.0,0.006624
Bernalillo,0.005736,0.005736,0.001735,3.307,1.0,0.005736
Catron,0.003694,0.003694,0.001134,3.2568,1.0,0.003694
Chaves,0.003238,0.003238,0.000975,3.321,1.0,0.003238
Cibola,0.006475,0.006475,0.001987,3.2587,1.0,0.006475
Colfax,0.006953,0.006953,0.001005,3.4594,2.0,0.006953
Curry,0.004062,0.004062,0.001287,3.1565,1.0,0.004062
De Baca,0.014993,0.014993,0.004577,3.276,1.0,0.014993
Dona Ana,0.022671,0.022671,0.003781,3.5292,1.699,0.022671
Eddy,0.004261,0.004261,0.001232,3.4594,1.0,0.004261
Grant,0.011902,0.011902,0.003445,3.4552,1.0,0.011902
Guadalupe,0.009505,0.009505,0.003023,3.144,1.0,0.009505
Harding,0.005242,0.005242,0.0016,3.276,1.0,0.005242
Hidalgo,0.01174,0.01174,0.001906,3.5204,1.75,0.01174
Lea,0.019691,0.019691,0.003011,3.3158,1.9722,0.019691
Lincoln,0.005726,0.005726,0.001737,3.2963,1.0,0.005726
Los Alamos,0.004434,0.004434,0.001342,3.3035,1.0,0.004434
Luna,0.00775,0.00775,0.001687,3.1803,1.4444,0.00775
McKinley,0.007644,0.007644,0.002228,3.4312,1.0,0.007644
Mora,0.002001,0.002001,0.000664,3.0151,1.0,0.002001
Otero,0.008934,0.008934,0.002386,3.3707,1.1111,0.008934
Quay,0.006333,0.006333,0.001939,3.2665,1.0,0.006333
Rio Arriba,0.004485,0.004485,0.001387,3.2327,1.0,0.004485
Roosevelt,0.006162,0.006162,0.00173,3.5624,1.0,0.006162
Sandoval,0.006603,0.006603,0.001976,3.3414,1.0,0.006603
San Juan,0.009372,0.009372,0.002646,3.5417,1.0,0.009372
San Miguel,0.005096,0.005096,0.001613,3.1589,1.0,0.005096
Santa Fe,0.004551,0.004551,0.00139,3.2741,1.0,0.004551
Sierra,0.003963,0.003963,0.001297,3.0545,1.0,0.003963
Socorro,0.006312,0.006312,0.001923,3.2816,1.0,0.006312
Taos,0.002568,0.002568,0.000764,3.3611,1.0,0.002568
Torrance,0.006784,0.006784,0.002005,3.3833,1.0,0.006784
Union,0.002854,0.002854,0.000739,3.8615,1.0,0.002854
Valencia,0.006296,0.006296,0.001904,3.307,1.0,0.006296
