Name,Estimated unvaccinated prevalence,Estimated vaccinated prevalence,Reported prevalence,Underreporting factor,Delay factor,Estimated prevalence
Entire state,0.000963,0.000963,0.000413,2.329,1.0,0.000963
Churchill,0.003062,0.003062,0.000682,2.2431,2.0,0.003062
Clark,0.000844,0.000844,0.000366,2.3067,1.0,0.000844
Douglas,0.00067,0.00067,0.000266,2.3121,1.0909,0.00067
Elko,0.000495,0.000495,0.000114,2.1779,2.0,0.000495
Esmeralda,0.002668,0.002668,0.001145,2.329,1.0,0.002668
Eureka,0.001148,0.001148,0.000493,2.329,1.0,0.001148
Humboldt,0.00228,0.00228,0.000535,2.1322,2.0,0.00228
Lander,0.000421,0.000421,0.000181,2.329,1.0,0.000421
Lincoln,0.001348,0.001348,0.000579,2.329,1.0,0.001348
Lyon,0.001765,0.001765,0.000626,2.3365,1.2069,0.001765
Mineral,0.006887,0.006887,0.00222,2.4131,1.2857,0.006887
Nye,0.000473,0.000473,0.000107,2.202,2.0,0.000473
Pershing,0.001052,0.001052,0.000446,2.3581,1.0,0.001052
Storey,0.003389,0.003389,0.000728,2.329,2.0,0.003389
Washoe,0.00167,0.00167,0.000696,2.4008,1.0,0.00167
White Pine,0.000471,0.000471,0.000209,2.2565,1.0,0.000471
Carson City,0.000783,0.000783,0.00034,2.3054,1.0,0.000783
