Name,Estimated unvaccinated prevalence,Estimated vaccinated prevalence,Reported prevalence,Underreporting factor,Delay factor,Estimated prevalence
Entire state,0.004807,0.000905,0.000985,2.4371,1.0,0.0024
Churchill,0.005611,0.001056,0.001365,2.5426,1.0,0.003471
Clark,0.004122,0.000776,0.000949,2.416,1.0,0.002292
Douglas,0.004493,0.000846,0.001002,2.6518,1.0,0.002657
Elko,0.001685,0.000317,0.000436,2.6127,1.0,0.001139
Esmeralda,0.004216,0.000794,0.001145,2.4371,1.0,0.002792
Eureka,0.00855,0.00161,0.002464,2.7314,1.0,0.006731
Humboldt,0.006722,0.001266,0.001842,2.4645,1.0,0.004539
Lander,0.002089,0.000393,0.000723,2.0,1.0,0.001446
Lincoln,0.000719,0.000135,0.000193,2.6053,1.0,0.000503
Lyon,0.00541,0.001019,0.001408,2.5959,1.0,0.003656
Mineral,0.02126,0.004003,0.004661,2.5215,1.0,0.011754
Nye,0.003033,0.000571,0.000709,2.7283,1.0,0.001935
Pershing,0.007848,0.001478,0.001933,2.8983,1.0,0.005603
Storey,0.002776,0.000523,0.00097,2.3995,1.0,0.002328
Washoe,0.005516,0.001039,0.001099,2.5062,1.0,0.002753
White Pine,0.004028,0.000758,0.001044,2.2845,1.0,0.002385
Carson City,0.006217,0.001171,0.00127,2.4422,1.0,0.003101
