Name,Estimated unvaccinated prevalence,Estimated vaccinated prevalence,Reported prevalence,Underreporting factor,Delay factor,Estimated prevalence
Entire state,0.001131,0.001131,0.0005,2.2612,1.0,0.001131
Bernalillo,0.000858,0.000858,0.000387,2.2146,1.0,0.000858
Catron,0.000641,0.000641,0.000284,2.2612,1.0,0.000641
Chaves,0.001601,0.001601,0.000696,2.2992,1.0,0.001601
Cibola,0.001013,0.001013,0.00045,2.2529,1.0,0.001013
Colfax,0.001297,0.001297,0.000586,2.2126,1.0,0.001297
Curry,0.002132,0.002132,0.000919,2.3199,1.0,0.002132
De Baca,0.005174,0.005174,0.002288,2.2612,1.0,0.005174
Dona Ana,0.001309,0.001309,0.000555,2.3612,1.0,0.001309
Eddy,0.001118,0.001118,0.000479,2.3342,1.0,0.001118
Grant,0.00194,0.00194,0.000852,2.277,1.0,0.00194
Guadalupe,0.003134,0.003134,0.000698,2.246,2.0,0.003134
Harding,0.007236,0.007236,0.0032,2.2612,1.0,0.007236
Hidalgo,0.00266,0.00266,0.001191,2.2336,1.0,0.00266
Lea,0.002196,0.002196,0.000929,2.3647,1.0,0.002196
Lincoln,0.001634,0.001634,0.000715,2.2846,1.0,0.001634
Los Alamos,0.000723,0.000723,0.00031,2.3329,1.0,0.000723
Luna,0.001331,0.001331,0.000548,2.4271,1.0,0.001331
McKinley,0.002035,0.002035,0.000883,2.3048,1.0,0.002035
Mora,0.002001,0.002001,0.000885,2.2612,1.0,0.002001
Otero,0.001324,0.001324,0.000578,2.292,1.0,0.001324
Quay,0.002005,0.002005,0.000848,2.3635,1.0,0.002005
Rio Arriba,0.001004,0.001004,0.000437,2.2978,1.0,0.001004
Roosevelt,0.009503,0.009503,0.001946,2.4419,2.0,0.009503
Sandoval,0.000989,0.000989,0.000443,2.2336,1.0,0.000989
San Juan,0.0011,0.0011,0.000484,2.2724,1.0,0.0011
San Miguel,0.001231,0.001231,0.00055,2.239,1.0,0.001231
Santa Fe,0.00083,0.00083,0.000366,2.2692,1.0,0.00083
Sierra,0.001171,0.001171,0.000371,2.1053,1.5,0.001171
Socorro,0.002628,0.002628,0.000902,2.2905,1.2727,0.002628
Taos,0.000345,0.000345,0.000153,2.2595,1.0,0.000345
Torrance,0.00075,0.00075,0.000323,2.3185,1.0,0.00075
Union,0.000557,0.000557,0.000246,2.2612,1.0,0.000557
Valencia,0.000821,0.000821,0.000365,2.2495,1.0,0.000821
