Name,Estimated unvaccinated prevalence,Estimated vaccinated prevalence,Reported prevalence,Underreporting factor,Delay factor,Estimated prevalence
Entire state,0.004708,0.003819,0.001651,2.5248,1.0,0.004167
Bernalillo,0.004271,0.003465,0.001489,2.5231,1.0,0.003756
Catron,0.003065,0.002486,0.001134,2.492,1.0,0.002826
Chaves,0.002051,0.001663,0.000836,2.2682,1.0,0.001896
Cibola,0.006641,0.005387,0.002362,2.4938,1.0,0.00589
Colfax,0.004716,0.003826,0.001759,2.3907,1.0,0.004204
Curry,0.004192,0.0034,0.001573,2.4333,1.0,0.003827
De Baca,0.00456,0.003698,0.001716,2.4251,1.0,0.004162
Dona Ana,0.004905,0.003979,0.001705,2.5396,1.0,0.00433
Eddy,0.002845,0.002308,0.001061,2.472,1.0,0.002622
Grant,0.006844,0.005552,0.002371,2.5541,1.0,0.006055
Guadalupe,0.013511,0.010959,0.004186,2.8522,1.0,0.01194
Harding,0.008894,0.007214,0.0032,2.5248,1.0,0.008079
Hidalgo,0.006093,0.004942,0.001906,2.8875,1.0,0.005503
Lea,0.00139,0.001128,0.000521,2.4683,1.0,0.001285
Lincoln,0.005515,0.004474,0.00189,2.6269,1.0,0.004966
Los Alamos,0.007964,0.00646,0.002736,2.5181,1.0,0.00689
Luna,0.006329,0.005134,0.002235,2.4885,1.0,0.005563
McKinley,0.006905,0.005601,0.002298,2.6212,1.0,0.006024
Mora,0.004223,0.003426,0.001548,2.4292,1.0,0.003761
Otero,0.002752,0.002232,0.001022,2.4626,1.0,0.002518
Quay,0.002954,0.002396,0.001091,2.492,1.0,0.002718
Rio Arriba,0.00054,0.000438,0.00018,2.6156,1.0,0.00047
Roosevelt,0.00381,0.003091,0.001459,2.4353,1.0,0.003554
Sandoval,0.005617,0.004556,0.001963,2.5164,1.0,0.004939
San Juan,0.007027,0.0057,0.002372,2.6098,1.0,0.00619
San Miguel,0.007996,0.006486,0.002896,2.4452,1.0,0.007082
Santa Fe,0.005412,0.00439,0.001915,2.4452,1.0,0.004684
Sierra,0.003639,0.002952,0.00139,2.3162,1.0,0.00322
Socorro,0.003879,0.003146,0.001382,2.5009,1.0,0.003457
Taos,0.003396,0.002754,0.001161,2.5215,1.0,0.002928
Torrance,0.006398,0.00519,0.002328,2.5429,1.0,0.005921
Union,0.009,0.007301,0.003203,2.5651,1.0,0.008215
Valencia,0.005538,0.004492,0.001904,2.6127,1.0,0.004974
