Name,Estimated unvaccinated prevalence,Estimated vaccinated prevalence,Reported prevalence,Underreporting factor,Delay factor,Estimated prevalence
Entire state,0.001867,0.001515,0.000732,2.1899,1.0,0.001604
Atlantic,0.000815,0.000661,0.000326,2.1855,1.0,0.000713
Bergen,0.003364,0.00273,0.001145,2.2496,1.1174,0.002877
Burlington,0.001254,0.001017,0.00049,2.1942,1.0046,0.001079
Camden,0.000997,0.000809,0.000401,2.1669,1.0,0.000869
Cape May,0.001145,0.000929,0.000424,2.146,1.0857,0.000987
Cumberland,0.000669,0.000543,0.000288,2.0992,1.0,0.000604
Essex,0.00176,0.001428,0.000701,2.1718,1.0,0.001522
Gloucester,0.000973,0.000789,0.000387,2.218,1.0,0.000859
Hudson,0.003651,0.002963,0.001087,2.1669,1.3249,0.003121
Hunterdon,0.002132,0.001731,0.00082,2.2561,1.0,0.00185
Mercer,0.001414,0.001148,0.000566,2.1669,1.0,0.001227
Middlesex,0.003003,0.002437,0.000915,2.2143,1.278,0.002589
Monmouth,0.001998,0.001622,0.000737,2.2254,1.0631,0.001743
Morris,0.002375,0.001928,0.000911,2.229,1.0,0.00203
Ocean,0.001954,0.001586,0.000623,2.1765,1.2955,0.001755
Passaic,0.001897,0.00154,0.000757,2.1765,1.0,0.001648
Salem,0.000533,0.000432,0.000224,2.128,1.0,0.000478
Somerset,0.003372,0.002736,0.000888,2.1942,1.4847,0.002892
Sussex,0.00217,0.001761,0.000534,2.1811,1.6444,0.001915
Union,0.001729,0.001403,0.000688,2.1765,1.0,0.001498
Warren,2.4e-05,2e-05,9e-06,2.218,1.0,2.1e-05
