Name,Estimated unvaccinated prevalence,Estimated vaccinated prevalence,Reported prevalence,Underreporting factor,Delay factor,Estimated prevalence
Entire state,0.010166,0.001886,0.00181,2.3497,1.1637,0.004949
Belknap,0.014407,0.002673,0.002757,2.5062,1.1351,0.007843
Carroll,0.009766,0.001812,0.001942,2.3854,1.0,0.004633
Cheshire,0.009004,0.00167,0.001761,2.37,1.1667,0.00487
Coos,0.004052,0.000752,0.00095,2.31,1.0,0.002196
Grafton,0.005389,0.001,0.00109,2.1946,1.0,0.002393
Hillsborough,0.008723,0.001618,0.001739,2.362,1.1456,0.004704
Merrimack,0.014868,0.002758,0.002107,2.4611,1.4009,0.007265
Rockingham,0.009944,0.001845,0.001843,2.4038,1.1538,0.005113
Strafford,0.008788,0.00163,0.001715,2.4215,1.1554,0.004798
Sullivan,0.011645,0.00216,0.00146,2.4946,1.7222,0.006273
