Name,Estimated unvaccinated prevalence,Estimated vaccinated prevalence,Reported prevalence,Underreporting factor,Delay factor,Estimated prevalence
Entire state,0.001538,0.001538,0.00065,2.3666,1.0,0.001538
Churchill,0.001615,0.001615,0.000682,2.3666,1.0,0.001615
Clark,0.001595,0.001595,0.000674,2.3666,1.0,0.001595
Douglas,0.001307,0.001307,0.000552,2.3666,1.0,0.001307
Elko,0.000448,0.000448,0.000189,2.3666,1.0,0.000448
Esmeralda,0.005422,0.005422,0.002291,2.3666,1.0,0.005422
Eureka,0.001166,0.001166,0.000493,2.3666,1.0,0.001166
Humboldt,0.000562,0.000562,0.000238,2.3666,1.0,0.000562
Lander,0.001711,0.001711,0.000723,2.3666,1.0,0.001711
Lincoln,0.000457,0.000457,0.000193,2.3666,1.0,0.000457
Lyon,0.000988,0.000988,0.000417,2.3666,1.0,0.000988
Mineral,0.001576,0.001576,0.000666,2.3666,1.0,0.001576
Nye,0.001373,0.001373,0.00058,2.3666,1.0,0.001373
Pershing,0.001056,0.001056,0.000446,2.3666,1.0,0.001056
Storey,0.000574,0.000574,0.000243,2.3666,1.0,0.000574
Washoe,0.001365,0.001365,0.000577,2.3666,1.0,0.001365
White Pine,0.000247,0.000247,0.000104,2.3666,1.0,0.000247
Carson City,0.002116,0.002116,0.000894,2.3666,1.0,0.002116
