Name,Estimated unvaccinated prevalence,Estimated vaccinated prevalence,Reported prevalence,Underreporting factor,Delay factor,Estimated prevalence
Entire state,0.001539,0.001539,0.000654,2.355,1.0,0.001539
Churchill,0.006982,0.006982,0.003091,2.2586,1.0,0.006982
Clark,1e-06,1e-06,0.0,2.375,1.0,1e-06
Douglas,0.008006,0.008006,0.003456,2.3167,1.0,0.008006
Elko,0.004313,0.004313,0.001914,2.2536,1.0,0.004313
Esmeralda,0.01079,0.01079,0.004582,2.355,1.0,0.01079
Eureka,0.027856,0.027856,0.011828,2.355,1.0,0.027856
Humboldt,0.00195,0.00195,0.000594,2.1875,1.5,0.00195
Lander,0.01192,0.01192,0.005061,2.355,1.0,0.01192
Lincoln,0.038167,0.038167,0.016207,2.355,1.0,0.038167
Lyon,0.006,0.006,0.002539,2.3634,1.0,0.006
Mineral,0.008438,0.008438,0.003774,2.2361,1.0,0.008438
Nye,0.012082,0.012082,0.005073,2.3818,1.0,0.012082
Pershing,0.000379,0.000379,0.000149,2.5478,1.0,0.000379
Storey,0.023419,0.023419,0.009944,2.355,1.0,0.023419
Washoe,5e-06,5e-06,2e-06,2.3704,1.0,5e-06
White Pine,0.000233,0.000233,0.000104,2.2306,1.0,0.000233
Carson City,0.02139,0.02139,0.009318,2.2957,1.0,0.02139
