Name,Estimated unvaccinated prevalence,Estimated vaccinated prevalence,Reported prevalence,Underreporting factor,Delay factor,Estimated prevalence
Entire state,0.009495,0.001786,0.002076,2.5618,1.0,0.005317
Churchill,0.018846,0.003545,0.004617,2.7,1.0,0.012465
Clark,0.006007,0.00113,0.001429,2.4992,1.0,0.003571
Douglas,0.009517,0.00179,0.002188,2.6676,1.0,0.005837
Elko,0.038924,0.007321,0.008109,3.0457,1.1326,0.027975
Esmeralda,0.025621,0.004819,0.003436,2.5883,2.0,0.017789
Eureka,0.019535,0.003674,0.005914,2.6697,1.0,0.015789
Humboldt,0.038329,0.007209,0.009625,2.8219,1.0,0.027161
Lander,0.014331,0.002696,0.004881,2.1488,1.0,0.010488
Lincoln,0.009873,0.001857,0.002701,2.6718,1.0,0.007217
Lyon,0.018263,0.003435,0.00473,2.7214,1.0,0.012871
Mineral,0.005426,0.001021,0.00111,2.8883,1.0,0.003206
Nye,0.013284,0.002499,0.002493,2.7329,1.3068,0.008905
Pershing,0.00642,0.001208,0.001933,2.4496,1.0,0.004735
Storey,0.008663,0.001629,0.002911,2.5262,1.0,0.007352
Washoe,0.017407,0.003274,0.003504,2.6508,1.0,0.009287
White Pine,0.024446,0.004598,0.006159,2.4765,1.0,0.015252
Carson City,0.01479,0.002782,0.003094,2.5468,1.0,0.00788
