Name,Estimated unvaccinated prevalence,Estimated vaccinated prevalence,Reported prevalence,Underreporting factor,Delay factor,Estimated prevalence
Entire state,0.001904,0.001545,0.000747,2.1911,1.0,0.001636
Atlantic,0.00099,0.000803,0.000394,2.1954,1.0,0.000866
Bergen,0.003553,0.002884,0.001154,2.2195,1.1865,0.00304
Burlington,0.001059,0.00086,0.000415,2.1954,1.0,0.000912
Camden,0.000891,0.000723,0.000357,2.1729,1.0,0.000777
Cape May,0.001586,0.001287,0.000402,2.1729,1.5652,0.001367
Cumberland,0.001069,0.000868,0.000461,2.0911,1.0,0.000965
Essex,0.001974,0.001602,0.000786,2.1729,1.0,0.001708
Gloucester,0.001172,0.000951,0.000463,2.2376,1.0,0.001036
Hudson,0.002272,0.001844,0.000903,2.1525,1.0,0.001943
Hunterdon,0.003947,0.003203,0.000933,2.2672,1.6197,0.003425
Mercer,0.001877,0.001523,0.000743,2.1911,1.0,0.001628
Middlesex,0.00174,0.001412,0.000682,2.1996,1.0,0.001501
Monmouth,0.00157,0.001274,0.000621,2.2078,1.0,0.00137
Morris,0.00364,0.002954,0.001094,2.2305,1.2755,0.003112
Ocean,0.001208,0.00098,0.000497,2.1822,1.0,0.001085
Passaic,0.003508,0.002847,0.001124,2.1729,1.2483,0.003049
Salem,0.000654,0.000531,0.000273,2.1525,1.0,0.000587
Somerset,0.002436,0.001977,0.000851,2.1996,1.116,0.00209
Sussex,0.001173,0.000952,0.00047,2.2038,1.0,0.001035
Union,0.002021,0.00164,0.000796,2.1996,1.0,0.001752
Warren,0.002959,0.002401,0.000769,2.2232,1.5094,0.002582
