Name,Estimated unvaccinated prevalence,Estimated vaccinated prevalence,Reported prevalence,Underreporting factor,Delay factor,Estimated prevalence
Entire state,0.007482,0.001383,0.001458,2.3572,1.0,0.003437
Atlantic,0.012512,0.002313,0.002598,2.5051,1.0,0.006508
Bergen,0.007045,0.001302,0.001308,2.3336,1.0,0.003052
Burlington,0.009313,0.001722,0.001796,2.3864,1.0,0.004287
Camden,0.009871,0.001825,0.002119,2.3864,1.0,0.005056
Cape May,0.013868,0.002564,0.002597,2.4296,1.0,0.006309
Cumberland,0.008289,0.001532,0.002247,2.3295,1.0,0.005235
Essex,0.004681,0.000865,0.001009,2.2993,1.0,0.002319
Gloucester,0.010512,0.001943,0.002363,2.4327,1.0,0.005747
Hudson,0.004162,0.000769,0.000816,2.2853,1.0,0.001866
Hunterdon,0.005538,0.001024,0.001126,2.3647,1.0,0.002662
Mercer,0.004648,0.000859,0.000993,2.2947,1.0,0.00228
Middlesex,0.005268,0.000974,0.001058,2.3456,1.0,0.002482
Monmouth,0.008078,0.001493,0.001676,2.4035,1.0,0.004028
Morris,0.005899,0.001091,0.001076,2.3295,1.0,0.002505
Ocean,0.010349,0.001913,0.002474,2.497,1.0,0.006177
Passaic,0.005332,0.000986,0.001118,2.3793,1.0,0.00266
Salem,0.00997,0.001843,0.002469,2.4002,1.0066,0.005964
Somerset,0.005594,0.001034,0.001061,2.3456,1.0,0.002489
Sussex,0.009826,0.001817,0.002121,2.4746,1.0,0.005249
Union,0.005154,0.000953,0.0011,2.3038,1.0,0.002534
Warren,0.007861,0.001453,0.001653,2.3609,1.0117,0.003948
