Name,Estimated unvaccinated prevalence,Estimated vaccinated prevalence,Reported prevalence,Underreporting factor,Delay factor,Estimated prevalence
Entire state,0.012885,0.010459,0.004427,2.5126,1.0,0.011123
Atlantic,0.019438,0.015778,0.006474,2.6396,1.0,0.017089
Bergen,0.010514,0.008535,0.003632,2.4863,1.0,0.009031
Burlington,0.015232,0.012364,0.005171,2.5462,1.0,0.013167
Camden,0.014049,0.011404,0.004814,2.5548,1.0,0.012298
Cape May,0.014197,0.011524,0.004857,2.5305,1.0,0.01229
Cumberland,0.026089,0.021177,0.009336,2.5341,1.0,0.023658
Essex,0.007446,0.006044,0.002711,2.3899,1.0,0.006479
Gloucester,0.014854,0.012057,0.005092,2.586,1.0,0.013168
Hudson,0.009449,0.00767,0.003394,2.3947,1.0,0.008127
Hunterdon,0.013552,0.011,0.004591,2.5698,1.0,0.011798
Mercer,0.011786,0.009567,0.00417,2.4645,1.0,0.010276
Middlesex,0.020116,0.016328,0.006601,2.4785,1.0656,0.017432
Monmouth,0.013526,0.010979,0.004649,2.5479,1.0,0.011846
Morris,0.010285,0.008348,0.003546,2.4882,1.0,0.008823
Ocean,0.014423,0.011707,0.005046,2.5747,1.0,0.012992
Passaic,0.011963,0.009711,0.004209,2.4843,1.0,0.010456
Salem,0.014663,0.011903,0.005306,2.4863,1.0,0.013191
Somerset,0.009215,0.00748,0.003192,2.4863,1.0,0.007936
Sussex,0.012521,0.010163,0.004427,2.5033,1.0,0.011083
Union,0.008907,0.00723,0.003196,2.4288,1.0,0.007762
Warren,0.011731,0.009523,0.004066,2.527,1.0,0.010274
