Name,Estimated unvaccinated prevalence,Estimated vaccinated prevalence,Reported prevalence,Underreporting factor,Delay factor,Estimated prevalence
Entire state,0.011085,0.008996,0.00391,2.425,1.0015,0.009497
Atlantic,0.010571,0.008579,0.003592,2.4506,1.0476,0.009221
Bergen,0.013014,0.010561,0.0045,2.4659,1.0,0.011097
Burlington,0.011702,0.009496,0.00404,2.4412,1.0187,0.010046
Camden,0.010999,0.008925,0.00372,2.4283,1.0579,0.009556
Cape May,0.011884,0.009644,0.004324,2.3609,1.0,0.010209
Cumberland,0.007529,0.00611,0.002575,2.275,1.1566,0.006775
Essex,0.010809,0.008771,0.003815,2.3907,1.0218,0.009319
Gloucester,0.009909,0.008041,0.003484,2.446,1.0253,0.008736
Hudson,0.01174,0.009527,0.003978,2.3761,1.0582,0.010003
Hunterdon,0.01015,0.008237,0.003666,2.3943,1.0,0.008779
Mercer,0.010567,0.008575,0.003876,2.357,1.0,0.009135
Middlesex,0.012095,0.009815,0.004242,2.4522,1.0,0.010402
Monmouth,0.012428,0.010085,0.0043,2.4644,1.0207,0.010817
Morris,0.012862,0.010438,0.004426,2.4778,1.0,0.010967
Ocean,0.010082,0.008181,0.003549,2.4065,1.058,0.009036
Passaic,0.00973,0.007896,0.003489,2.4167,1.0,0.008433
Salem,0.006469,0.005249,0.002388,2.4217,1.0,0.005784
Somerset,0.011892,0.00965,0.004122,2.4674,1.0,0.010172
Sussex,0.009648,0.007829,0.003474,2.446,1.0,0.008496
Union,0.010174,0.008256,0.003575,2.4065,1.0221,0.008794
Warren,0.010225,0.008298,0.00341,2.4491,1.0655,0.008899
