Name,Estimated unvaccinated prevalence,Estimated vaccinated prevalence,Reported prevalence,Underreporting factor,Delay factor,Estimated prevalence
Entire state,0.001954,0.001954,0.000417,2.3434,2.0,0.001954
Churchill,0.000826,0.000826,0.000361,2.2853,1.0,0.000826
Clark,0.001253,0.001253,0.000268,2.3388,2.0,0.001253
Douglas,0.001131,0.001131,0.00047,2.4047,1.0,0.001131
Elko,0.002237,0.002237,0.000587,2.6659,1.4286,0.002237
Esmeralda,0.002684,0.002684,0.001145,2.3434,1.0,0.002684
Eureka,0.003465,0.003465,0.001479,2.3434,1.0,0.003465
Humboldt,0.0012,0.0012,0.000535,2.2439,1.0,0.0012
Lander,0.001381,0.001381,0.000542,2.5463,1.0,0.001381
Lincoln,0.004973,0.004973,0.002122,2.3434,1.0,0.004973
Lyon,0.001168,0.001168,0.000365,2.3995,1.3333,0.001168
Mineral,0.000489,0.000489,0.000222,2.2043,1.0,0.000489
Nye,0.000402,0.000402,0.000172,2.3357,1.0,0.000402
Pershing,0.003349,0.003349,0.000892,2.2523,1.6667,0.003349
Storey,0.000568,0.000568,0.000243,2.3434,1.0,0.000568
Washoe,0.000973,0.000973,0.000409,2.3767,1.0,0.000973
White Pine,0.004744,0.004744,0.001044,2.2722,2.0,0.004744
Carson City,0.001257,0.001257,0.000537,2.3434,1.0,0.001257
