Name,Estimated unvaccinated prevalence,Estimated vaccinated prevalence,Reported prevalence,Underreporting factor,Delay factor,Estimated prevalence
Entire state,0.003788,0.003788,0.001638,2.313,1.0,0.003788
Atlantic,0.003943,0.003943,0.001684,2.3414,1.0,0.003943
Bergen,0.004065,0.004065,0.001759,2.3103,1.0,0.004065
Burlington,0.003782,0.003782,0.001574,2.3103,1.0401,0.003782
Camden,0.003862,0.003862,0.001578,2.313,1.0584,0.003862
Cape May,0.009436,0.009436,0.002553,2.2742,1.625,0.009436
Cumberland,0.00851,0.00851,0.002969,2.2773,1.2585,0.00851
Essex,0.003957,0.003957,0.001693,2.3365,1.0,0.003957
Gloucester,0.003076,0.003076,0.001324,2.3237,1.0,0.003076
Hudson,0.003651,0.003651,0.00156,2.3402,1.0,0.003651
Hunterdon,0.003015,0.003015,0.001303,2.3144,1.0,0.003015
Mercer,0.004081,0.004081,0.001791,2.2788,1.0,0.004081
Middlesex,0.003549,0.003549,0.001515,2.3427,1.0,0.003549
Monmouth,0.003967,0.003967,0.001703,2.3288,1.0,0.003967
Morris,0.003231,0.003231,0.001376,2.3476,1.0,0.003231
Ocean,0.003441,0.003441,0.001494,2.3034,1.0,0.003441
Passaic,0.004328,0.004328,0.001849,2.3402,1.0,0.004328
Salem,0.010926,0.010926,0.002372,2.3184,1.9865,0.010926
Somerset,0.003328,0.003328,0.001423,2.339,1.0,0.003328
Sussex,0.004419,0.004419,0.00168,2.3171,1.1353,0.004419
Union,0.003855,0.003855,0.001661,2.321,1.0,0.003855
Warren,0.003356,0.003356,0.001453,2.309,1.0,0.003356
