Name,Estimated unvaccinated prevalence,Estimated vaccinated prevalence,Reported prevalence,Underreporting factor,Delay factor,Estimated prevalence
Entire state,0.001237,0.001003,0.000481,2.279,1.0,0.001096
Bernalillo,0.001388,0.001125,0.000529,2.3073,1.0,0.00122
Catron,0.000726,0.000589,0.000284,2.3617,1.0,0.00067
Chaves,0.000384,0.000311,0.000155,2.2906,1.0,0.000355
Cibola,0.002254,0.001829,0.000862,2.3179,1.0,0.001999
Colfax,0.000443,0.000359,0.000167,2.3571,1.0,0.000395
Curry,0.001016,0.000824,0.000409,2.27,1.0,0.000927
De Baca,0.003048,0.002472,0.001144,2.4288,1.0,0.002779
Dona Ana,0.001353,0.001097,0.000509,2.3453,1.0,0.001193
Eddy,0.000554,0.000449,0.000222,2.2935,1.0,0.00051
Grant,0.00251,0.002036,0.000926,2.3967,1.0,0.002219
Guadalupe,0.001435,0.001164,0.000465,2.7258,1.0,0.001268
Harding,0.005277,0.00428,0.0016,2.9969,1.0,0.004795
Hidalgo,0.001242,0.001008,0.000476,2.3548,1.0,0.001122
Lea,0.000547,0.000444,0.000225,2.2442,1.0,0.000505
Lincoln,0.001716,0.001392,0.000664,2.3256,1.0,0.001545
Los Alamos,0.001367,0.001109,0.000516,2.2906,1.0,0.001183
Luna,0.000759,0.000616,0.000295,2.2574,1.0,0.000666
McKinley,0.001979,0.001605,0.000715,2.413,1.0,0.001724
Mora,0.004623,0.003749,0.000885,2.3256,2.0,0.004115
Otero,0.000665,0.000539,0.000267,2.279,1.0,0.000608
Quay,0.002266,0.001838,0.000848,2.4568,1.0,0.002084
Rio Arriba,0.002353,0.001908,0.000822,2.411,1.0333,0.002048
Roosevelt,0.000806,0.000653,0.000324,2.3152,1.0,0.000751
Sandoval,0.001682,0.001364,0.000641,2.3073,1.0,0.001478
San Juan,0.00127,0.00103,0.000484,2.31,1.0,0.001118
San Miguel,0.001342,0.001089,0.000513,2.3152,1.0,0.001188
Santa Fe,0.002137,0.001733,0.000778,2.3752,1.0,0.001848
Sierra,0.000873,0.000708,0.000371,2.0814,1.0,0.000772
Socorro,0.000151,0.000122,6e-05,2.2338,1.0,0.000134
Taos,0.001174,0.000952,0.000458,2.2075,1.0,0.001012
Torrance,0.000471,0.000382,0.000194,2.2442,1.0,0.000435
Union,0.000647,0.000524,0.000246,2.3967,1.0,0.00059
Valencia,0.001251,0.001015,0.000482,2.3281,1.0,0.001123
