Name,Estimated unvaccinated prevalence,Estimated vaccinated prevalence,Reported prevalence,Underreporting factor,Delay factor,Estimated prevalence
Entire state,0.008798,0.001626,0.001707,2.3867,1.0,0.004074
Atlantic,0.013999,0.002588,0.002898,2.534,1.0,0.007342
Bergen,0.007525,0.001391,0.001369,2.3569,1.0208,0.003293
Burlington,0.010013,0.001851,0.001933,2.4007,1.0035,0.004658
Camden,0.01186,0.002193,0.002367,2.4076,1.0764,0.006135
Cape May,0.013881,0.002566,0.002586,2.4706,1.0,0.006389
Cumberland,0.009078,0.001678,0.002434,2.3758,1.0,0.005783
Essex,0.006004,0.00111,0.001312,2.2976,1.0,0.003014
Gloucester,0.012744,0.002356,0.002664,2.4964,1.0572,0.007032
Hudson,0.005467,0.001011,0.001084,2.293,1.0,0.002486
Hunterdon,0.00666,0.001231,0.001335,2.349,1.0312,0.003233
Mercer,0.005854,0.001082,0.001263,2.2976,1.0,0.002902
Middlesex,0.007448,0.001377,0.001492,2.3758,1.0,0.003545
Monmouth,0.009667,0.001787,0.002009,2.4242,1.0,0.00487
Morris,0.006465,0.001195,0.001191,2.3244,1.0,0.002769
Ocean,0.012319,0.002277,0.002838,2.4936,1.0462,0.007403
Passaic,0.007436,0.001375,0.001544,2.3937,1.0157,0.003755
Salem,0.013555,0.002506,0.002533,2.5493,1.2661,0.008175
Somerset,0.006402,0.001183,0.001216,2.3645,1.0,0.002875
Sussex,0.013526,0.002501,0.00232,2.4526,1.2795,0.007282
Union,0.006127,0.001133,0.001303,2.341,1.0,0.003051
Warren,0.007736,0.00143,0.001643,2.3902,1.0,0.003928
