Name,Estimated unvaccinated prevalence,Estimated vaccinated prevalence,Reported prevalence,Underreporting factor,Delay factor,Estimated prevalence
Entire state,0.008347,0.006769,0.003012,2.4792,1.0,0.007468
Bernalillo,0.007301,0.005921,0.00262,2.444,1.0,0.006402
Catron,0.007264,0.005892,0.002268,2.527,1.1667,0.006687
Chaves,0.008285,0.006719,0.003219,2.3735,1.0,0.00764
Cibola,0.008794,0.007132,0.003149,2.4678,1.0,0.007771
Colfax,0.003169,0.002569,0.001089,2.5884,1.0,0.002818
Curry,0.008228,0.006673,0.002921,2.5655,1.0,0.007494
De Baca,0.004663,0.003787,0.001716,2.4792,1.0,0.004255
Dona Ana,0.01215,0.009854,0.003864,2.5559,1.0809,0.010673
Eddy,0.011149,0.009042,0.003182,2.5438,1.2671,0.010256
Grant,0.010119,0.008206,0.003704,2.4103,1.0,0.008928
Guadalupe,0.01534,0.012438,0.003023,2.2402,2.0,0.013546
Harding,0.004365,0.003538,0.0016,2.4792,1.0,0.003967
Hidalgo,0.006704,0.005437,0.002382,2.536,1.0,0.006041
Lea,0.009335,0.007571,0.003475,2.4779,1.0,0.008612
Lincoln,0.010274,0.008333,0.003628,2.546,1.0,0.009236
Los Alamos,0.007638,0.006195,0.002633,2.4989,1.0,0.00658
Luna,0.011855,0.009614,0.003923,2.444,1.0824,0.010376
McKinley,0.015697,0.01273,0.004694,2.6056,1.106,0.013527
Mora,0.00416,0.003373,0.001548,2.3908,1.0,0.003702
Otero,0.006269,0.005084,0.002415,2.3686,1.0,0.005721
Quay,0.009143,0.007418,0.003272,2.5634,1.0,0.008386
Rio Arriba,0.009167,0.007434,0.003032,2.6251,1.0,0.007959
Roosevelt,0.013992,0.011348,0.005135,2.5372,1.0,0.013029
Sandoval,0.007944,0.006443,0.002862,2.4317,1.0,0.00696
San Juan,0.011162,0.009053,0.003808,2.5698,1.0,0.009785
San Miguel,0.004754,0.003855,0.001833,2.2922,1.0,0.004202
Santa Fe,0.008347,0.006769,0.00294,2.4467,1.0,0.007193
Sierra,0.0032,0.002595,0.001297,2.1768,1.0,0.002824
Socorro,0.005684,0.004609,0.001984,2.5493,1.0,0.005057
Taos,0.00398,0.003228,0.001436,2.3814,1.0,0.00342
Torrance,0.004484,0.003637,0.001617,2.3433,1.0909,0.004133
Union,0.004018,0.003258,0.001478,2.4805,1.0,0.003667
Valencia,0.008418,0.006827,0.003012,2.5025,1.0,0.007538
