Name,Estimated unvaccinated prevalence,Estimated vaccinated prevalence,Reported prevalence,Underreporting factor,Delay factor,Estimated prevalence
Entire state,0.003172,0.002581,0.001133,2.5048,1.0,0.002838
Churchill,0.004106,0.003341,0.001526,2.4173,1.0,0.003688
Clark,0.003168,0.002578,0.001129,2.4989,1.0,0.002821
Douglas,0.002281,0.001856,0.000797,2.5822,1.0,0.002059
Elko,0.002655,0.00216,0.000928,2.6276,1.0,0.002439
Esmeralda,0.006223,0.00506,0.002291,2.5048,1.0,0.005738
Eureka,0.001418,0.001154,0.000493,2.7284,1.0,0.001345
Humboldt,0.000724,0.000589,0.000297,2.2417,1.0,0.000666
Lander,0.00098,0.000798,0.000362,2.5048,1.0,0.000906
Lincoln,0.001042,0.000848,0.000386,2.5048,1.0,0.000967
Lyon,0.003162,0.002573,0.001113,2.6154,1.0,0.002911
Mineral,0.010598,0.008621,0.00222,2.3503,1.8,0.009391
Nye,0.001656,0.001348,0.000602,2.5082,1.0,0.00151
Pershing,0.001868,0.001521,0.000743,2.3419,1.0,0.001741
Storey,0.000598,0.000487,0.000243,2.3602,1.0,0.000572
Washoe,0.003977,0.003236,0.001319,2.6477,1.0,0.003493
White Pine,0.000599,0.000487,0.000209,2.5782,1.0,0.000538
Carson City,0.004182,0.003403,0.001377,2.6664,1.0,0.003672
