Name,Estimated unvaccinated prevalence,Estimated vaccinated prevalence,Reported prevalence,Underreporting factor,Delay factor,Estimated prevalence
Entire state,0.010775,0.008744,0.003804,2.4262,1.0,0.00923
Atlantic,0.009769,0.007928,0.003478,2.4501,1.0,0.008521
Bergen,0.012689,0.010297,0.004389,2.4654,1.0,0.010819
Burlington,0.011651,0.009455,0.003999,2.4407,1.0248,0.010002
Camden,0.011558,0.009379,0.003757,2.4278,1.1007,0.010041
Cape May,0.011225,0.009109,0.004085,2.3605,1.0,0.009643
Cumberland,0.00766,0.006216,0.002581,2.2747,1.1738,0.006892
Essex,0.01065,0.008642,0.003742,2.3902,1.0264,0.009182
Gloucester,0.010627,0.008624,0.003522,2.4454,1.088,0.00937
Hudson,0.010968,0.0089,0.003834,2.3757,1.0259,0.009344
Hunterdon,0.009036,0.007332,0.003264,2.3938,1.0,0.007814
Mercer,0.01021,0.008285,0.003745,2.3566,1.0,0.008825
Middlesex,0.01191,0.009665,0.004178,2.4517,1.0,0.010243
Monmouth,0.012368,0.010037,0.004299,2.4639,1.0164,0.010765
Morris,0.012098,0.009817,0.004164,2.4772,1.0,0.010315
Ocean,0.009112,0.007395,0.003394,2.406,1.0,0.008167
Passaic,0.009389,0.007619,0.003368,2.4162,1.0,0.008137
Salem,0.006207,0.005037,0.002292,2.4212,1.0,0.00555
Somerset,0.011127,0.009029,0.003858,2.4669,1.0,0.009517
Sussex,0.008875,0.007202,0.003196,2.4454,1.0,0.007816
Union,0.010694,0.008678,0.003528,2.406,1.0888,0.009243
Warren,0.00858,0.006962,0.003049,2.4486,1.0,0.007467
