Name,Estimated unvaccinated prevalence,Estimated vaccinated prevalence,Reported prevalence,Underreporting factor,Delay factor,Estimated prevalence
Entire state,0.00144,0.001172,0.000538,2.3971,1.0,0.001289
Churchill,0.00287,0.002335,0.000843,2.4458,1.25,0.002577
Clark,0.001126,0.000916,0.000424,2.3635,1.0,0.001002
Douglas,0.00063,0.000512,0.000225,2.5269,1.0,0.000568
Elko,0.000983,0.000799,0.000322,2.452,1.1429,0.000903
Esmeralda,0.002978,0.002421,0.001145,2.3971,1.0,0.002746
Eureka,0.001427,0.001161,0.000493,2.7451,1.0,0.001353
Humboldt,0.000883,0.000719,0.000356,2.2788,1.0,0.000812
Lander,0.005629,0.004579,0.001085,2.3971,2.0,0.0052
Lincoln,0.000499,0.000406,0.000193,2.3971,1.0,0.000462
Lyon,0.001377,0.00112,0.000504,2.513,1.0,0.001267
Mineral,0.00593,0.004825,0.00111,2.3665,2.0,0.005253
Nye,0.007758,0.006313,0.001591,2.5576,1.7381,0.007071
Pershing,0.001515,0.001233,0.000595,2.3726,1.0,0.001411
Storey,0.000608,0.000495,0.000243,2.3971,1.0,0.000581
Washoe,0.00307,0.002498,0.00106,2.5414,1.0,0.002695
White Pine,0.000546,0.000444,0.000209,2.3511,1.0,0.000491
Carson City,0.001653,0.001345,0.000572,2.5352,1.0,0.001451
