Name,Estimated unvaccinated prevalence,Estimated vaccinated prevalence,Reported prevalence,Underreporting factor,Delay factor,Estimated prevalence
Entire state,0.001249,0.001013,0.000481,2.3014,1.0,0.001106
Bernalillo,0.001381,0.00112,0.000529,2.2959,1.0,0.001214
Catron,0.000726,0.000589,0.000284,2.3613,1.0,0.000669
Chaves,0.000376,0.000305,0.000155,2.2472,1.0,0.000348
Cibola,0.002228,0.001807,0.000862,2.2903,1.0,0.001975
Colfax,0.000418,0.000339,0.000167,2.2226,1.0,0.000372
Curry,0.001002,0.000812,0.000409,2.237,1.0,0.000914
De Baca,0.003047,0.002472,0.001144,2.4282,1.0,0.002778
Dona Ana,0.001344,0.00109,0.000509,2.3302,1.0,0.001185
Eddy,0.000542,0.000439,0.000222,2.2439,1.0,0.000499
Grant,0.002526,0.002049,0.000926,2.4125,1.0,0.002234
Guadalupe,0.001329,0.001078,0.000465,2.5253,1.0,0.001175
Harding,0.005274,0.004278,0.0016,2.9956,1.0,0.004793
Hidalgo,0.001216,0.000986,0.000476,2.3042,1.0,0.001098
Lea,0.000539,0.000437,0.000225,2.2112,1.0,0.000498
Lincoln,0.001718,0.001393,0.000664,2.3277,1.0,0.001546
Los Alamos,0.00131,0.001063,0.000516,2.1949,1.0,0.001133
Luna,0.000742,0.000602,0.000295,2.2073,1.0,0.000652
McKinley,0.001989,0.001613,0.000715,2.4244,1.0,0.001732
Mora,0.004346,0.003525,0.000885,2.1863,2.0,0.003869
Otero,0.000645,0.000523,0.000267,2.2112,1.0,0.00059
Quay,0.002138,0.001734,0.000848,2.3175,1.0,0.001966
Rio Arriba,0.002348,0.001905,0.000822,2.4065,1.0333,0.002044
Roosevelt,0.000783,0.000635,0.000324,2.2506,1.0,0.00073
Sandoval,0.001678,0.001361,0.000641,2.3014,1.0,0.001474
San Juan,0.001259,0.001021,0.000484,2.2903,1.0,0.001109
San Miguel,0.001309,0.001061,0.000513,2.2571,1.0,0.001158
Santa Fe,0.002132,0.00173,0.000778,2.3703,1.0,0.001844
Sierra,0.000873,0.000708,0.000371,2.0813,1.0,0.000771
Socorro,0.00015,0.000121,6e-05,2.2189,1.0,0.000133
Taos,0.001174,0.000952,0.000458,2.2073,1.0,0.001012
Torrance,0.000473,0.000384,0.000194,2.2571,1.0,0.000438
Union,0.000604,0.00049,0.000246,2.237,1.0,0.000551
Valencia,0.001231,0.000998,0.000482,2.2903,1.0,0.001105
