Name,Estimated unvaccinated prevalence,Estimated vaccinated prevalence,Reported prevalence,Underreporting factor,Delay factor,Estimated prevalence
Entire state,0.003483,0.003483,0.000901,2.4268,1.5937,0.003483
Churchill,0.000857,0.000857,0.000361,2.3722,1.0,0.000857
Clark,0.004143,0.004143,0.000844,2.4532,2.0,0.004143
Douglas,0.000659,0.000659,0.000266,2.2713,1.0909,0.000659
Elko,0.001285,0.001285,0.000265,2.4222,2.0,0.001285
Esmeralda,0.00556,0.00556,0.002291,2.4268,1.0,0.00556
Eureka,0.002392,0.002392,0.000986,2.4268,1.0,0.002392
Humboldt,0.001324,0.001324,0.000297,2.2287,2.0,0.001324
Lander,0.003948,0.003948,0.001627,2.4268,1.0,0.003948
Lincoln,0.002341,0.002341,0.000965,2.4268,1.0,0.002341
Lyon,0.001205,0.001205,0.000504,2.3887,1.0,0.001205
Mineral,0.001507,0.001507,0.000666,2.2623,1.0,0.001507
Nye,0.002696,0.002696,0.000537,2.5086,2.0,0.002696
Pershing,0.001548,0.001548,0.000595,2.6027,1.0,0.001548
Storey,0.003532,0.003532,0.000728,2.4268,2.0,0.003532
Washoe,0.001265,0.001265,0.000528,2.3962,1.0,0.001265
White Pine,0.001136,0.001136,0.000522,2.1761,1.0,0.001136
Carson City,0.001172,0.001172,0.000519,2.2604,1.0,0.001172
