Name,Population,Cases in past week,Reported prevalence,Underreporting factor,Delay factor,Estimated prevalence
Entire state,1359711,613,0.00045156654612634595,6,1.150093808630394,0.0031160633333071302
Belknap,61303,30,0.0005056848767597018,6,1.875,0.005688954863546645
Carroll,48910,5,0.0001226742997342057,6,2.5,0.0018401144960130853
Cheshire,76085,10,0.0001445751462180456,6,1.0,0.0008674508773082736
Coos,31563,6,0.00022177866489243733,6,1.0,0.0013306719893546241
Grafton,89886,14,0.00016687804552433083,6,1.0,0.001001268273145985
Hillsborough,417025,248,0.0005970865056051795,6,1.1324200913242009,0.004056916531235192
Merrimack,151391,87,0.0005812762977984161,6,1.2253521126760563,0.004273608837334833
Rockingham,309769,155,0.0005036010704750959,6,1.0616438356164384,0.0032078698324783505
Strafford,130633,47,0.00036744161123146527,6,1.3055555555555556,0.0028782926213131448
Sullivan,43146,7,0.00018541695638066101,6,2.3333333333333335,0.0025958373893292547
