Name,Estimated unvaccinated prevalence,Estimated vaccinated prevalence,Reported prevalence,Underreporting factor,Delay factor,Estimated prevalence
Entire state,0.024462,0.004512,0.003815,2.6768,1.0,0.010211
Bernalillo,0.019057,0.003515,0.003456,2.6584,1.0,0.009187
Catron,0.019525,0.003601,0.002552,2.5348,2.0,0.012936
Chaves,0.014057,0.002593,0.0039,2.4409,1.0,0.00952
Cibola,0.02131,0.00393,0.003261,2.6181,1.2464,0.010643
Colfax,0.013065,0.00241,0.002512,2.7695,1.0,0.006958
Curry,0.011391,0.002101,0.002901,2.5451,1.0,0.007383
De Baca,0.035028,0.006461,0.007437,2.9501,1.0,0.02194
Dona Ana,0.031761,0.005858,0.005756,2.7292,1.0,0.01571
Eddy,0.010318,0.001903,0.002515,2.7384,1.0,0.006886
Grant,0.029206,0.005387,0.00563,2.6035,1.0,0.014658
Guadalupe,0.016321,0.00301,0.003256,2.4867,1.0,0.008096
Harding,0.007209,0.00133,0.0016,2.7474,1.0,0.004396
Hidalgo,0.008559,0.001579,0.001906,2.6145,1.0,0.004982
Lea,0.006411,0.001182,0.001463,2.5242,1.1705,0.004323
Lincoln,0.019918,0.003674,0.004087,2.7504,1.0,0.011242
Los Alamos,0.005297,0.000977,0.000878,2.498,1.0,0.002192
Luna,0.018401,0.003394,0.003543,2.5613,1.0,0.009075
McKinley,0.024262,0.004475,0.003853,2.7489,1.0,0.010592
Mora,0.014117,0.002604,0.002654,2.5573,1.1,0.007467
Otero,0.012082,0.002228,0.00286,2.7277,1.0,0.0078
Quay,0.051231,0.009449,0.010178,3.0591,1.0921,0.034003
Rio Arriba,0.02304,0.004249,0.003597,2.8036,1.0,0.010085
Roosevelt,0.013325,0.002458,0.003568,2.6784,1.0,0.009555
Sandoval,0.023365,0.00431,0.004177,2.6584,1.0,0.011105
San Juan,0.028375,0.005233,0.005171,2.7399,1.0,0.014168
San Miguel,0.01533,0.002828,0.00319,2.4484,1.0,0.007809
Santa Fe,0.015373,0.002835,0.002381,2.6516,1.0,0.006313
Sierra,0.026335,0.004857,0.005097,2.5885,1.0,0.013193
Socorro,0.051619,0.009521,0.008054,2.7592,1.2315,0.027368
Taos,0.014018,0.002586,0.002139,2.5923,1.0,0.005545
Torrance,0.013694,0.002526,0.003428,2.7353,1.0,0.009377
Union,0.013342,0.002461,0.002956,2.7724,1.0,0.008196
Valencia,0.02117,0.003905,0.004355,2.7338,1.0,0.011907
