Name,Estimated unvaccinated prevalence,Estimated vaccinated prevalence,Reported prevalence,Underreporting factor,Delay factor,Estimated prevalence
Entire state,0.010592,0.001994,0.002325,2.6105,1.0,0.00607
Churchill,0.034279,0.006454,0.006664,2.6223,1.32,0.023068
Clark,0.007058,0.001329,0.001665,2.566,1.0,0.004273
Douglas,0.020191,0.003801,0.004294,2.9158,1.0,0.012521
Elko,0.01813,0.003413,0.00396,2.8998,1.1492,0.013196
Esmeralda,0.008128,0.00153,0.002291,2.4916,1.0,0.005708
Eureka,0.051729,0.009739,0.008379,2.5062,2.0,0.041997
Humboldt,0.014357,0.002703,0.003743,2.7379,1.0,0.010248
Lander,0.030127,0.005672,0.005061,2.2159,2.0,0.022431
Lincoln,0.012362,0.002327,0.003859,2.366,1.0,0.00913
Lyon,0.029106,0.00548,0.006573,2.8701,1.0991,0.020735
Mineral,0.033162,0.006244,0.007103,2.7876,1.0,0.019801
Nye,0.006396,0.001204,0.001612,2.6953,1.0,0.004345
Pershing,0.016982,0.003197,0.002677,2.3497,2.0,0.012578
Storey,0.01547,0.002913,0.002183,3.0168,2.0,0.01317
Washoe,0.020824,0.003921,0.004074,2.7726,1.0,0.011296
White Pine,0.000397,7.5e-05,0.000104,2.4145,1.0,0.000252
Carson City,0.024027,0.004524,0.004543,2.652,1.0812,0.013025
