Name,Estimated unvaccinated prevalence,Estimated vaccinated prevalence,Reported prevalence,Underreporting factor,Delay factor,Estimated prevalence
Entire state,0.003553,0.002892,0.001313,2.3951,1.0047,0.003159
Churchill,0.007263,0.005912,0.002529,2.5879,1.0,0.006545
Clark,0.003571,0.002907,0.001192,2.3554,1.1382,0.003196
Douglas,0.003067,0.002496,0.001043,2.6636,1.0,0.002778
Elko,0.001846,0.001503,0.000682,2.4974,1.0,0.001703
Esmeralda,0.009758,0.007942,0.003436,2.6241,1.0,0.009017
Eureka,0.002486,0.002024,0.000986,2.3951,1.0,0.002361
Humboldt,0.003688,0.003002,0.001485,2.2932,1.0,0.003406
Lander,0.015696,0.012776,0.005785,2.513,1.0,0.014536
Lincoln,0.001005,0.000818,0.000386,2.4188,1.0,0.000933
Lyon,0.004686,0.003814,0.001617,2.6754,1.0,0.004326
Mineral,0.006887,0.005606,0.00222,2.7746,1.0,0.006159
Nye,0.013591,0.011062,0.002708,2.607,1.7606,0.012431
Pershing,0.008522,0.006937,0.001784,2.2294,2.0,0.007956
Storey,0.003891,0.003167,0.001455,2.5651,1.0,0.003733
Washoe,0.004899,0.003988,0.001709,2.5061,1.0088,0.004321
White Pine,0.002345,0.001908,0.000835,2.5331,1.0,0.002115
Carson City,0.004584,0.003731,0.001538,2.6297,1.0,0.004044
