Name,Estimated unvaccinated prevalence,Estimated vaccinated prevalence,Reported prevalence,Underreporting factor,Delay factor,Estimated prevalence
Entire state,0.00095,0.00095,0.000384,2.3154,1.0678,0.00095
Churchill,0.001305,0.001305,0.000442,2.3638,1.25,0.001305
Clark,0.000975,0.000975,0.000376,2.3116,1.1211,0.000975
Douglas,0.000469,0.000469,0.000204,2.2948,1.0,0.000469
Elko,0.002275,0.002275,0.000455,2.6099,1.9167,0.002275
Esmeralda,0.002652,0.002652,0.001145,2.3154,1.0,0.002652
Eureka,0.002282,0.002282,0.000986,2.3154,1.0,0.002282
Humboldt,0.001182,0.001182,0.000535,2.2113,1.0,0.001182
Lander,0.001674,0.001674,0.000723,2.3154,1.0,0.001674
Lincoln,0.000447,0.000447,0.000193,2.3154,1.0,0.000447
Lyon,0.00086,0.00086,0.000365,2.3551,1.0,0.00086
Mineral,0.001579,0.001579,0.000666,2.3713,1.0,0.001579
Nye,0.000911,0.000911,0.000236,2.3129,1.6667,0.000911
Pershing,0.000663,0.000663,0.000297,2.2291,1.0,0.000663
Storey,0.000562,0.000562,0.000243,2.3154,1.0,0.000562
Washoe,0.001069,0.001069,0.000447,2.3888,1.0,0.001069
White Pine,0.000913,0.000913,0.000418,2.1856,1.0,0.000913
Carson City,0.001372,0.001372,0.00059,2.3252,1.0,0.001372
