Name,Estimated unvaccinated prevalence,Estimated vaccinated prevalence,Reported prevalence,Underreporting factor,Delay factor,Estimated prevalence
Entire state,0.02161,0.003983,0.003399,2.5213,1.1411,0.00978
Bernalillo,0.013922,0.002566,0.002462,2.4851,1.126,0.006889
Catron,0.020203,0.003724,0.004536,3.0046,1.0,0.01363
Chaves,0.010174,0.001875,0.003002,2.3267,1.0,0.006986
Cibola,0.013206,0.002434,0.002737,2.4699,1.0,0.006759
Colfax,0.029259,0.005393,0.005527,2.5143,1.1404,0.015847
Curry,0.007468,0.001376,0.001961,2.5119,1.0,0.004926
De Baca,0.096081,0.017709,0.012014,2.5594,2.0,0.061497
Dona Ana,0.023963,0.004417,0.003882,2.5119,1.2533,0.012221
Eddy,0.009065,0.001671,0.002412,2.5529,1.0,0.006157
Grant,0.048602,0.008958,0.009371,2.659,1.0,0.024918
Guadalupe,0.012115,0.002233,0.00186,2.3377,1.4,0.006089
Harding,0.006629,0.001222,0.0016,2.5507,1.0,0.004081
Hidalgo,0.042813,0.007891,0.005479,2.5305,1.8333,0.025418
Lea,0.005146,0.000948,0.001435,2.4514,1.0,0.003518
Lincoln,0.036575,0.006741,0.006233,2.7035,1.2474,0.021022
Los Alamos,0.008967,0.001653,0.000826,2.3154,2.0,0.003825
Luna,0.021642,0.003989,0.003923,2.6384,1.0698,0.011071
McKinley,0.038088,0.00702,0.005605,2.6479,1.1735,0.017416
Mora,0.024422,0.004501,0.002654,2.7052,1.8333,0.013164
Otero,0.027227,0.005018,0.00569,2.6754,1.1713,0.017829
Quay,0.011141,0.002053,0.002787,2.6843,1.0,0.007481
Rio Arriba,0.035452,0.006534,0.00501,2.6681,1.205,0.016108
Roosevelt,0.021472,0.003958,0.004,2.5071,1.5532,0.015576
Sandoval,0.013587,0.002504,0.002542,2.4621,1.0659,0.00667
San Juan,0.05622,0.010362,0.009011,2.6754,1.213,0.029244
San Miguel,0.011302,0.002083,0.002346,2.3878,1.05,0.005883
Santa Fe,0.012576,0.002318,0.001796,2.4433,1.2227,0.005365
Sierra,0.021116,0.003892,0.003336,2.418,1.3462,0.010859
Socorro,0.009953,0.001835,0.002164,2.4801,1.0,0.005367
Taos,0.02894,0.005334,0.003606,2.5616,1.2857,0.011876
Torrance,0.016228,0.002991,0.002587,2.6754,1.625,0.011248
Union,0.005879,0.001084,0.001232,2.9189,1.0,0.003596
Valencia,0.016607,0.003061,0.00313,2.495,1.2194,0.009521
