Name,Estimated unvaccinated prevalence,Estimated vaccinated prevalence,Reported prevalence,Underreporting factor,Delay factor,Estimated prevalence
Entire state,0.001962,0.001962,0.000417,2.3531,2.0,0.001962
Churchill,0.000857,0.000857,0.000361,2.3719,1.0,0.000857
Clark,0.001252,0.001252,0.000268,2.3379,2.0,0.001252
Douglas,0.001133,0.001133,0.00047,2.4094,1.0,0.001133
Elko,0.002219,0.002219,0.000587,2.6449,1.4286,0.002219
Esmeralda,0.002695,0.002695,0.001145,2.3531,1.0,0.002695
Eureka,0.003479,0.003479,0.001479,2.3531,1.0,0.003479
Humboldt,0.001246,0.001246,0.000535,2.3301,1.0,0.001246
Lander,0.001531,0.001531,0.000542,2.8233,1.0,0.001531
Lincoln,0.004994,0.004994,0.002122,2.3531,1.0,0.004994
Lyon,0.001161,0.001161,0.000365,2.3843,1.3333,0.001161
Mineral,0.000489,0.000489,0.000222,2.2047,1.0,0.000489
Nye,0.000424,0.000424,0.000172,2.4668,1.0,0.000424
Pershing,0.003382,0.003382,0.000892,2.2746,1.6667,0.003382
Storey,0.000571,0.000571,0.000243,2.3531,1.0,0.000571
Washoe,0.000977,0.000977,0.000409,2.3857,1.0,0.000977
White Pine,0.004791,0.004791,0.001044,2.2949,2.0,0.004791
Carson City,0.001258,0.001258,0.000537,2.3441,1.0,0.001258
