Name,Estimated unvaccinated prevalence,Estimated vaccinated prevalence,Reported prevalence,Underreporting factor,Delay factor,Estimated prevalence
Entire state,0.01143,0.002103,0.002178,2.4526,1.0,0.005342
Bernalillo,0.008059,0.001483,0.001699,2.4303,1.0,0.00413
Catron,0.00299,0.00055,0.000851,2.3999,1.0,0.002041
Chaves,0.012078,0.002223,0.003606,2.3473,1.0,0.008464
Cibola,0.014119,0.002598,0.002549,2.4678,1.1754,0.007395
Colfax,0.019017,0.0035,0.004438,2.3746,1.0,0.010539
Curry,0.012902,0.002374,0.003391,2.6245,1.0,0.0089
De Baca,0.002063,0.00038,0.000572,2.3433,1.0,0.001341
Dona Ana,0.008957,0.001648,0.001929,2.44,1.0,0.004708
Eddy,0.015631,0.002876,0.004225,2.5898,1.0,0.010942
Grant,0.009101,0.001675,0.001741,2.4336,1.122,0.004753
Guadalupe,0.009739,0.001792,0.002093,2.3964,1.0,0.005016
Harding,0.012452,0.002291,0.0032,2.4526,1.0,0.007848
Hidalgo,0.007449,0.001371,0.001906,2.3708,1.0,0.004518
Lea,0.023178,0.004265,0.006149,2.6509,1.0,0.0163
Lincoln,0.023422,0.00431,0.005212,2.6509,1.0,0.013815
Los Alamos,0.002579,0.000475,0.000516,2.2051,1.0,0.001138
Luna,0.004645,0.000855,0.001054,2.3265,1.0,0.002453
McKinley,0.008415,0.001549,0.001667,2.4432,1.0,0.004074
Mora,0.013688,0.002519,0.003097,2.4463,1.0,0.007575
Otero,0.009598,0.001766,0.002578,2.5025,1.0,0.006452
Quay,0.021675,0.003989,0.005574,2.6679,1.0,0.01487
Rio Arriba,0.01002,0.001844,0.001953,2.4336,1.0,0.004752
Roosevelt,0.006598,0.001214,0.001946,2.5136,1.0,0.004891
Sandoval,0.008762,0.001613,0.001826,2.4368,1.0,0.00445
San Juan,0.011453,0.002108,0.002541,2.4137,1.0129,0.006213
San Miguel,0.015877,0.002922,0.003409,2.4884,1.0,0.008484
Santa Fe,0.00521,0.000959,0.000978,2.3553,1.0,0.002303
Sierra,0.010667,0.001963,0.002409,2.3265,1.0,0.005606
Socorro,0.005102,0.000939,0.001202,2.335,1.0,0.002807
Taos,0.006959,0.001281,0.001253,2.3708,1.0,0.00297
Torrance,0.017871,0.003289,0.003881,2.6886,1.2041,0.012563
Union,0.015014,0.002763,0.003449,2.7027,1.0,0.009322
Valencia,0.008247,0.001518,0.001956,2.4855,1.0,0.004862
