Name,Estimated unvaccinated prevalence,Estimated vaccinated prevalence,Reported prevalence,Underreporting factor,Delay factor,Estimated prevalence
Entire state,0.029808,0.005495,0.004416,2.6739,1.0,0.011807
Bernalillo,0.024314,0.004482,0.004345,2.6819,1.0,0.011654
Catron,0.007576,0.001397,0.001985,2.5241,1.0,0.00501
Chaves,0.022069,0.004068,0.006051,2.4604,1.0,0.014888
Cibola,0.016163,0.00298,0.003336,2.4054,1.0,0.008026
Colfax,0.008077,0.001489,0.001675,2.5542,1.0,0.004278
Curry,0.018281,0.00337,0.004576,2.5752,1.0,0.011784
De Baca,0.153854,0.028363,0.019451,2.8486,1.7368,0.096235
Dona Ana,0.033846,0.00624,0.006031,2.7599,1.0,0.016646
Eddy,0.014598,0.002691,0.003763,2.5771,1.0,0.009698
Grant,0.017514,0.003229,0.003519,2.4833,1.0,0.008738
Guadalupe,0.00805,0.001484,0.001628,2.4362,1.0,0.003966
Harding,0.018427,0.003397,0.0048,2.3386,1.0,0.011225
Hidalgo,0.020498,0.003779,0.003097,2.56,1.5,0.011891
Lea,0.007864,0.00145,0.002097,2.5199,1.0,0.005283
Lincoln,0.014603,0.002692,0.003117,2.6342,1.0,0.00821
Los Alamos,0.009886,0.001823,0.001704,2.3891,1.0,0.00407
Luna,0.048411,0.008925,0.006369,2.8486,1.2931,0.02346
McKinley,0.020205,0.003725,0.003307,2.5992,1.0,0.008595
Mora,0.01767,0.003257,0.003539,2.6325,1.0,0.009317
Otero,0.018933,0.00349,0.004445,2.7397,1.0,0.012178
Quay,0.050073,0.009231,0.011147,2.9654,1.0,0.033057
Rio Arriba,0.021759,0.004011,0.003494,2.7037,1.0,0.009448
Roosevelt,0.037028,0.006826,0.008324,2.6626,1.1953,0.026493
Sandoval,0.023098,0.004258,0.004136,2.6359,1.0,0.010903
San Juan,0.021824,0.004023,0.00405,2.6544,1.0,0.01075
San Miguel,0.017306,0.00319,0.003483,2.5178,1.0,0.008769
Santa Fe,0.019567,0.003607,0.003033,2.6256,1.0,0.007963
Sierra,0.027957,0.005154,0.005468,2.5463,1.0,0.013922
Socorro,0.033531,0.006182,0.006492,2.7219,1.0,0.01767
Taos,0.03379,0.006229,0.004401,2.6359,1.144,0.01327
Torrance,0.014655,0.002702,0.003751,2.6658,1.0,0.010001
Union,0.046545,0.008581,0.007391,2.8041,1.381,0.028621
Valencia,0.031048,0.005724,0.006233,2.7892,1.0,0.017385
