Name,Estimated unvaccinated prevalence,Estimated vaccinated prevalence,Reported prevalence,Underreporting factor,Delay factor,Estimated prevalence
Entire state,0.020195,0.003721,0.002899,2.4938,1.2935,0.009351
Bernalillo,0.015028,0.002769,0.002157,2.4705,1.4023,0.007474
Catron,0.017436,0.003213,0.003969,2.9633,1.0,0.011762
Chaves,0.009595,0.001768,0.002848,2.3194,1.0,0.006605
Cibola,0.015432,0.002844,0.002737,2.5349,1.1429,0.007928
Colfax,0.029684,0.00547,0.00469,2.627,1.3095,0.016133
Curry,0.012009,0.002213,0.002043,2.5183,1.5469,0.007958
De Baca,0.016004,0.002949,0.004005,2.5577,1.0,0.010242
Dona Ana,0.019563,0.003605,0.002649,2.4784,1.5265,0.010022
Eddy,0.008629,0.00159,0.00219,2.5599,1.0496,0.005883
Grant,0.092826,0.017105,0.009593,2.4887,2.0,0.04775
Guadalupe,0.007387,0.001361,0.001628,2.2822,1.0,0.003715
Harding,0.006601,0.001216,0.0016,2.5577,1.0,0.004092
Hidalgo,0.011837,0.002181,0.002859,2.4705,1.0,0.007062
Lea,0.009617,0.001772,0.001829,2.4599,1.4659,0.006596
Lincoln,0.033844,0.006237,0.005722,2.5859,1.3214,0.019554
Los Alamos,0.002558,0.000471,0.000465,2.3597,1.0,0.001096
Luna,0.043574,0.008029,0.004007,2.8027,2.0,0.02246
McKinley,0.026506,0.004884,0.004358,2.625,1.0727,0.01227
Mora,0.008558,0.001577,0.00177,2.6149,1.0,0.004627
Otero,0.025389,0.004679,0.005127,2.6309,1.2366,0.016679
Quay,0.021515,0.003965,0.003514,2.6484,1.5556,0.014476
Rio Arriba,0.043886,0.008087,0.004522,2.6617,1.6667,0.02006
Roosevelt,0.009745,0.001796,0.002595,2.5554,1.0682,0.007082
Sandoval,0.015712,0.002895,0.002562,2.5255,1.1981,0.007753
San Juan,0.044178,0.008141,0.007454,2.6465,1.1743,0.023166
San Miguel,0.007391,0.001362,0.001613,2.3927,1.0,0.00386
Santa Fe,0.009662,0.00178,0.001443,2.432,1.1803,0.004143
Sierra,0.010074,0.001856,0.002224,2.3271,1.0,0.005176
Socorro,0.011874,0.002188,0.002344,2.4544,1.1176,0.00643
Taos,0.026913,0.004959,0.002384,2.4232,1.925,0.011119
Torrance,0.007219,0.00133,0.00194,2.5838,1.0,0.005014
Union,0.00423,0.00078,0.000985,2.6289,1.0,0.002591
Valencia,0.016848,0.003105,0.00266,2.4599,1.4818,0.009696
