Name,Estimated unvaccinated prevalence,Estimated vaccinated prevalence,Reported prevalence,Underreporting factor,Delay factor,Estimated prevalence
Entire state,0.074493,0.060433,0.018598,2.7021,1.3074,0.065702
Bernalillo,0.05868,0.047605,0.015872,2.7143,1.2018,0.051777
Catron,0.021098,0.017116,0.007088,2.5182,1.0909,0.019472
Chaves,0.060388,0.048991,0.02275,2.4573,1.0,0.055903
Cibola,0.071028,0.057623,0.019644,2.6271,1.222,0.063061
Colfax,0.034304,0.02783,0.011724,2.61,1.0,0.030601
Curry,0.096667,0.078423,0.019508,2.7008,1.6885,0.088962
De Baca,0.077506,0.062878,0.023455,2.7184,1.1111,0.070844
Dona Ana,0.096658,0.078416,0.02391,2.7276,1.3112,0.085514
Eddy,0.127634,0.103545,0.021622,2.7237,2.0,0.117781
Grant,0.060645,0.049199,0.016075,2.5238,1.3242,0.053721
Guadalupe,0.121075,0.098224,0.021395,2.9695,1.6852,0.107067
Harding,0.013321,0.010807,0.0048,2.5238,1.0,0.012114
Hidalgo,0.057824,0.046911,0.01858,2.7035,1.0405,0.052268
Lea,0.042441,0.034431,0.014113,2.7835,1.0,0.039283
Lincoln,0.074548,0.060478,0.018598,2.7872,1.2964,0.067201
Los Alamos,0.157235,0.127559,0.026795,2.6005,1.9547,0.13621
Luna,0.061264,0.049702,0.015606,2.5418,1.3616,0.054011
McKinley,0.093201,0.075611,0.02518,2.5843,1.2533,0.081557
Mora,0.045474,0.036892,0.010838,2.4955,1.5,0.040571
Otero,0.069035,0.056006,0.014387,2.6897,1.6413,0.063515
Quay,0.033703,0.027342,0.010905,2.8482,1.0,0.03106
Rio Arriba,0.115976,0.094087,0.023021,2.7956,1.5702,0.101054
Roosevelt,0.040978,0.033244,0.014324,2.6729,1.0,0.038287
Sandoval,0.096295,0.078121,0.020539,2.6628,1.5507,0.084808
San Juan,0.072111,0.058502,0.020225,2.6584,1.1854,0.063736
San Miguel,0.086205,0.069936,0.02119,2.5711,1.4039,0.076485
Santa Fe,0.084174,0.068287,0.019287,2.6757,1.4135,0.072944
Sierra,0.028031,0.02274,0.008896,2.4085,1.1585,0.024824
Socorro,0.083053,0.067378,0.018212,2.547,1.5979,0.074122
Taos,0.085366,0.069255,0.016227,2.621,1.732,0.073664
Torrance,0.034162,0.027715,0.010672,2.6953,1.1007,0.03166
Union,0.033577,0.02724,0.010101,3.0346,1.0,0.030653
Valencia,0.09082,0.073679,0.017604,2.6911,1.7251,0.081723
