Name,Estimated unvaccinated prevalence,Estimated vaccinated prevalence,Reported prevalence,Underreporting factor,Delay factor,Estimated prevalence
Entire state,0.027313,0.022231,0.005329,2.2764,2.0,0.02426
Churchill,0.018198,0.014812,0.003412,2.4014,2.0,0.016389
Clark,0.042135,0.034294,0.008296,2.2703,2.0,0.037668
Douglas,5.2e-05,4.2e-05,2e-05,2.291,1.0,4.7e-05
Elko,5e-05,4.1e-05,1.9e-05,2.4464,1.0,4.6e-05
Esmeralda,0.056446,0.045943,0.02291,2.2764,1.0,0.052151
Eureka,0.001544,0.001257,0.000493,2.9738,1.0,0.001466
Humboldt,0.000146,0.000119,5.9e-05,2.2672,1.0,0.000135
Lander,0.000467,0.00038,0.000181,2.3887,1.0,0.000432
Lincoln,0.000473,0.000385,0.000193,2.2764,1.0,0.000439
Lyon,4.4e-05,3.6e-05,1.7e-05,2.326,1.0,4e-05
Mineral,0.360254,0.293217,0.067259,2.3887,2.0,0.321327
Nye,0.054569,0.044415,0.01036,2.4075,2.0,0.049886
Pershing,0.481161,0.391625,0.104833,2.1412,2.0,0.448928
Storey,0.000576,0.000469,0.000243,2.2764,1.0,0.000552
Washoe,0.014562,0.011852,0.002797,2.2939,2.0,0.012833
White Pine,0.000274,0.000223,0.000104,2.3668,1.0,0.000247
Carson City,0.020688,0.016838,0.003827,2.3823,2.0,0.018235
