Name,Estimated unvaccinated prevalence,Estimated vaccinated prevalence,Reported prevalence,Underreporting factor,Delay factor,Estimated prevalence
Entire state,0.005848,0.004743,0.002136,2.3857,1.0235,0.005216
Bernalillo,0.008551,0.006935,0.00274,2.4199,1.1314,0.007503
Catron,0.002701,0.00219,0.001134,2.1929,1.0,0.002487
Chaves,0.001109,0.0009,0.00048,2.1338,1.0,0.001024
Cibola,0.005899,0.004785,0.002062,2.5314,1.0,0.005219
Colfax,0.001932,0.001567,0.00067,2.1999,1.1667,0.001719
Curry,0.005925,0.004806,0.001798,2.2778,1.3182,0.005397
De Baca,0.002954,0.002396,0.001144,2.3541,1.0,0.002693
Dona Ana,0.003503,0.002841,0.001283,2.3998,1.0,0.003079
Eddy,0.001246,0.00101,0.000513,2.2347,1.0,0.001147
Grant,0.028123,0.02281,0.005334,2.3767,1.9589,0.024832
Guadalupe,0.001993,0.001617,0.000698,2.5249,1.0,0.001762
Harding,0.012601,0.01023,0.0048,2.3857,1.0,0.011451
Hidalgo,0.011951,0.00969,0.002144,2.5143,2.0,0.010781
Lea,0.001583,0.001284,0.000422,2.1485,1.6111,0.001461
Lincoln,0.003752,0.003043,0.001277,2.4216,1.0909,0.003374
Los Alamos,0.010714,0.00869,0.003769,2.4183,1.0141,0.009243
Luna,0.006339,0.005141,0.001771,2.2946,1.3667,0.005555
McKinley,0.007942,0.006442,0.002004,2.391,1.4343,0.006872
Mora,0.007796,0.006322,0.002654,2.3785,1.1,0.006945
Otero,0.002689,0.002181,0.000948,2.2598,1.1455,0.002455
Quay,0.008887,0.007207,0.002545,2.4049,1.3333,0.008159
Rio Arriba,0.00997,0.008087,0.003186,2.4993,1.0885,0.008667
Roosevelt,0.003799,0.003081,0.001459,2.2377,1.0833,0.003538
Sandoval,0.007857,0.006373,0.002869,2.4015,1.0,0.006889
San Juan,0.005199,0.004217,0.001557,2.3361,1.2549,0.004564
San Miguel,0.005114,0.004148,0.00198,2.2851,1.0,0.004524
Santa Fe,0.009859,0.007996,0.003438,2.4739,1.0,0.008506
Sierra,0.007873,0.006384,0.001575,2.2067,2.0,0.006953
Socorro,0.003157,0.00256,0.001142,2.4606,1.0,0.00281
Taos,0.005396,0.004377,0.001772,2.4811,1.0556,0.004642
Torrance,0.005011,0.004064,0.001488,2.3998,1.2941,0.00462
Union,0.001333,0.001081,0.000493,2.4709,1.0,0.001218
Valencia,0.004065,0.003297,0.001539,2.3674,1.0,0.003643
