Name,Estimated unvaccinated prevalence,Estimated vaccinated prevalence,Reported prevalence,Underreporting factor,Delay factor,Estimated prevalence
Entire state,0.014993,0.002761,0.002686,2.5058,1.0925,0.007353
Bernalillo,0.009521,0.001753,0.002036,2.4779,1.0058,0.005076
Catron,0.007114,0.00131,0.001701,2.8933,1.0,0.004922
Chaves,0.019391,0.003571,0.005587,2.5028,1.0,0.013983
Cibola,0.013399,0.002467,0.001912,2.4997,1.5152,0.007241
Colfax,0.010496,0.001933,0.002429,2.4715,1.0,0.006002
Curry,0.038691,0.007124,0.005556,2.6668,1.8819,0.027886
De Baca,0.013112,0.002414,0.00286,2.2972,1.3333,0.008761
Dona Ana,0.007045,0.001297,0.001572,2.4484,1.0,0.003849
Eddy,0.025175,0.004635,0.00674,2.7089,1.0,0.018257
Grant,0.012059,0.00222,0.001408,2.3122,2.0,0.006509
Guadalupe,0.059908,0.011031,0.006744,2.5574,1.8667,0.032195
Harding,0.006303,0.001161,0.0016,2.5058,1.0,0.004009
Hidalgo,0.032668,0.006015,0.003811,2.8478,1.875,0.020351
Lea,0.032525,0.005989,0.008752,2.7089,1.0,0.023708
Lincoln,0.015478,0.00285,0.003577,2.6292,1.0,0.009404
Los Alamos,0.007965,0.001467,0.001033,2.4018,1.4615,0.003625
Luna,0.005797,0.001067,0.00135,2.3534,1.0,0.003176
McKinley,0.018922,0.003484,0.002676,2.4811,1.4286,0.009486
Mora,0.011927,0.002196,0.002654,2.5601,1.0,0.006795
Otero,0.011037,0.002032,0.002667,2.5762,1.1118,0.007639
Quay,0.042131,0.007758,0.006785,2.7824,1.5714,0.029668
Rio Arriba,0.014829,0.002731,0.002312,2.5491,1.2714,0.007494
Roosevelt,0.015968,0.00294,0.004595,2.646,1.0,0.012157
Sandoval,0.01117,0.002057,0.002099,2.4517,1.1455,0.005895
San Juan,0.014129,0.002602,0.002485,2.5265,1.2634,0.007931
San Miguel,0.021179,0.0039,0.003666,2.5148,1.2857,0.011853
Santa Fe,0.010824,0.001993,0.001503,2.413,1.3804,0.005006
Sierra,0.007407,0.001364,0.001761,2.2868,1.0,0.004026
Socorro,0.011151,0.002053,0.001863,2.3824,1.4286,0.006342
Taos,0.028584,0.005263,0.002598,2.465,2.0,0.012806
Torrance,0.011281,0.002077,0.00304,2.66,1.0,0.008086
Union,0.001052,0.000194,0.000246,2.7132,1.0,0.000668
Valencia,0.010477,0.001929,0.002517,2.4779,1.0323,0.006437
