Name,Estimated unvaccinated prevalence,Estimated vaccinated prevalence,Reported prevalence,Underreporting factor,Delay factor,Estimated prevalence
Entire state,0.006572,0.005333,0.002356,2.3881,1.0,0.005625
Atlantic,0.006041,0.004902,0.002188,2.4058,1.0,0.005265
Bergen,0.007587,0.006157,0.002674,2.4167,1.0,0.006463
Burlington,0.005629,0.004568,0.00203,2.3782,1.0,0.004827
Camden,0.005812,0.004716,0.002038,2.3798,1.0404,0.005045
Cape May,0.007698,0.006247,0.002423,2.3094,1.1809,0.006607
Cumberland,0.007139,0.005793,0.00218,2.3011,1.2795,0.006419
Essex,0.007476,0.006066,0.002642,2.3963,1.0169,0.006438
Gloucester,0.004822,0.003913,0.001704,2.3626,1.0553,0.004249
Hudson,0.00857,0.006954,0.002809,2.4011,1.0813,0.007294
Hunterdon,0.004774,0.003874,0.001753,2.3537,1.0,0.004126
Mercer,0.006378,0.005175,0.002362,2.3314,1.0,0.005508
Middlesex,0.006979,0.005663,0.002469,2.4288,1.0,0.005996
Monmouth,0.006221,0.005048,0.002246,2.409,1.0,0.005411
Morris,0.007593,0.006161,0.002672,2.4213,1.0,0.006469
Ocean,0.004914,0.003988,0.001866,2.3591,1.0,0.004402
Passaic,0.007889,0.006402,0.002553,2.3963,1.1169,0.006832
Salem,0.002822,0.00229,0.00109,2.3135,1.0,0.002522
Somerset,0.006399,0.005192,0.002253,2.4273,1.0,0.005468
Sussex,0.005042,0.004091,0.001844,2.3881,1.0078,0.004437
Union,0.007578,0.006149,0.002547,2.3713,1.0834,0.006543
Warren,0.004041,0.003279,0.001472,2.3865,1.0,0.003514
