Name,Estimated unvaccinated prevalence,Estimated vaccinated prevalence,Reported prevalence,Underreporting factor,Delay factor,Estimated prevalence
Entire state,0.000903,0.000732,0.000356,2.2493,1.0,0.0008
Bernalillo,0.000884,0.000717,0.000346,2.2461,1.0,0.000777
Catron,0.001384,0.001123,0.000567,2.2493,1.0,0.001276
Chaves,0.000364,0.000295,0.000155,2.174,1.0,0.000336
Cibola,0.001328,0.001077,0.000525,2.2429,1.0,0.001177
Colfax,0.001218,0.000988,0.000251,2.1597,2.0,0.001085
Curry,0.000906,0.000735,0.000225,2.2075,1.6667,0.000827
De Baca,0.001411,0.001145,0.000572,2.2493,1.0,0.001287
Dona Ana,0.000571,0.000463,0.000225,2.2396,1.0,0.000503
Eddy,0.000155,0.000125,6.8e-05,2.0799,1.0,0.000142
Grant,0.000657,0.000533,0.000259,2.2396,1.0,0.000581
Guadalupe,0.002595,0.002105,0.00093,2.4656,1.0,0.002294
Harding,0.011885,0.00964,0.0048,2.2493,1.0,0.010797
Hidalgo,0.001195,0.000969,0.000476,2.2649,1.0,0.001079
Lea,0.000399,0.000324,0.000127,2.183,1.3333,0.000369
Lincoln,0.001445,0.001172,0.000562,2.3144,1.0,0.001301
Los Alamos,0.001607,0.001304,0.000465,2.2429,1.3333,0.00139
Luna,0.001051,0.000853,0.000253,2.1873,1.6667,0.000923
McKinley,0.001078,0.000874,0.000406,2.3093,1.0,0.000938
Mora,0.00114,0.000925,0.000442,2.2934,1.0,0.001015
Otero,0.000892,0.000723,0.000282,2.2525,1.2857,0.000815
Quay,0.000909,0.000737,0.000364,2.2988,1.0,0.000836
Rio Arriba,0.001592,0.001291,0.000488,2.3659,1.2,0.001386
Roosevelt,0.000857,0.000695,0.00027,2.215,1.3333,0.000798
Sandoval,0.001095,0.000888,0.000422,2.2766,1.0,0.000962
San Juan,0.001764,0.001431,0.000702,2.2113,1.0,0.001552
San Miguel,0.00198,0.001606,0.00077,2.2766,1.0,0.001753
Santa Fe,0.001236,0.001003,0.000466,2.2961,1.0,0.001069
Sierra,0.002842,0.002305,0.000556,2.2588,2.0,0.002512
Socorro,0.00045,0.000365,0.00018,2.2223,1.0,0.000401
Taos,0.00189,0.001533,0.000458,2.2851,1.5556,0.001629
Torrance,0.00128,0.001038,0.000453,2.1786,1.2,0.001184
Union,0.000581,0.000472,0.000246,2.1546,1.0,0.000531
Valencia,0.000952,0.000772,0.000378,2.2588,1.0,0.000854
