Name,Estimated unvaccinated prevalence,Estimated vaccinated prevalence,Reported prevalence,Underreporting factor,Delay factor,Estimated prevalence
Entire state,0.006821,0.005533,0.002333,2.5872,1.0,0.006036
Bernalillo,0.005988,0.004857,0.002094,2.515,1.0,0.005266
Catron,0.003817,0.003096,0.001418,2.4831,1.0,0.00352
Chaves,0.002988,0.002424,0.001207,2.2883,1.0,0.002762
Cibola,0.010301,0.008356,0.003674,2.4868,1.0,0.009136
Colfax,0.00396,0.003212,0.001507,2.3416,1.0,0.00353
Curry,0.005957,0.004832,0.002247,2.4205,1.0,0.005439
De Baca,0.00997,0.008087,0.004005,2.2725,1.0,0.009101
Dona Ana,0.008008,0.006496,0.002805,2.5201,1.0,0.007069
Eddy,0.004919,0.00399,0.001865,2.4309,1.0,0.004532
Grant,0.010453,0.008479,0.003667,2.5218,1.0,0.009247
Guadalupe,0.013593,0.011026,0.004651,2.5827,1.0,0.012012
Harding,0.004626,0.003752,0.0016,2.6266,1.0,0.004202
Hidalgo,0.016338,0.013252,0.005241,2.8154,1.0,0.014754
Lea,0.002166,0.001757,0.000816,2.4529,1.0,0.002002
Lincoln,0.006383,0.005177,0.002248,2.5563,1.0,0.005747
Los Alamos,0.007467,0.006057,0.002581,2.5029,1.0,0.006461
Luna,0.009945,0.008067,0.003627,2.4099,1.0,0.008741
McKinley,0.008554,0.006939,0.00283,2.6364,1.0,0.007462
Mora,0.007427,0.006024,0.002875,2.3003,1.0,0.006614
Otero,0.003755,0.003046,0.001393,2.4664,1.0,0.003435
Quay,0.003629,0.002944,0.001333,2.5046,1.0,0.003338
Rio Arriba,0.003907,0.003169,0.00131,2.5977,1.0,0.003404
Roosevelt,0.00454,0.003682,0.001784,2.3738,1.0,0.004234
Sandoval,0.007514,0.006095,0.002589,2.5515,1.0,0.006607
San Juan,0.00999,0.008103,0.00338,2.6036,1.0,0.0088
San Miguel,0.010639,0.008629,0.003886,2.4247,1.0,0.009423
Santa Fe,0.005488,0.004451,0.001949,2.437,1.0,0.004749
Sierra,0.004612,0.003741,0.001761,2.3175,1.0,0.00408
Socorro,0.00595,0.004826,0.002164,2.451,1.0,0.005303
Taos,0.00539,0.004372,0.001895,2.4529,1.0,0.004648
Torrance,0.008355,0.006777,0.003105,2.4904,1.0,0.007732
Union,0.00838,0.006797,0.002956,2.5872,1.0,0.007649
Valencia,0.008025,0.006509,0.002738,2.6322,1.0,0.007208
