Name,Estimated unvaccinated prevalence,Estimated vaccinated prevalence,Reported prevalence,Underreporting factor,Delay factor,Estimated prevalence
Entire state,0.00488,0.000902,0.000944,2.3002,1.0,0.002172
Atlantic,0.007741,0.001431,0.001566,2.4186,1.0326,0.003912
Bergen,0.003587,0.000663,0.000665,2.2695,1.0,0.001509
Burlington,0.006914,0.001278,0.001309,2.343,1.0,0.003067
Camden,0.006648,0.001229,0.001313,2.3467,1.071,0.0033
Cape May,0.009957,0.001841,0.001804,2.4065,1.0123,0.004394
Cumberland,0.005213,0.000964,0.001378,2.3319,1.0,0.003213
Essex,0.001524,0.000282,0.000328,2.2238,1.0,0.000729
Gloucester,0.009328,0.001724,0.00156,2.3843,1.3353,0.004967
Hudson,0.00295,0.000545,0.000562,2.2695,1.0,0.001276
Hunterdon,0.005198,0.000961,0.001061,2.2874,1.0,0.002428
Mercer,0.005106,0.000944,0.000996,2.2502,1.0831,0.002428
Middlesex,0.003894,0.00072,0.000782,2.2786,1.0,0.001781
Monmouth,0.006394,0.001182,0.001325,2.343,1.0,0.003105
Morris,0.004156,0.000768,0.000752,2.283,1.0,0.001717
Ocean,0.007698,0.001423,0.00185,2.4391,1.0,0.004511
Passaic,0.003601,0.000666,0.000753,2.3084,1.0,0.001739
Salem,0.007586,0.001402,0.001924,2.3125,1.0,0.004448
Somerset,0.003971,0.000734,0.000669,2.2648,1.1347,0.001719
Sussex,0.007804,0.001443,0.001723,2.3711,1.0,0.004084
Union,0.00097,0.000179,0.000207,2.2347,1.0,0.000462
Warren,0.008,0.001479,0.001634,2.3843,1.0,0.003896
