Name,Estimated unvaccinated prevalence,Estimated vaccinated prevalence,Reported prevalence,Underreporting factor,Delay factor,Estimated prevalence
Entire state,0.031554,0.005818,0.004864,2.574,1.0152,0.012709
Bernalillo,0.030894,0.005696,0.00499,2.589,1.1461,0.014808
Catron,0.00982,0.00181,0.002552,2.5447,1.0,0.006493
Chaves,0.027287,0.005031,0.006237,2.423,1.2182,0.018409
Cibola,0.017451,0.003217,0.003374,2.5683,1.0,0.008665
Colfax,0.008692,0.001603,0.001759,2.6179,1.0,0.004604
Curry,0.020035,0.003694,0.004535,2.4741,1.151,0.012914
De Baca,0.093562,0.01725,0.016018,2.4357,1.5,0.058523
Dona Ana,0.036113,0.006658,0.006659,2.6672,1.0,0.017761
Eddy,0.012858,0.002371,0.003404,2.5095,1.0,0.008543
Grant,0.021744,0.004009,0.00463,2.3432,1.0,0.010849
Guadalupe,0.00771,0.001422,0.001628,2.3336,1.0,0.003799
Harding,0.020281,0.003739,0.0048,2.574,1.0,0.012355
Hidalgo,0.007043,0.001299,0.001667,2.4505,1.0,0.004086
Lea,0.007368,0.001358,0.001998,2.4072,1.0292,0.00495
Lincoln,0.013547,0.002498,0.002963,2.5702,1.0,0.007616
Los Alamos,0.013274,0.002447,0.001755,2.3588,1.32,0.005466
Luna,0.047036,0.008672,0.006242,2.5586,1.4272,0.022794
McKinley,0.021542,0.003972,0.003587,2.5547,1.0,0.009164
Mora,0.027821,0.005129,0.004645,2.5264,1.25,0.014669
Otero,0.019226,0.003545,0.004297,2.6589,1.0824,0.012367
Quay,0.044093,0.008129,0.010299,2.8264,1.0,0.02911
Rio Arriba,0.026466,0.00488,0.004265,2.6944,1.0,0.011492
Roosevelt,0.031126,0.005739,0.006378,2.5367,1.3765,0.022271
Sandoval,0.025156,0.004638,0.004756,2.4965,1.0,0.011875
San Juan,0.022391,0.004128,0.004324,2.5507,1.0,0.011029
San Miguel,0.01844,0.0034,0.003886,2.4045,1.0,0.009344
Santa Fe,0.021318,0.00393,0.003212,2.5326,1.0664,0.008675
Sierra,0.031496,0.005807,0.006116,2.5644,1.0,0.015684
Socorro,0.038371,0.007074,0.007513,2.6912,1.0,0.02022
Taos,0.066432,0.012248,0.005195,2.5853,1.9425,0.02609
Torrance,0.013344,0.00246,0.003493,2.6072,1.0,0.009106
Union,0.049777,0.009177,0.006652,2.8317,1.625,0.030608
Valencia,0.051531,0.009501,0.007967,2.6539,1.3647,0.028855
