Name,Estimated unvaccinated prevalence,Estimated vaccinated prevalence,Reported prevalence,Underreporting factor,Delay factor,Estimated prevalence
Entire state,0.000957,0.000957,0.000384,2.3341,1.0678,0.000957
Churchill,0.001276,0.001276,0.000442,2.312,1.25,0.001276
Clark,0.000981,0.000981,0.000376,2.3245,1.1211,0.000981
Douglas,0.000477,0.000477,0.000204,2.3305,1.0,0.000477
Elko,0.002017,0.002017,0.000455,2.3145,1.9167,0.002017
Esmeralda,0.002674,0.002674,0.001145,2.3341,1.0,0.002674
Eureka,0.002301,0.002301,0.000986,2.3341,1.0,0.002301
Humboldt,0.00113,0.00113,0.000535,2.1125,1.0,0.00113
Lander,0.001688,0.001688,0.000723,2.3341,1.0,0.001688
Lincoln,0.00045,0.00045,0.000193,2.3341,1.0,0.00045
Lyon,0.000863,0.000863,0.000365,2.3636,1.0,0.000863
Mineral,0.001503,0.001503,0.000666,2.2563,1.0,0.001503
Nye,0.000931,0.000931,0.000236,2.3636,1.6667,0.000931
Pershing,0.000696,0.000696,0.000297,2.3411,1.0,0.000696
Storey,0.000566,0.000566,0.000243,2.3341,1.0,0.000566
Washoe,0.001075,0.001075,0.000447,2.4018,1.0,0.001075
White Pine,0.000975,0.000975,0.000418,2.3341,1.0,0.000975
Carson City,0.001391,0.001391,0.00059,2.357,1.0,0.001391
