Name,Estimated unvaccinated prevalence,Estimated vaccinated prevalence,Reported prevalence,Underreporting factor,Delay factor,Estimated prevalence
Entire state,0.002416,0.001959,0.000939,2.3054,1.0,0.002164
Bernalillo,0.002239,0.001815,0.000861,2.2788,1.0,0.001963
Catron,0.001509,0.001224,0.000567,2.4495,1.0,0.001389
Chaves,0.001484,0.001203,0.000619,2.2107,1.0,0.001369
Cibola,0.001822,0.001478,0.000712,2.2603,1.0,0.00161
Colfax,0.001559,0.001264,0.000586,2.365,1.0,0.001386
Curry,0.003748,0.003039,0.00143,2.3872,1.0,0.003413
De Baca,0.001636,0.001327,0.000572,2.6081,1.0,0.001492
Dona Ana,0.00195,0.001582,0.000733,2.3365,1.0,0.001713
Eddy,0.002083,0.001689,0.000821,2.3332,1.0,0.001916
Grant,0.003061,0.002483,0.001185,2.2788,1.0,0.002701
Guadalupe,0.004779,0.003875,0.001628,2.5923,1.0,0.00422
Harding,0.008118,0.00658,0.0032,2.3054,1.0,0.007377
Hidalgo,0.015669,0.012709,0.003573,2.5404,1.5556,0.01412
Lea,0.003029,0.002457,0.001196,2.3365,1.0,0.002795
Lincoln,0.00159,0.00129,0.000613,2.3316,1.0,0.00143
Los Alamos,0.002519,0.002043,0.000929,2.3349,1.0,0.00217
Luna,0.000932,0.000756,0.00038,2.149,1.0,0.000816
McKinley,0.003746,0.003038,0.001345,2.3999,1.0,0.003228
Mora,0.001088,0.000882,0.000442,2.1885,1.0,0.000968
Otero,0.002973,0.002411,0.001185,2.2886,1.0,0.002713
Quay,0.005538,0.00449,0.00206,2.4653,1.0,0.005078
Rio Arriba,0.005978,0.004848,0.001465,2.3415,1.5135,0.00519
Roosevelt,0.004447,0.003606,0.001892,2.1885,1.0,0.00414
Sandoval,0.002564,0.002079,0.000981,2.2886,1.0,0.002246
San Juan,0.003376,0.002738,0.00125,2.3665,1.0,0.002959
San Miguel,0.003035,0.002461,0.001136,2.2027,1.0714,0.002682
Santa Fe,0.003017,0.002446,0.001124,2.3126,1.0,0.002599
Sierra,0.000896,0.000727,0.000371,2.1333,1.0,0.000791
Socorro,0.00248,0.002011,0.000962,2.2943,1.0,0.002206
Taos,0.001845,0.001496,0.000703,2.256,1.0,0.001586
Torrance,0.001615,0.00131,0.000647,2.3017,1.0,0.001489
Union,0.000682,0.000553,0.000246,2.5269,1.0,0.000623
Valencia,0.001614,0.001309,0.000639,2.2624,1.0,0.001446
