Name,Estimated unvaccinated prevalence,Estimated vaccinated prevalence,Reported prevalence,Underreporting factor,Delay factor,Estimated prevalence
Entire state,0.003527,0.003527,0.001536,2.2962,1.0,0.003527
Atlantic,0.004458,0.004458,0.001911,2.3321,1.0,0.004458
Bergen,0.003806,0.003806,0.001663,2.2891,1.0,0.003806
Burlington,0.003583,0.003583,0.001554,2.3059,1.0,0.003583
Camden,0.003352,0.003352,0.001457,2.3004,1.0,0.003352
Cape May,0.005145,0.005145,0.002249,2.2876,1.0,0.005145
Cumberland,0.005851,0.005851,0.002581,2.2665,1.0,0.005851
Essex,0.00358,0.00358,0.001558,2.2976,1.0,0.00358
Gloucester,0.002775,0.002775,0.001204,2.3059,1.0,0.002775
Hudson,0.002937,0.002937,0.001278,2.299,1.0,0.002937
Hunterdon,0.002006,0.002006,0.000884,2.2681,1.0,0.002006
Mercer,0.003591,0.003591,0.001592,2.2553,1.0,0.003591
Middlesex,0.003412,0.003412,0.001473,2.3166,1.0,0.003412
Monmouth,0.003779,0.003779,0.001639,2.3059,1.0,0.003779
Morris,0.002993,0.002993,0.001295,2.3113,1.0,0.002993
Ocean,0.003635,0.003635,0.001594,2.2803,1.0,0.003635
Passaic,0.004601,0.004601,0.001985,2.318,1.0,0.004601
Salem,0.00293,0.00293,0.001266,2.314,1.0,0.00293
Somerset,0.0029,0.0029,0.001243,2.3321,1.0,0.0029
Sussex,0.002278,0.002278,0.001004,2.2696,1.0,0.002278
Union,0.003583,0.003583,0.001557,2.3018,1.0,0.003583
Warren,0.002834,0.002834,0.001244,2.2773,1.0,0.002834
