Name,Estimated unvaccinated prevalence,Estimated vaccinated prevalence,Reported prevalence,Underreporting factor,Delay factor,Estimated prevalence
Entire state,0.005866,0.004758,0.001526,2.3527,1.4561,0.005228
Bernalillo,0.007862,0.006377,0.001852,2.4512,1.52,0.006902
Catron,0.002245,0.001821,0.000851,2.432,1.0,0.002069
Chaves,0.000964,0.000782,0.000402,2.2127,1.0,0.00089
Cibola,0.005784,0.004691,0.001837,2.4385,1.1429,0.005119
Colfax,0.001646,0.001335,0.000335,2.188,2.0,0.001466
Curry,0.005149,0.004176,0.001205,2.2814,1.7059,0.00469
De Baca,0.008637,0.00701,0.003432,2.2961,1.0,0.007881
Dona Ana,0.00477,0.003868,0.001306,2.4543,1.3088,0.004196
Eddy,0.00144,0.001168,0.000445,2.2659,1.3158,0.001326
Grant,0.009988,0.008101,0.00263,2.3962,1.4,0.008822
Guadalupe,0.00785,0.006367,0.001395,2.4859,2.0,0.006937
Harding,0.004149,0.003366,0.0016,2.3527,1.0,0.003764
Hidalgo,0.000608,0.000493,0.000238,2.3008,1.0,0.000548
Lea,0.000737,0.000598,0.000197,2.1247,1.625,0.00068
Lincoln,0.001814,0.001471,0.000715,2.2814,1.0,0.001632
Los Alamos,0.009154,0.007424,0.002168,2.4888,1.4643,0.007902
Luna,0.0039,0.003163,0.000759,2.2522,2.0,0.00342
McKinley,0.002397,0.001944,0.000729,2.3487,1.2143,0.002078
Mora,0.011346,0.0092,0.001991,2.5384,2.0,0.010106
Otero,0.001127,0.000914,0.000459,2.2408,1.0,0.001029
Quay,0.004958,0.00402,0.000969,2.3487,2.0,0.004553
Rio Arriba,0.007847,0.006365,0.002672,2.5539,1.0,0.006824
Roosevelt,0.001911,0.00155,0.000486,2.2864,1.6,0.00178
Sandoval,0.009303,0.007545,0.002112,2.4254,1.5928,0.008161
San Juan,0.005809,0.004711,0.001097,2.3256,2.0,0.005103
San Miguel,0.005856,0.004749,0.00143,2.3835,1.52,0.00518
Santa Fe,0.012789,0.010373,0.002853,2.5318,1.5286,0.011042
Sierra,0.003587,0.002909,0.001205,2.1917,1.2,0.003168
Socorro,0.007526,0.006104,0.001683,2.5073,1.5882,0.006702
Taos,0.005906,0.00479,0.001222,2.4528,1.6957,0.005084
Torrance,0.003916,0.003175,0.001164,2.1954,1.4167,0.003621
Union,0.003224,0.002614,0.001232,2.389,1.0,0.002943
Valencia,0.006111,0.004956,0.00146,2.3997,1.5634,0.005479
