Name,Estimated unvaccinated prevalence,Estimated vaccinated prevalence,Reported prevalence,Underreporting factor,Delay factor,Estimated prevalence
Entire state,0.006904,0.001298,0.001389,2.4586,1.0811,0.003692
Churchill,0.02717,0.00511,0.004456,2.6128,1.4865,0.017308
Clark,0.004903,0.000922,0.001109,2.4186,1.0497,0.002816
Douglas,0.005131,0.000965,0.001186,2.6087,1.0,0.003094
Elko,0.022432,0.004219,0.00468,2.9117,1.1442,0.015591
Esmeralda,0.004161,0.000782,0.001145,2.4586,1.0,0.002816
Eureka,0.035976,0.006766,0.004929,2.9144,2.0,0.028728
Humboldt,0.042192,0.007935,0.007249,2.8521,1.407,0.029087
Lander,0.008806,0.001656,0.002169,2.8796,1.0,0.006246
Lincoln,0.058445,0.010991,0.006946,3.0082,2.0,0.041789
Lyon,0.006393,0.001202,0.001652,2.6676,1.0,0.004407
Mineral,0.007703,0.001449,0.001554,2.8447,1.0,0.00442
Nye,0.008656,0.001628,0.001892,2.5792,1.16,0.005659
Pershing,0.010251,0.001928,0.002677,2.7752,1.0,0.007428
Storey,0.000761,0.000143,0.000243,2.6466,1.0,0.000642
Washoe,0.011642,0.002189,0.001741,2.6543,1.3016,0.006015
White Pine,0.020073,0.003775,0.00501,2.4246,1.0,0.012148
Carson City,0.009193,0.001729,0.001878,2.5224,1.0,0.004737
