Name,Estimated unvaccinated prevalence,Estimated vaccinated prevalence,Reported prevalence,Underreporting factor,Delay factor,Estimated prevalence
Entire state,0.003203,0.002606,0.001133,2.5291,1.0,0.002866
Churchill,0.004499,0.003661,0.001526,2.6489,1.0,0.004041
Clark,0.003195,0.002599,0.001129,2.5202,1.0,0.002845
Douglas,0.002326,0.001892,0.000797,2.6324,1.0,0.002099
Elko,0.002689,0.002188,0.000928,2.6615,1.0,0.002471
Esmeralda,0.006284,0.00511,0.002291,2.5291,1.0,0.005794
Eureka,0.001438,0.00117,0.000493,2.7669,1.0,0.001364
Humboldt,0.000726,0.00059,0.000297,2.2473,1.0,0.000668
Lander,0.000989,0.000805,0.000362,2.5291,1.0,0.000914
Lincoln,0.001052,0.000856,0.000386,2.5291,1.0,0.000976
Lyon,0.003287,0.002674,0.001113,2.7186,1.0,0.003025
Mineral,0.010867,0.00884,0.00222,2.4101,1.8,0.00963
Nye,0.001693,0.001377,0.000602,2.5636,1.0,0.001543
Pershing,0.001797,0.001462,0.000743,2.252,1.0,0.001674
Storey,0.000599,0.000487,0.000243,2.3614,1.0,0.000573
Washoe,0.003987,0.003244,0.001319,2.6544,1.0,0.003501
White Pine,0.00054,0.000439,0.000209,2.3236,1.0,0.000485
Carson City,0.004232,0.003443,0.001377,2.6979,1.0,0.003715
