Name,Estimated unvaccinated prevalence,Estimated vaccinated prevalence,Reported prevalence,Underreporting factor,Delay factor,Estimated prevalence
Entire state,0.006911,0.005608,0.00247,2.3934,1.0,0.005911
Atlantic,0.006671,0.005413,0.002427,2.3934,1.0,0.005809
Bergen,0.006634,0.005383,0.002366,2.3858,1.0,0.005646
Burlington,0.006307,0.005118,0.002268,2.3828,1.0,0.005404
Camden,0.007167,0.005816,0.002583,2.4067,1.0,0.006215
Cape May,0.008834,0.007168,0.002792,2.3522,1.1532,0.007574
Cumberland,0.009312,0.007556,0.00327,2.3333,1.0966,0.008368
Essex,0.008178,0.006636,0.002941,2.3919,1.0,0.007035
Gloucester,0.006034,0.004896,0.002219,2.3949,1.0,0.005313
Hudson,0.007862,0.00638,0.002783,2.4023,1.0,0.006685
Hunterdon,0.00493,0.004,0.001801,2.3638,1.0,0.004257
Mercer,0.007724,0.006267,0.002716,2.3206,1.0573,0.006664
Middlesex,0.007285,0.005911,0.002602,2.4038,1.0,0.006255
Monmouth,0.006676,0.005417,0.002411,2.4067,1.0,0.005803
Morris,0.005857,0.004753,0.002066,2.4139,1.0,0.004986
Ocean,0.006202,0.005033,0.00233,2.3828,1.0,0.005553
Passaic,0.006828,0.005541,0.002445,2.4167,1.0,0.005909
Salem,0.007489,0.006077,0.002212,2.4052,1.2569,0.006687
Somerset,0.006119,0.004965,0.002186,2.3904,1.0,0.005225
Sussex,0.005177,0.004201,0.001908,2.3874,1.0,0.004554
Union,0.006822,0.005536,0.0025,2.3539,1.0,0.005885
Warren,0.00484,0.003928,0.001748,2.367,1.0167,0.004206
