Name,Estimated unvaccinated prevalence,Estimated vaccinated prevalence,Reported prevalence,Underreporting factor,Delay factor,Estimated prevalence
Entire state,0.002036,0.001657,0.000754,2.4028,1.0,0.001811
Churchill,0.006992,0.005691,0.002529,2.4915,1.0,0.006302
Clark,0.001691,0.001376,0.00064,2.3637,1.0,0.001513
Douglas,0.000423,0.000344,0.000143,2.6772,1.0,0.000383
Elko,0.002801,0.00228,0.001004,2.5743,1.0,0.002585
Esmeralda,0.019523,0.015891,0.003436,2.6257,2.0,0.018046
Eureka,0.001247,0.001015,0.000493,2.4028,1.0,0.001184
Humboldt,0.00616,0.005014,0.002377,2.394,1.0,0.005689
Lander,0.017351,0.014123,0.006508,2.4695,1.0,0.016071
Lincoln,0.005025,0.004091,0.000965,2.42,2.0,0.004669
Lyon,0.000947,0.000771,0.00033,2.6479,1.0,0.000875
Mineral,0.007784,0.006336,0.002442,2.8535,1.0,0.006967
Nye,0.005794,0.004716,0.002021,2.6229,1.0,0.0053
Pershing,0.009512,0.007742,0.001933,2.297,2.0,0.00888
Storey,0.002596,0.002113,0.00097,2.5666,1.0,0.00249
Washoe,0.002957,0.002407,0.001031,2.5312,1.0,0.002609
White Pine,0.005564,0.004529,0.001879,2.6719,1.0,0.00502
Carson City,0.001732,0.00141,0.00059,2.5894,1.0,0.001528
