Name,Estimated unvaccinated prevalence,Estimated vaccinated prevalence,Reported prevalence,Underreporting factor,Delay factor,Estimated prevalence
Entire state,0.009319,0.001729,0.001764,2.3449,1.096,0.004534
Belknap,0.013612,0.002525,0.00274,2.5082,1.0774,0.007406
Carroll,0.010635,0.001973,0.002045,2.4665,1.0,0.005043
Cheshire,0.006827,0.001266,0.001498,2.4634,1.0,0.003691
Coos,0.004116,0.000764,0.000982,2.2694,1.0,0.002229
Grafton,0.005353,0.000993,0.00109,2.1787,1.0,0.002375
Hillsborough,0.007266,0.001348,0.001631,2.3771,1.0104,0.003916
Merrimack,0.01318,0.002445,0.002061,2.4507,1.2746,0.006438
Rockingham,0.009178,0.001703,0.001795,2.4103,1.0904,0.004717
Strafford,0.006877,0.001276,0.001516,2.4634,1.0051,0.003753
Sullivan,0.006919,0.001284,0.001298,2.5054,1.1458,0.003726
