Name,Estimated unvaccinated prevalence,Estimated vaccinated prevalence,Reported prevalence,Underreporting factor,Delay factor,Estimated prevalence
Entire state,0.001655,0.001655,0.000718,2.3046,1.0,0.001655
Bernalillo,0.001769,0.001769,0.000766,2.3097,1.0,0.001769
Catron,0.000745,0.000745,0.000284,2.6287,1.0,0.000745
Chaves,0.000503,0.000503,0.000232,2.1655,1.0,0.000503
Cibola,0.002363,0.002363,0.001012,2.3343,1.0,0.002363
Colfax,0.001096,0.001096,0.000502,2.1808,1.0,0.001096
Curry,0.000897,0.000897,0.000409,2.1948,1.0,0.000897
De Baca,0.001318,0.001318,0.000572,2.3046,1.0,0.001318
Dona Ana,0.000129,0.000129,5.5e-05,2.3405,1.0,0.000129
Eddy,0.000613,0.000613,0.000274,2.2386,1.0,0.000613
Grant,0.002704,0.002704,0.001185,2.2812,1.0,0.002704
Guadalupe,0.001608,0.001608,0.000698,2.3046,1.0,0.001608
Harding,0.003687,0.003687,0.0016,2.3046,1.0,0.003687
Hidalgo,0.001707,0.001707,0.000715,2.3882,1.0,0.001707
Lea,0.000302,0.000302,0.000141,2.1488,1.0,0.000302
Lincoln,0.001315,0.001315,0.000562,2.3405,1.0,0.001315
Los Alamos,0.007149,0.007149,0.001446,2.4727,2.0,0.007149
Luna,0.001168,0.001168,0.000548,2.1299,1.0,0.001168
McKinley,0.002281,0.002281,0.000953,2.3936,1.0,0.002281
Mora,0.001971,0.001971,0.000885,2.2273,1.0,0.001971
Otero,0.015468,0.015468,0.003556,2.1748,2.0,0.015468
Quay,0.000826,0.000826,0.000364,2.2716,1.0,0.000826
Rio Arriba,0.00575,0.00575,0.002441,2.3557,1.0,0.00575
Roosevelt,0.001286,0.001286,0.000541,2.3786,1.0,0.001286
Sandoval,0.00305,0.00305,0.00109,2.2697,1.2326,0.00305
San Juan,0.001759,0.001759,0.000726,2.3688,1.023,0.001759
San Miguel,0.003131,0.003131,0.001173,2.2386,1.1923,0.003131
Santa Fe,0.001324,0.001324,0.000565,2.3421,1.0,0.001324
Sierra,0.004058,0.004058,0.000927,2.1893,2.0,0.004058
Socorro,0.001554,0.001554,0.000661,2.3497,1.0,0.001554
Taos,0.003754,0.003754,0.001375,2.2958,1.1892,0.003754
Torrance,0.003138,0.003138,0.000711,2.2053,2.0,0.003138
Union,0.002052,0.002052,0.000739,2.7758,1.0,0.002052
Valencia,0.002496,0.002496,0.001056,2.363,1.0,0.002496
