Name,Estimated unvaccinated prevalence,Estimated vaccinated prevalence,Reported prevalence,Underreporting factor,Delay factor,Estimated prevalence
Entire state,0.002255,0.001835,0.000827,2.4405,1.0,0.002018
Churchill,0.001286,0.001046,0.000482,2.3969,1.0,0.001155
Clark,0.002366,0.001925,0.000841,2.434,1.0292,0.002106
Douglas,0.00351,0.002856,0.000716,2.6034,1.7,0.003167
Elko,0.000992,0.000807,0.00036,2.532,1.0,0.000912
Esmeralda,0.003032,0.002465,0.001145,2.4405,1.0,0.002796
Eureka,0.003003,0.002443,0.000986,2.8887,1.0,0.002847
Humboldt,0.000726,0.000591,0.000297,2.2483,1.0,0.000668
Lander,0.000955,0.000777,0.000362,2.4405,1.0,0.000882
Lincoln,0.001015,0.000826,0.000386,2.4405,1.0,0.000942
Lyon,0.001405,0.001143,0.000522,2.479,1.0,0.001293
Mineral,0.00237,0.001929,0.000888,2.3654,1.0,0.0021
Nye,0.008568,0.006972,0.001569,2.4884,2.0,0.007809
Pershing,0.000699,0.000568,0.000297,2.1881,1.0,0.000651
Storey,0.001238,0.001008,0.000485,2.4405,1.0,0.001184
Washoe,0.002626,0.002136,0.000908,2.5395,1.0,0.002305
White Pine,0.000526,0.000428,0.000209,2.2639,1.0,0.000473
Carson City,0.001983,0.001613,0.00068,2.5613,1.0,0.001741
