Name,Estimated unvaccinated prevalence,Estimated vaccinated prevalence,Reported prevalence,Underreporting factor,Delay factor,Estimated prevalence
Entire state,0.003232,0.003232,0.001407,2.2973,1.0,0.003232
Atlantic,0.00222,0.00222,0.000975,2.2779,1.0,0.00222
Bergen,0.004246,0.004246,0.001714,2.2629,1.0946,0.004246
Burlington,0.002858,0.002858,0.001244,2.2973,1.0,0.002858
Camden,0.00297,0.00297,0.001285,2.3107,1.0,0.00297
Cape May,0.002009,0.002009,0.00088,2.2833,1.0,0.002009
Cumberland,0.002612,0.002612,0.001184,2.2066,1.0,0.002612
Essex,0.003557,0.003557,0.001473,2.3204,1.0407,0.003557
Gloucester,0.002484,0.002484,0.001084,2.2922,1.0,0.002484
Hudson,0.004114,0.004114,0.001524,2.3297,1.1584,0.004114
Hunterdon,0.003351,0.003351,0.001439,2.3282,1.0,0.003351
Mercer,0.002308,0.002308,0.001037,2.2254,1.0,0.002308
Middlesex,0.003494,0.003494,0.001496,2.3359,1.0,0.003494
Monmouth,0.003479,0.003479,0.001474,2.3188,1.0179,0.003479
Morris,0.003358,0.003358,0.001439,2.3328,1.0,0.003358
Ocean,0.003211,0.003211,0.001397,2.299,1.0,0.003211
Passaic,0.003709,0.003709,0.001469,2.3058,1.0952,0.003709
Salem,0.002304,0.002304,0.00101,2.2815,1.0,0.002304
Somerset,0.003416,0.003416,0.001453,2.3507,1.0,0.003416
Sussex,0.003588,0.003588,0.00153,2.3448,1.0,0.003588
Union,0.003073,0.003073,0.001339,2.2887,1.0027,0.003073
Warren,0.006484,0.006484,0.001881,2.3448,1.4701,0.006484
