Name,Estimated unvaccinated prevalence,Estimated vaccinated prevalence,Reported prevalence,Underreporting factor,Delay factor,Estimated prevalence
Entire state,0.010621,0.001955,0.002023,2.4518,1.0,0.004959
Bernalillo,0.007282,0.00134,0.001536,2.4296,1.0,0.003731
Catron,0.002989,0.00055,0.000851,2.3992,1.0,0.002041
Chaves,0.011609,0.002136,0.003467,2.3468,1.0,0.008135
Cibola,0.012051,0.002218,0.002249,2.473,1.1346,0.006311
Colfax,0.023333,0.004294,0.004522,2.3739,1.2045,0.012931
Curry,0.011498,0.002116,0.003023,2.6235,1.0,0.007931
De Baca,0.002062,0.00038,0.000572,2.3427,1.0,0.00134
Dona Ana,0.008444,0.001554,0.001819,2.4393,1.0,0.004438
Eddy,0.014992,0.002759,0.004054,2.5889,1.0,0.010495
Grant,0.011304,0.00208,0.001741,2.4328,1.3939,0.005904
Guadalupe,0.006491,0.001194,0.001395,2.3957,1.0,0.003343
Harding,0.012448,0.002291,0.0032,2.4518,1.0,0.007846
Hidalgo,0.013406,0.002467,0.002144,2.3702,1.6,0.00813
Lea,0.0208,0.003828,0.005516,2.652,1.0,0.014627
Lincoln,0.022344,0.004112,0.004701,2.6498,1.0581,0.01318
Los Alamos,0.005672,0.001044,0.000568,2.2048,2.0,0.002504
Luna,0.003901,0.000718,0.000886,2.326,1.0,0.00206
McKinley,0.008625,0.001587,0.001709,2.4424,1.0,0.004175
Mora,0.012706,0.002338,0.002875,2.4456,1.0,0.007032
Otero,0.011,0.002024,0.00243,2.5017,1.2164,0.007395
Quay,0.030773,0.005663,0.005937,2.6668,1.3333,0.021111
Rio Arriba,0.020825,0.003832,0.00203,2.4328,2.0,0.009876
Roosevelt,0.005313,0.000978,0.001568,2.5127,1.0,0.003939
Sandoval,0.008149,0.0015,0.001697,2.4393,1.0,0.004139
San Juan,0.013459,0.002477,0.002372,2.4164,1.2739,0.007301
San Miguel,0.013156,0.002421,0.002823,2.4904,1.0,0.00703
Santa Fe,0.005954,0.001096,0.000971,2.3547,1.1508,0.002631
Sierra,0.006973,0.001283,0.001575,2.326,1.0,0.003664
Socorro,0.004846,0.000892,0.001142,2.3344,1.0,0.002666
Taos,0.006968,0.001282,0.001253,2.3739,1.0,0.002974
Torrance,0.028251,0.005199,0.003751,2.6935,1.9655,0.01986
Union,0.015007,0.002762,0.003449,2.7015,1.0,0.009318
Valencia,0.008869,0.001632,0.001917,2.4847,1.0977,0.005228
