Name,Estimated unvaccinated prevalence,Estimated vaccinated prevalence,Reported prevalence,Underreporting factor,Delay factor,Estimated prevalence
Entire state,0.010843,0.002041,0.002372,2.6142,1.0,0.006202
Churchill,0.027436,0.005165,0.006142,2.7445,1.0935,0.018434
Clark,0.007147,0.001345,0.001689,2.5573,1.0,0.00432
Douglas,0.018023,0.003393,0.003722,3.0006,1.0,0.011167
Elko,0.023834,0.004487,0.004472,2.9014,1.3352,0.017323
Esmeralda,0.01658,0.003121,0.004582,2.5387,1.0,0.011632
Eureka,0.057796,0.01088,0.009364,2.5054,2.0,0.046922
Humboldt,0.025921,0.00488,0.005407,2.6983,1.2676,0.018493
Lander,0.045561,0.008577,0.006327,2.6793,2.0,0.033903
Lincoln,0.018247,0.003435,0.005595,2.3995,1.0,0.013426
Lyon,0.036109,0.006797,0.007338,2.9095,1.2029,0.02568
Mineral,0.03246,0.006111,0.007103,2.7268,1.0,0.019369
Nye,0.006076,0.001144,0.00144,2.8619,1.0,0.004122
Pershing,0.02304,0.004337,0.003123,2.7308,2.0,0.017055
Storey,0.019509,0.003673,0.002668,3.1119,2.0,0.016605
Washoe,0.021427,0.004034,0.004144,2.8009,1.0,0.011607
White Pine,0.000407,7.7e-05,0.000104,2.4571,1.0,0.000256
Carson City,0.020714,0.003899,0.004239,2.6465,1.0,0.011217
