Name,Estimated unvaccinated prevalence,Estimated vaccinated prevalence,Reported prevalence,Underreporting factor,Delay factor,Estimated prevalence
Entire state,0.001895,0.001895,0.000827,2.2898,1.0,0.001895
Bernalillo,0.001684,0.001684,0.000698,2.2545,1.0701,0.001684
Catron,0.002963,0.002963,0.001134,2.6127,1.0,0.002963
Chaves,0.003139,0.003139,0.001099,2.2853,1.25,0.003139
Cibola,0.002386,0.002386,0.00105,2.2727,1.0,0.002386
Colfax,0.002293,0.002293,0.000502,2.2822,2.0,0.002293
Curry,0.002764,0.002764,0.001164,2.3742,1.0,0.002764
De Baca,0.00524,0.00524,0.002288,2.2898,1.0,0.00524
Dona Ana,0.002343,0.002343,0.000953,2.4583,1.0,0.002343
Eddy,0.001338,0.001338,0.000564,2.3707,1.0,0.001338
Grant,0.002718,0.002718,0.001148,2.3671,1.0,0.002718
Guadalupe,0.004105,0.004105,0.001395,2.3537,1.25,0.004105
Harding,0.003664,0.003664,0.0016,2.2898,1.0,0.003664
Hidalgo,0.002837,0.002837,0.001191,2.3823,1.0,0.002837
Lea,0.002535,0.002535,0.001083,2.3399,1.0,0.002535
Lincoln,0.003803,0.003803,0.001584,2.4013,1.0,0.003803
Los Alamos,0.005821,0.005821,0.001239,2.3488,2.0,0.005821
Luna,0.001543,0.001543,0.000633,2.4388,1.0,0.001543
McKinley,0.002656,0.002656,0.001135,2.3399,1.0,0.002656
Mora,0.000988,0.000988,0.000442,2.2329,1.0,0.000988
Otero,0.002683,0.002683,0.001156,2.3213,1.0,0.002683
Quay,0.009155,0.009155,0.001939,2.3611,2.0,0.009155
Rio Arriba,0.001654,0.001654,0.000719,2.2988,1.0,0.001654
Roosevelt,0.003824,0.003824,0.001351,2.4761,1.1429,0.003824
Sandoval,0.002047,0.002047,0.000743,2.2457,1.2273,0.002047
San Juan,0.002987,0.002987,0.00125,2.2646,1.0548,0.002987
San Miguel,0.001486,0.001486,0.000623,2.2348,1.0667,0.001486
Santa Fe,0.001524,0.001524,0.000585,2.3046,1.1299,0.001524
Sierra,0.002036,0.002036,0.000834,2.1356,1.1429,0.002036
Socorro,0.002048,0.002048,0.000902,2.2711,1.0,0.002048
Taos,0.000693,0.000693,0.000306,2.2679,1.0,0.000693
Torrance,0.001829,0.001829,0.000582,2.3562,1.3333,0.001829
Union,0.002109,0.002109,0.000739,2.8538,1.0,0.002109
Valencia,0.001691,0.001691,0.000587,2.2272,1.2941,0.001691
