Name,Estimated unvaccinated prevalence,Estimated vaccinated prevalence,Reported prevalence,Underreporting factor,Delay factor,Estimated prevalence
Entire state,0.006594,0.005351,0.002282,2.3533,1.051,0.005644
Atlantic,0.005832,0.004733,0.002131,2.385,1.0,0.005083
Bergen,0.008371,0.006793,0.002713,2.373,1.1078,0.007132
Burlington,0.007649,0.006207,0.002248,2.3677,1.233,0.006562
Camden,0.006069,0.004925,0.001976,2.3514,1.1338,0.005269
Cape May,0.005774,0.004686,0.001901,2.3225,1.1226,0.004957
Cumberland,0.00395,0.003205,0.001565,2.2698,1.0,0.003552
Essex,0.00681,0.005526,0.002422,2.3782,1.0184,0.005866
Gloucester,0.004558,0.003699,0.001704,2.357,1.0,0.004017
Hudson,0.007102,0.005763,0.002577,2.3459,1.0,0.006046
Hunterdon,0.005568,0.004518,0.001938,2.3799,1.0435,0.004812
Mercer,0.00766,0.006216,0.002496,2.3038,1.1508,0.006616
Middlesex,0.007165,0.005814,0.002474,2.3867,1.0429,0.006158
Monmouth,0.007585,0.006155,0.00244,2.385,1.1337,0.006598
Morris,0.00817,0.006629,0.002633,2.3966,1.1032,0.006961
Ocean,0.004697,0.003811,0.001805,2.3245,1.0027,0.004207
Passaic,0.006003,0.004871,0.002196,2.3677,1.0,0.005199
Salem,0.00275,0.002231,0.001058,2.3225,1.0,0.002457
Somerset,0.006105,0.004954,0.002158,2.4174,1.0,0.005218
Sussex,0.00471,0.003822,0.001673,2.3514,1.0541,0.004146
Union,0.006557,0.005321,0.002205,2.3459,1.0946,0.005663
Warren,0.005606,0.004549,0.001596,2.3782,1.2846,0.004876
