Name,Estimated unvaccinated prevalence,Estimated vaccinated prevalence,Reported prevalence,Underreporting factor,Delay factor,Estimated prevalence
Entire state,0.008562,0.00161,0.001894,2.5061,1.0,0.004747
Churchill,0.047581,0.008949,0.007186,2.7719,1.5614,0.031102
Clark,0.006016,0.001132,0.001437,2.4497,1.0059,0.003542
Douglas,0.005799,0.001091,0.001411,2.5061,1.0,0.003536
Elko,0.036405,0.006847,0.008413,2.9631,1.0375,0.025861
Esmeralda,0.091584,0.017225,0.0126,2.5193,2.0,0.063486
Eureka,0.081558,0.015339,0.012321,2.665,2.0,0.065672
Humboldt,0.029195,0.005491,0.007546,2.7176,1.0,0.020506
Lander,0.018854,0.003546,0.0047,2.9098,1.0,0.013676
Lincoln,0.000614,0.000115,0.000193,2.3116,1.0,0.000446
Lyon,0.012203,0.002295,0.003147,2.712,1.0,0.008535
Mineral,0.042234,0.007943,0.004661,2.6589,2.0,0.024789
Nye,0.005985,0.001126,0.001483,2.683,1.0,0.003979
Pershing,0.005038,0.000947,0.001487,2.4759,1.0,0.003682
Storey,0.008974,0.001688,0.002911,2.6122,1.0,0.007603
Washoe,0.012695,0.002388,0.002587,2.5943,1.0,0.006712
White Pine,0.0489,0.009197,0.008559,2.5371,1.3966,0.030328
Carson City,0.009454,0.001778,0.002057,2.4218,1.0,0.004981
