Name,Estimated unvaccinated prevalence,Estimated vaccinated prevalence,Reported prevalence,Underreporting factor,Delay factor,Estimated prevalence
Entire state,0.02392,0.004409,0.003593,2.5205,1.1923,0.010798
Bernalillo,0.016194,0.002985,0.002664,2.4793,1.2134,0.008014
Catron,0.018745,0.003455,0.004253,2.9737,1.0,0.012647
Chaves,0.010045,0.001852,0.003064,2.2508,1.0,0.006897
Cibola,0.014976,0.002761,0.002887,2.5158,1.0556,0.007666
Colfax,0.023056,0.00425,0.004941,2.5274,1.0,0.012488
Curry,0.00758,0.001397,0.001961,2.5228,1.0106,0.005
De Baca,0.130252,0.024011,0.016018,2.6023,2.0,0.08337
Dona Ana,0.029441,0.005427,0.004336,2.5251,1.3716,0.015015
Eddy,0.009182,0.001693,0.002463,2.532,1.0,0.006237
Grant,0.053894,0.009935,0.010334,2.645,1.0109,0.027632
Guadalupe,0.021883,0.004034,0.002326,2.3647,2.0,0.010999
Harding,0.00655,0.001207,0.0016,2.5205,1.0,0.004033
Hidalgo,0.043959,0.008104,0.005479,2.5983,1.8333,0.026099
Lea,0.005004,0.000922,0.001407,2.4316,1.0,0.003421
Lincoln,0.049467,0.009119,0.007102,2.6689,1.5,0.028432
Los Alamos,0.006181,0.001139,0.000826,2.3407,1.3636,0.002637
Luna,0.025983,0.00479,0.004344,2.5798,1.186,0.013293
McKinley,0.034152,0.006296,0.005437,2.6201,1.0963,0.015617
Mora,0.008944,0.001649,0.00177,2.7245,1.0,0.004821
Otero,0.025585,0.004716,0.00569,2.6832,1.0974,0.016754
Quay,0.009965,0.001837,0.002545,2.6298,1.0,0.006692
Rio Arriba,0.049179,0.009066,0.005678,2.6653,1.4765,0.022345
Roosevelt,0.022464,0.004141,0.004108,2.5387,1.5625,0.016296
Sandoval,0.016435,0.00303,0.002733,2.4287,1.2158,0.008069
San Juan,0.060969,0.011239,0.009366,2.6972,1.2554,0.031715
San Miguel,0.010522,0.00194,0.00231,2.3713,1.0,0.005477
Santa Fe,0.01518,0.002798,0.001962,2.4587,1.3425,0.006476
Sierra,0.016792,0.003095,0.003151,2.4085,1.1379,0.008635
Socorro,0.013719,0.002529,0.003005,2.4613,1.0,0.007397
Taos,0.032621,0.006013,0.003759,2.5983,1.3708,0.013388
Torrance,0.019184,0.003536,0.002781,2.6182,1.8261,0.013297
Union,0.007293,0.001344,0.001478,3.0174,1.0,0.00446
Valencia,0.012777,0.002355,0.002921,2.4967,1.0045,0.007326
