Name,Estimated unvaccinated prevalence,Estimated vaccinated prevalence,Reported prevalence,Underreporting factor,Delay factor,Estimated prevalence
Entire state,0.000949,0.00077,0.000375,2.2465,1.0,0.000842
Bernalillo,0.000924,0.000749,0.000361,2.2497,1.0,0.000812
Catron,0.001505,0.001221,0.000567,2.4467,1.0,0.001387
Chaves,0.000295,0.000239,0.000124,2.2013,1.0,0.000273
Cibola,0.003983,0.003231,0.00105,2.3661,1.4211,0.003529
Colfax,0.000626,0.000508,0.000251,2.2198,1.0,0.000558
Curry,0.004979,0.004039,0.00094,2.4159,2.0,0.00454
De Baca,0.001409,0.001143,0.000572,2.2465,1.0,0.001285
Dona Ana,0.000526,0.000426,0.000202,2.2954,1.0,0.000463
Eddy,0.000125,0.000101,5.1e-05,2.2369,1.0,0.000115
Grant,0.002071,0.00168,0.000444,2.2465,1.8333,0.001831
Guadalupe,0.001246,0.001011,0.000465,2.3682,1.0,0.001102
Harding,0.003958,0.003211,0.0016,2.2465,1.0,0.003594
Hidalgo,0.002462,0.001997,0.000953,2.3327,1.0,0.002223
Lea,0.000343,0.000278,0.000127,2.1893,1.1429,0.000317
Lincoln,0.004073,0.003304,0.00092,2.3442,1.7,0.003665
Los Alamos,0.002395,0.001943,0.000826,2.5056,1.0,0.00207
Luna,0.000749,0.000608,0.000295,2.2268,1.0,0.000657
McKinley,0.002026,0.001643,0.000659,2.3279,1.15,0.001763
Mora,0.001695,0.001375,0.000664,2.2735,1.0,0.001509
Otero,0.000759,0.000616,0.000311,2.2302,1.0,0.000694
Quay,0.001236,0.001003,0.000485,2.3442,1.0,0.001136
Rio Arriba,0.00153,0.001241,0.000488,2.2735,1.2,0.001332
Roosevelt,0.00038,0.000308,0.000162,2.1809,1.0,0.000354
Sandoval,0.001505,0.001221,0.000484,2.1852,1.25,0.001322
San Juan,0.000678,0.00055,0.000266,2.2401,1.0,0.000596
San Miguel,0.003123,0.002533,0.000917,2.2619,1.3333,0.002764
Santa Fe,0.001573,0.001276,0.000572,2.2928,1.0366,0.001359
Sierra,0.000901,0.000731,0.000371,2.1477,1.0,0.000796
Socorro,0.000305,0.000248,0.00012,2.2619,1.0,0.000272
Taos,0.000722,0.000586,0.000275,2.2619,1.0,0.000622
Torrance,0.002397,0.001945,0.000517,2.1423,2.0,0.002217
Union,0.003838,0.003113,0.000739,2.3703,2.0,0.003504
Valencia,0.00086,0.000698,0.000339,2.2764,1.0,0.000772
