Name,Estimated unvaccinated prevalence,Estimated vaccinated prevalence,Reported prevalence,Underreporting factor,Delay factor,Estimated prevalence
Entire state,0.009526,0.001792,0.002076,2.5624,1.0,0.005318
Churchill,0.018614,0.003501,0.004617,2.6529,1.0,0.012248
Clark,0.006041,0.001136,0.001429,2.5003,1.0,0.003573
Douglas,0.00972,0.001828,0.002188,2.7152,1.0,0.005941
Elko,0.038042,0.007155,0.008109,2.9584,1.1326,0.027173
Esmeralda,0.024999,0.004702,0.003436,2.5244,2.0,0.01735
Eureka,0.018524,0.003484,0.005914,2.5244,1.0,0.01493
Humboldt,0.037504,0.007053,0.009625,2.7453,1.0,0.026424
Lander,0.016991,0.003195,0.004881,2.5399,1.0,0.012397
Lincoln,0.008986,0.00169,0.002701,2.426,1.0,0.006553
Lyon,0.01795,0.003376,0.00473,2.6654,1.0,0.012606
Mineral,0.005138,0.000966,0.00111,2.7304,1.0,0.00303
Nye,0.013558,0.00255,0.002493,2.7778,1.3068,0.009051
Pershing,0.006159,0.001158,0.001933,2.3358,1.0,0.004515
Storey,0.008991,0.001691,0.002911,2.6183,1.0,0.007621
Washoe,0.017626,0.003315,0.003504,2.6716,1.0,0.00936
White Pine,0.024647,0.004635,0.006159,2.4892,1.0,0.01533
Carson City,0.014782,0.00278,0.003094,2.5296,1.0,0.007827
