Name,Estimated unvaccinated prevalence,Estimated vaccinated prevalence,Reported prevalence,Underreporting factor,Delay factor,Estimated prevalence
Entire state,0.004985,0.004985,0.002027,2.2969,1.0707,0.004985
Atlantic,0.005519,0.005519,0.001877,2.2969,1.2798,0.005519
Bergen,0.00673,0.00673,0.002588,2.2969,1.1319,0.00673
Burlington,0.004166,0.004166,0.001662,2.2969,1.0916,0.004166
Camden,0.003506,0.003506,0.001507,2.2969,1.0133,0.003506
Cape May,0.003269,0.003269,0.001423,2.2969,1.0,0.003269
Cumberland,0.00373,0.00373,0.001531,2.2969,1.0605,0.00373
Essex,0.005108,0.005108,0.002182,2.2969,1.0193,0.005108
Gloucester,0.003079,0.003079,0.001341,2.2969,1.0,0.003079
Hudson,0.005456,0.005456,0.002313,2.2969,1.0271,0.005456
Hunterdon,0.003823,0.003823,0.001664,2.2969,1.0,0.003823
Mercer,0.005004,0.005004,0.001815,2.2969,1.2,0.005004
Middlesex,0.004868,0.004868,0.002023,2.2969,1.0477,0.004868
Monmouth,0.005412,0.005412,0.002161,2.2969,1.0906,0.005412
Morris,0.004442,0.004442,0.001911,2.2969,1.0119,0.004442
Ocean,0.004765,0.004765,0.001914,2.2969,1.084,0.004765
Passaic,0.006239,0.006239,0.002521,2.2969,1.0776,0.006239
Salem,0.003915,0.003915,0.00133,2.2969,1.2812,0.003915
Somerset,0.004675,0.004675,0.001912,2.2969,1.0644,0.004675
Sussex,0.005349,0.005349,0.001922,2.2969,1.2117,0.005349
Union,0.004533,0.004533,0.001974,2.2969,1.0,0.004533
Warren,0.00677,0.00677,0.002128,2.2969,1.3851,0.00677
