Name,Estimated unvaccinated prevalence,Estimated vaccinated prevalence,Reported prevalence,Underreporting factor,Delay factor,Estimated prevalence
Entire state,0.005764,0.005764,0.001975,2.3398,1.2474,0.005764
Atlantic,0.006476,0.006476,0.002029,2.343,1.3622,0.006476
Bergen,0.007144,0.007144,0.002208,2.3204,1.3946,0.007144
Burlington,0.006866,0.006866,0.002126,2.3414,1.379,0.006866
Camden,0.006615,0.006615,0.002063,2.3552,1.3611,0.006615
Cape May,0.002951,0.002951,0.001304,2.2637,1.0,0.002951
Cumberland,0.007662,0.007662,0.002648,2.2997,1.258,0.007662
Essex,0.005314,0.005314,0.001876,2.3221,1.2199,0.005314
Gloucester,0.005235,0.005235,0.001893,2.3743,1.1649,0.005235
Hudson,0.005827,0.005827,0.001914,2.3507,1.2951,0.005827
Hunterdon,0.003111,0.003111,0.001343,2.3171,1.0,0.003111
Mercer,0.005838,0.005838,0.00209,2.287,1.2213,0.005838
Middlesex,0.005191,0.005191,0.002051,2.3743,1.0662,0.005191
Monmouth,0.00488,0.00488,0.001779,2.3414,1.1715,0.00488
Morris,0.005173,0.005173,0.00186,2.37,1.1733,0.005173
Ocean,0.005967,0.005967,0.002013,2.3383,1.2679,0.005967
Passaic,0.005099,0.005099,0.001871,2.3414,1.1638,0.005099
Salem,0.005068,0.005068,0.001908,2.3642,1.1238,0.005068
Somerset,0.004881,0.004881,0.001848,2.3842,1.1077,0.004881
Sussex,0.006161,0.006161,0.002164,2.3869,1.1929,0.006161
Union,0.007133,0.007133,0.002069,2.3414,1.4725,0.007133
Warren,0.005494,0.005494,0.001947,2.3786,1.186,0.005494
