Name,Estimated unvaccinated prevalence,Estimated vaccinated prevalence,Reported prevalence,Underreporting factor,Delay factor,Estimated prevalence
Entire state,0.004244,0.003453,0.001472,2.5779,1.0,0.003795
Churchill,0.008434,0.006863,0.002931,2.5861,1.0,0.007579
Clark,0.004255,0.003463,0.001473,2.5727,1.0,0.003791
Douglas,0.003869,0.003148,0.001309,2.6691,1.0,0.003493
Elko,0.004914,0.003998,0.001611,2.804,1.0,0.004516
Esmeralda,0.006397,0.005213,0.002291,2.5779,1.0,0.005906
Eureka,0.00268,0.002182,0.000986,2.5779,1.0,0.002541
Humboldt,0.001327,0.00108,0.000535,2.2832,1.0,0.001221
Lander,0.002017,0.001642,0.000723,2.5779,1.0,0.001864
Lincoln,0.000577,0.00047,0.000193,2.7736,1.0,0.000535
Lyon,0.003859,0.00314,0.001287,2.7612,1.0,0.003553
Mineral,0.003493,0.002842,0.001332,2.3246,1.0,0.003096
Nye,0.003619,0.002945,0.001204,2.7412,1.0,0.0033
Pershing,0.003046,0.00248,0.00119,2.3868,1.0,0.002839
Storey,0.001189,0.000969,0.000485,2.346,1.0,0.001138
Washoe,0.004292,0.003492,0.001423,2.6491,1.0,0.00377
White Pine,0.000848,0.00069,0.000313,2.4335,1.0,0.000762
Carson City,0.012536,0.0102,0.002683,2.7274,1.5051,0.011012
