Name,Estimated unvaccinated prevalence,Estimated vaccinated prevalence,Reported prevalence,Underreporting factor,Delay factor,Estimated prevalence
Entire state,0.000965,0.000786,0.000376,2.2594,1.0087,0.000858
Churchill,0.000391,0.000318,0.000161,2.192,1.0,0.000352
Clark,0.001126,0.000917,0.000383,2.2532,1.1651,0.001006
Douglas,0.001329,0.001082,0.000511,2.3535,1.0,0.001203
Elko,0.000553,0.00045,0.000227,2.2435,1.0,0.00051
Esmeralda,0.002803,0.002282,0.001145,2.2594,1.0,0.002588
Eureka,0.001173,0.000955,0.000493,2.2594,1.0,0.001114
Humboldt,0.000137,0.000111,5.9e-05,2.1201,1.0,0.000126
Lander,0.000442,0.000359,0.000181,2.2594,1.0,0.000408
Lincoln,0.00047,0.000382,0.000193,2.2594,1.0,0.000436
Lyon,0.000961,0.000782,0.0004,2.2156,1.0,0.000886
Mineral,0.001143,0.000931,0.000444,2.2914,1.0,0.001017
Nye,0.000713,0.00058,0.000215,2.358,1.2857,0.000652
Pershing,0.00072,0.000586,0.000297,2.2594,1.0,0.000672
Storey,0.00686,0.005583,0.001455,2.2594,2.0,0.006576
Washoe,0.001141,0.000929,0.000337,2.3202,1.2846,0.001005
White Pine,0.000265,0.000216,0.000104,2.2859,1.0,0.000239
Carson City,0.002671,0.002174,0.001055,2.2299,1.0,0.002353
