Name,Estimated unvaccinated prevalence,Estimated vaccinated prevalence,Reported prevalence,Underreporting factor,Delay factor,Estimated prevalence
Entire state,0.009483,0.001785,0.001442,2.4511,1.3107,0.004634
Churchill,0.017104,0.00322,0.002489,2.4906,1.6944,0.010504
Clark,0.009469,0.001782,0.001495,2.4487,1.4243,0.005213
Douglas,0.004686,0.000882,0.001043,2.6414,1.0,0.002755
Elko,0.006271,0.00118,0.001478,2.5899,1.1,0.00421
Esmeralda,0.004242,0.000799,0.001145,2.4511,1.0,0.002808
Eureka,0.003196,0.000602,0.000986,2.5395,1.0,0.002503
Humboldt,0.003527,0.000664,0.00101,2.3469,1.0,0.00237
Lander,0.006525,0.001228,0.001627,2.7672,1.0,0.004502
Lincoln,0.000628,0.000118,0.000193,2.2646,1.0,0.000437
Lyon,0.008824,0.001661,0.001687,2.6779,1.3151,0.00594
Mineral,0.017082,0.003215,0.003552,2.6397,1.0,0.009375
Nye,0.006994,0.001317,0.001419,2.6938,1.1607,0.004436
Pershing,0.014263,0.002685,0.002528,2.506,1.6,0.010136
Storey,0.004291,0.000808,0.001455,2.4678,1.0,0.003591
Washoe,0.006087,0.001146,0.001177,2.5017,1.0203,0.003004
White Pine,0.003453,0.00065,0.000939,2.162,1.0,0.002031
Carson City,0.007846,0.001477,0.001502,2.3969,1.0779,0.003881
