Name,Estimated unvaccinated prevalence,Estimated vaccinated prevalence,Reported prevalence,Underreporting factor,Delay factor,Estimated prevalence
Entire state,0.001322,0.001322,0.0006,2.2037,1.0,0.001322
Atlantic,0.002208,0.002208,0.000967,2.2826,1.0,0.002208
Bergen,0.00136,0.00136,0.000615,2.2131,1.0,0.00136
Burlington,0.001531,0.001531,0.000685,2.2358,1.0,0.001531
Camden,0.001617,0.001617,0.000723,2.2375,1.0,0.001617
Cape May,0.001659,0.001659,0.00075,2.2131,1.0,0.001659
Cumberland,0.001434,0.001434,0.000649,2.2113,1.0,0.001434
Essex,0.001059,0.001059,0.000482,2.1979,1.0,0.001059
Gloucester,0.001458,0.001458,0.000648,2.2503,1.0,0.001458
Hudson,0.001223,0.001223,0.000561,2.1814,1.0,0.001223
Hunterdon,0.001271,0.001271,0.000563,2.258,1.0,0.001271
Mercer,0.001133,0.001133,0.000514,2.2018,1.0,0.001133
Middlesex,0.001461,0.001461,0.000651,2.244,1.0,0.001461
Monmouth,0.001375,0.001375,0.000619,2.2221,1.0,0.001375
Morris,0.0013,0.0013,0.000586,2.2204,1.0,0.0013
Ocean,0.001316,0.001316,0.000598,2.2018,1.0,0.001316
Passaic,0.001263,0.001263,0.000576,2.1939,1.0,0.001263
Salem,0.002578,0.002578,0.000978,2.2407,1.1765,0.002578
Somerset,0.00116,0.00116,0.000517,2.244,1.0,0.00116
Sussex,0.000791,0.000791,0.000356,2.2221,1.0,0.000791
Union,0.001108,0.001108,0.0005,2.2168,1.0,0.001108
Warren,0.001138,0.001138,0.000513,2.2186,1.0,0.001138
