Name,Estimated unvaccinated prevalence,Estimated vaccinated prevalence,Reported prevalence,Underreporting factor,Delay factor,Estimated prevalence
Entire state,0.004764,0.004764,0.001503,3.1696,1.0,0.004764
Atlantic,0.004697,0.004697,0.001468,3.1999,1.0,0.004697
Bergen,0.007426,0.007426,0.002287,3.2468,1.0,0.007426
Burlington,0.004807,0.004807,0.001522,3.1573,1.0,0.004807
Camden,0.00466,0.00466,0.001487,3.1342,1.0,0.00466
Cape May,0.00449,0.00449,0.001488,3.0167,1.0,0.00449
Cumberland,0.004697,0.004697,0.001445,3.0245,1.075,0.004697
Essex,0.006921,0.006921,0.00214,3.1862,1.0148,0.006921
Gloucester,0.004204,0.004204,0.001354,3.1036,1.0,0.004204
Hudson,0.007215,0.007215,0.002252,3.2044,1.0,0.007215
Hunterdon,0.008297,0.008297,0.001785,3.1548,1.4733,0.008297
Mercer,0.004709,0.004709,0.001513,3.1122,1.0,0.004709
Middlesex,0.006233,0.006233,0.001931,3.2282,1.0,0.006233
Monmouth,0.006326,0.006326,0.001981,3.1931,1.0,0.006326
Morris,0.006044,0.006044,0.001889,3.1999,1.0,0.006044
Ocean,0.005642,0.005642,0.001766,3.1954,1.0,0.005642
Passaic,0.007577,0.007577,0.002339,3.2387,1.0,0.007577
Salem,0.003143,0.003143,0.001042,3.0167,1.0,0.003143
Somerset,0.005669,0.005669,0.001797,3.1178,1.012,0.005669
Sussex,0.005173,0.005173,0.001587,3.2588,1.0,0.005173
Union,0.006275,0.006275,0.001999,3.1394,1.0,0.006275
Warren,0.011956,0.011956,0.002128,3.1999,1.7559,0.011956
