Name,Estimated unvaccinated prevalence,Estimated vaccinated prevalence,Reported prevalence,Underreporting factor,Delay factor,Estimated prevalence
Entire state,0.054065,0.043859,0.009095,2.6133,2.0,0.047536
Bernalillo,0.055015,0.044629,0.009277,2.6182,2.0,0.048576
Catron,0.022563,0.018303,0.003686,2.826,2.0,0.020832
Chaves,0.022819,0.018511,0.007305,2.3899,1.2108,0.021138
Cibola,0.044377,0.036,0.00776,2.5405,2.0,0.039428
Colfax,0.040795,0.033094,0.006951,2.6198,2.0,0.036419
Curry,0.024519,0.01989,0.007926,2.5178,1.1316,0.022581
De Baca,0.084969,0.068929,0.015446,2.5158,2.0,0.07772
Dona Ana,0.060636,0.049189,0.010216,2.6278,2.0,0.053689
Eddy,0.040631,0.03296,0.007441,2.5216,2.0,0.037527
Grant,0.079564,0.064544,0.013816,2.5797,1.9787,0.070524
Guadalupe,0.040574,0.032915,0.00814,2.205,2.0,0.035895
Harding,0.010027,0.008134,0.0032,2.8534,1.0,0.009131
Hidalgo,0.098917,0.080244,0.016198,2.7643,2.0,0.089554
Lea,0.062419,0.050636,0.010792,2.6783,2.0,0.05781
Lincoln,0.048101,0.039021,0.008175,2.6528,2.0,0.043373
Los Alamos,0.062974,0.051086,0.010532,2.59,2.0,0.054557
Luna,0.026037,0.021122,0.004977,2.4473,1.8871,0.022985
McKinley,0.065789,0.05337,0.011322,2.546,2.0,0.05765
Mora,0.047844,0.038812,0.008405,2.5405,2.0,0.042706
Otero,0.032149,0.02608,0.005838,2.5349,2.0,0.029597
Quay,0.027306,0.022151,0.005574,2.61,1.7308,0.025178
Rio Arriba,0.063892,0.051831,0.010431,2.6709,2.0,0.055723
Roosevelt,0.059183,0.048011,0.010703,2.5849,2.0,0.055331
Sandoval,0.054982,0.044603,0.009302,2.6051,2.0,0.048463
San Juan,0.044701,0.036263,0.007995,2.4755,2.0,0.039581
San Miguel,0.051704,0.041943,0.009165,2.5041,2.0,0.045901
Santa Fe,0.064417,0.052256,0.010542,2.6497,2.0,0.055864
Sierra,0.026226,0.021275,0.004633,2.5587,1.96,0.023237
Socorro,0.035038,0.028424,0.006912,2.5815,1.7538,0.031295
Taos,0.033348,0.027052,0.005562,2.5883,2.0,0.028791
Torrance,0.037014,0.030027,0.006468,2.6543,2.0,0.034336
Union,0.034786,0.028219,0.008623,2.8187,1.3077,0.031783
Valencia,0.043194,0.03504,0.007524,2.5849,2.0,0.038897
