Name,Estimated unvaccinated prevalence,Estimated vaccinated prevalence,Reported prevalence,Underreporting factor,Delay factor,Estimated prevalence
Entire state,0.008301,0.006755,0.002009,2.5994,1.4177,0.007404
Churchill,0.006633,0.005398,0.001124,2.6526,2.0,0.005964
Clark,0.008794,0.007156,0.002171,2.5746,1.4034,0.007843
Douglas,0.004585,0.003731,0.00137,2.7038,1.1186,0.004144
Elko,0.001544,0.001257,0.000474,2.4997,1.2,0.001421
Esmeralda,0.003225,0.002628,0.001145,2.5994,1.0,0.002978
Eureka,0.004053,0.003295,0.001479,2.5994,1.0,0.003843
Humboldt,0.000576,0.000469,0.000238,2.2326,1.0,0.000531
Lander,0.002033,0.001655,0.000723,2.5994,1.0,0.00188
Lincoln,0.000541,0.00044,0.000193,2.5994,1.0,0.000502
Lyon,0.006692,0.005446,0.0016,2.7106,1.4219,0.006166
Mineral,0.003777,0.003075,0.000888,2.5188,1.5,0.003355
Nye,0.005703,0.004641,0.000989,2.6321,2.0,0.005205
Pershing,0.006171,0.005023,0.00119,2.4181,2.0,0.005753
Storey,0.003949,0.003213,0.000728,2.5994,2.0,0.003783
Washoe,0.009093,0.007399,0.00197,2.6547,1.5288,0.007996
White Pine,0.0003,0.000244,0.000104,2.5842,1.0,0.00027
Carson City,0.003882,0.003159,0.00127,2.6888,1.0,0.003414
