Name,Estimated unvaccinated prevalence,Estimated vaccinated prevalence,Reported prevalence,Underreporting factor,Delay factor,Estimated prevalence
Entire state,0.00479,0.00479,0.002038,2.3504,1.0,0.00479
Atlantic,0.004343,0.004343,0.00187,2.3228,1.0,0.004343
Bergen,0.006036,0.006036,0.002568,2.3504,1.0,0.006036
Burlington,0.004014,0.004014,0.00172,2.3336,1.0,0.004014
Camden,0.003756,0.003756,0.001617,2.3228,1.0,0.003756
Cape May,0.005067,0.005067,0.002206,2.2972,1.0,0.005067
Cumberland,0.002769,0.002769,0.001244,2.2263,1.0,0.002769
Essex,0.004629,0.004629,0.001974,2.3453,1.0,0.004629
Gloucester,0.002889,0.002889,0.001248,2.3145,1.0,0.002889
Hudson,0.005024,0.005024,0.002113,2.3771,1.0,0.005024
Hunterdon,0.004948,0.004948,0.002099,2.3579,1.0,0.004948
Mercer,0.004642,0.004642,0.002025,2.2927,1.0,0.004642
Middlesex,0.004822,0.004822,0.002022,2.3852,1.0,0.004822
Monmouth,0.005261,0.005261,0.002225,2.364,1.0,0.005261
Morris,0.004484,0.004484,0.001895,2.3664,1.0,0.004484
Ocean,0.005389,0.005389,0.002289,2.3542,1.0,0.005389
Passaic,0.00574,0.00574,0.002423,2.3688,1.0,0.00574
Salem,0.002242,0.002242,0.000962,2.331,1.0,0.002242
Somerset,0.004603,0.004603,0.001924,2.392,1.0,0.004603
Sussex,0.005299,0.005299,0.002043,2.3579,1.1,0.005299
Union,0.004801,0.004801,0.002049,2.3428,1.0,0.004801
Warren,0.00454,0.00454,0.001928,2.3542,1.0,0.00454
