Name,Estimated unvaccinated prevalence,Estimated vaccinated prevalence,Reported prevalence,Underreporting factor,Delay factor,Estimated prevalence
Entire state,0.006981,0.00129,0.001359,2.3332,1.0,0.003171
Atlantic,0.010716,0.001981,0.002241,2.457,1.0,0.005507
Bergen,0.005468,0.001011,0.001015,2.3085,1.0,0.002343
Burlington,0.008404,0.001553,0.00163,2.3449,1.0,0.003823
Camden,0.00865,0.001599,0.001856,2.3562,1.0,0.004373
Cape May,0.014811,0.002738,0.002705,2.4333,1.0122,0.006664
Cumberland,0.010751,0.001987,0.002595,2.3525,1.1026,0.006731
Essex,0.004135,0.000764,0.000887,2.2519,1.0129,0.002024
Gloucester,0.010258,0.001896,0.00228,2.4333,1.0,0.005548
Hudson,0.003396,0.000628,0.000665,2.2622,1.0,0.001504
Hunterdon,0.009895,0.001829,0.001471,2.3562,1.3582,0.004709
Mercer,0.004238,0.000783,0.000901,2.2816,1.0,0.002055
Middlesex,0.005096,0.000942,0.001021,2.3128,1.0072,0.002377
Monmouth,0.007999,0.001479,0.001621,2.3672,1.0287,0.003947
Morris,0.007243,0.001339,0.001175,2.3128,1.1204,0.003045
Ocean,0.012012,0.002221,0.002573,2.4628,1.1238,0.00712
Passaic,0.006019,0.001113,0.001106,2.3252,1.1542,0.002968
Salem,0.010461,0.001934,0.002453,2.4177,1.0483,0.006216
Somerset,0.004741,0.000876,0.000894,2.3372,1.0,0.002089
Sussex,0.011868,0.002194,0.002256,2.4713,1.1286,0.006293
Union,0.003871,0.000716,0.000829,2.2721,1.0,0.001883
Warren,0.008606,0.001591,0.001719,2.3636,1.0526,0.004278
