Name,Estimated unvaccinated prevalence,Estimated vaccinated prevalence,Reported prevalence,Underreporting factor,Delay factor,Estimated prevalence
Entire state,0.00845,0.006853,0.003062,2.4656,1.0,0.007549
Bernalillo,0.009139,0.007412,0.00325,2.4669,1.0,0.008017
Catron,0.007979,0.006475,0.001418,2.5917,2.0,0.007348
Chaves,0.003774,0.003061,0.0013,2.2265,1.2029,0.003482
Cibola,0.010094,0.008187,0.002999,2.5239,1.1791,0.008925
Colfax,0.007778,0.006308,0.001591,2.4161,1.8,0.00692
Curry,0.005416,0.004392,0.002063,2.3923,1.0,0.004936
De Baca,0.00573,0.004642,0.002288,2.282,1.0,0.005222
Dona Ana,0.006685,0.005422,0.002406,2.4415,1.0,0.005875
Eddy,0.00301,0.002441,0.001163,2.2751,1.0469,0.00277
Grant,0.013872,0.011251,0.005074,2.413,1.0,0.012245
Guadalupe,0.026166,0.021219,0.004651,2.4831,2.0,0.023099
Harding,0.013022,0.010565,0.0048,2.4656,1.0,0.011835
Hidalgo,0.015538,0.012608,0.003335,2.5852,1.625,0.01401
Lea,0.008317,0.006745,0.001632,2.3509,2.0,0.007674
Lincoln,0.009656,0.007832,0.003423,2.536,1.0,0.008681
Los Alamos,0.013924,0.011294,0.004801,2.5001,1.0,0.012004
Luna,0.007266,0.005894,0.002657,2.3956,1.0,0.006366
McKinley,0.017564,0.014246,0.004638,2.5455,1.284,0.015159
Mora,0.006793,0.00551,0.002433,2.4858,1.0,0.006048
Otero,0.004216,0.003419,0.00163,2.3617,1.0,0.003849
Quay,0.002401,0.001947,0.000969,2.2727,1.0,0.002203
Rio Arriba,0.019183,0.015557,0.004599,2.6254,1.3798,0.016661
Roosevelt,0.001814,0.001471,0.000757,2.2321,1.0,0.001689
Sandoval,0.009893,0.008024,0.003421,2.4586,1.0309,0.00867
San Juan,0.013323,0.010806,0.00455,2.5685,1.0,0.011687
San Miguel,0.017932,0.014543,0.004949,2.4386,1.3137,0.015856
Santa Fe,0.009852,0.00799,0.003445,2.4656,1.0,0.008494
Sierra,0.006095,0.004943,0.002317,2.3223,1.0,0.00538
Socorro,0.006376,0.005171,0.001743,2.4415,1.3333,0.005674
Taos,0.010313,0.008365,0.003209,2.471,1.1183,0.008867
Torrance,0.005175,0.004196,0.001746,2.5214,1.0833,0.00477
Union,0.002377,0.001928,0.000985,2.2026,1.0,0.002171
Valencia,0.009185,0.007449,0.003234,2.4415,1.0422,0.008229
