Name,Estimated unvaccinated prevalence,Estimated vaccinated prevalence,Reported prevalence,Underreporting factor,Delay factor,Estimated prevalence
Entire state,0.001948,0.001581,0.000764,2.1909,1.0,0.001674
Atlantic,0.000834,0.000677,0.000334,2.1865,1.0,0.00073
Bergen,0.003694,0.002998,0.001178,2.2229,1.2068,0.00316
Burlington,0.001146,0.00093,0.000451,2.1865,1.0,0.000987
Camden,0.000916,0.000744,0.000369,2.1628,1.0,0.000799
Cape May,0.001746,0.001417,0.000413,2.1678,1.6818,0.001505
Cumberland,0.000651,0.000528,0.000281,2.091,1.0,0.000587
Essex,0.00199,0.001615,0.000792,2.1727,1.0,0.001721
Gloucester,0.001628,0.001321,0.000538,2.2266,1.2,0.001438
Hudson,0.002396,0.001945,0.000952,2.1523,1.0,0.002049
Hunterdon,0.003486,0.002829,0.000941,2.273,1.4146,0.003025
Mercer,0.001828,0.001483,0.000727,2.182,1.0,0.001586
Middlesex,0.001855,0.001505,0.000726,2.2035,1.0,0.0016
Monmouth,0.001764,0.001432,0.000669,2.2115,1.0403,0.001539
Morris,0.003306,0.002683,0.001059,2.2373,1.1927,0.002827
Ocean,0.001323,0.001074,0.000548,2.1678,1.0,0.001189
Passaic,0.003898,0.003164,0.001138,2.1727,1.3702,0.003387
Salem,0.000727,0.00059,0.000305,2.141,1.0,0.000652
Somerset,0.002485,0.002017,0.000857,2.2035,1.1285,0.002132
Sussex,0.001149,0.000932,0.000463,2.1909,1.0,0.001014
Union,0.002059,0.001671,0.000818,2.182,1.0,0.001785
Warren,0.002163,0.001755,0.000684,2.2154,1.2456,0.001887
