Name,Population,Cases in past week,Reported prevalence,Underreporting factor,Delay factor,Estimated prevalence
Entire state,1359711,1589,0.0011693661373630131,6,1.7234273318872018,0.012091905372688685
Belknap,61303,66,0.0010929318304161296,6,2.2758620689655173,0.014924172580854737
Carroll,48910,36,0.0007564915150276017,6,2.4,0.010893477816397464
Cheshire,76085,63,0.0008411644870868108,6,2.25,0.011355720575671947
Coos,31563,61,0.0019643253176187306,6,1.0,0.011785951905712383
Grafton,89886,65,0.0007342634003070556,6,1.0,0.004405580401842334
Hillsborough,417025,496,0.0011917750734368442,6,2.016260162601626,0.014417571620114016
Merrimack,151391,141,0.000937968571447444,6,1.5494505494505495,0.008720015510379535
Rockingham,309769,352,0.0011395588325494158,6,1.5042735042735043,0.0102852489501896
Strafford,130633,188,0.0014468013442238943,6,1.8431372549019607,0.015999920747887773
Sullivan,43146,47,0.001112501738283966,6,2.611111111111111,0.017429193899782133
