Name,Estimated unvaccinated prevalence,Estimated vaccinated prevalence,Reported prevalence,Underreporting factor,Delay factor,Estimated prevalence
Entire state,0.003463,0.003463,0.001511,2.2915,1.0,0.003463
Atlantic,0.003674,0.003674,0.001597,2.3012,1.0,0.003674
Bergen,0.004014,0.004014,0.001711,2.2799,1.0291,0.004014
Burlington,0.003752,0.003752,0.001585,2.3198,1.0203,0.003752
Camden,0.003886,0.003886,0.001568,2.304,1.076,0.003886
Cape May,0.003611,0.003611,0.001608,2.2454,1.0,0.003611
Cumberland,0.008228,0.008228,0.003043,2.2929,1.1792,0.008228
Essex,0.003468,0.003468,0.001514,2.2901,1.0,0.003468
Gloucester,0.003339,0.003339,0.001317,2.3172,1.0943,0.003339
Hudson,0.003938,0.003938,0.001489,2.2694,1.1655,0.003938
Hunterdon,0.002567,0.002567,0.000997,2.2814,1.1284,0.002567
Mercer,0.00355,0.00355,0.001579,2.2487,1.0,0.00355
Middlesex,0.002976,0.002976,0.00129,2.308,1.0,0.002976
Monmouth,0.003365,0.003365,0.001467,2.2929,1.0,0.003365
Morris,0.003134,0.003134,0.001334,2.2814,1.0299,0.003134
Ocean,0.003528,0.003528,0.001542,2.2887,1.0,0.003528
Passaic,0.004218,0.004218,0.001835,2.2985,1.0,0.004218
Salem,0.004316,0.004316,0.001539,2.3026,1.2179,0.004316
Somerset,0.00281,0.00281,0.001216,2.3107,1.0,0.00281
Sussex,0.003035,0.003035,0.001153,2.2887,1.15,0.003035
Union,0.003172,0.003172,0.001391,2.2799,1.0,0.003172
Warren,0.001859,0.001859,0.000826,2.2487,1.0,0.001859
