Name,Estimated unvaccinated prevalence,Estimated vaccinated prevalence,Reported prevalence,Underreporting factor,Delay factor,Estimated prevalence
Entire state,0.002386,0.002386,0.000979,2.4377,1.0,0.002386
Churchill,0.001673,0.001673,0.000723,2.3153,1.0,0.001673
Clark,0.002503,0.002503,0.001024,2.4459,1.0,0.002503
Douglas,0.000894,0.000894,0.000389,2.3006,1.0,0.000894
Elko,0.000705,0.000705,0.000284,2.48,1.0,0.000705
Esmeralda,0.002792,0.002792,0.001145,2.4377,1.0,0.002792
Eureka,0.001201,0.001201,0.000493,2.4377,1.0,0.001201
Humboldt,0.000128,0.000128,5.9e-05,2.1473,1.0,0.000128
Lander,0.004406,0.004406,0.000904,2.4377,2.0,0.004406
Lincoln,0.001881,0.001881,0.000772,2.4377,1.0,0.001881
Lyon,0.001547,0.001547,0.000661,2.3414,1.0,0.001547
Mineral,0.004701,0.004701,0.001998,2.3531,1.0,0.004701
Nye,0.001871,0.001871,0.000731,2.5599,1.0,0.001871
Pershing,0.008996,0.008996,0.001784,2.5206,2.0,0.008996
Storey,0.003547,0.003547,0.001455,2.4377,1.0,0.003547
Washoe,0.00166,0.00166,0.0007,2.3718,1.0,0.00166
White Pine,0.002176,0.002176,0.000939,2.3167,1.0,0.002176
Carson City,0.002997,0.002997,0.001073,2.2722,1.2292,0.002997
