Name,Estimated unvaccinated prevalence,Estimated vaccinated prevalence,Reported prevalence,Underreporting factor,Delay factor,Estimated prevalence
Entire state,0.003307,0.003307,0.00139,2.2944,1.0368,0.003307
Atlantic,0.002088,0.002088,0.000918,2.2751,1.0,0.002088
Bergen,0.003625,0.003625,0.001604,2.2602,1.0,0.003625
Burlington,0.002504,0.002504,0.001091,2.2944,1.0,0.002504
Camden,0.002848,0.002848,0.001216,2.3076,1.0149,0.002848
Cape May,0.002057,0.002057,0.000902,2.2805,1.0,0.002057
Cumberland,0.001637,0.001637,0.000742,2.2045,1.0,0.001637
Essex,0.005007,0.005007,0.001781,2.3172,1.2133,0.005007
Gloucester,0.002174,0.002174,0.00095,2.2892,1.0,0.002174
Hudson,0.003059,0.003059,0.001315,2.3265,1.0,0.003059
Hunterdon,0.002374,0.002374,0.001021,2.3249,1.0,0.002374
Mercer,0.002761,0.002761,0.001075,2.2232,1.1554,0.002761
Middlesex,0.003016,0.003016,0.001293,2.3325,1.0,0.003016
Monmouth,0.00323,0.00323,0.001385,2.3156,1.0071,0.00323
Morris,0.003527,0.003527,0.00147,2.3295,1.03,0.003527
Ocean,0.003905,0.003905,0.001574,2.2961,1.0803,0.003905
Passaic,0.003171,0.003171,0.001377,2.3027,1.0,0.003171
Salem,0.002228,0.002228,0.000978,2.2787,1.0,0.002228
Somerset,0.004431,0.004431,0.00155,2.3472,1.2177,0.004431
Sussex,0.00325,0.00325,0.001388,2.3414,1.0,0.00325
Union,0.006259,0.006259,0.00192,2.2858,1.4265,0.006259
Warren,0.00298,0.00298,0.001273,2.3414,1.0,0.00298
