Name,Estimated unvaccinated prevalence,Estimated vaccinated prevalence,Reported prevalence,Underreporting factor,Delay factor,Estimated prevalence
Entire state,0.002498,0.002027,0.000969,2.2165,1.0,0.002148
Atlantic,0.001617,0.001312,0.00063,2.25,1.0,0.001417
Bergen,0.002446,0.001985,0.000954,2.1954,1.0,0.002094
Burlington,0.001922,0.00156,0.00073,2.27,1.0,0.001657
Camden,0.001703,0.001382,0.000665,2.232,1.0,0.001485
Cape May,0.001489,0.001209,0.000576,2.232,1.0,0.001285
Cumberland,0.010214,0.008289,0.003351,2.1816,1.2626,0.009229
Essex,0.002189,0.001777,0.000867,2.1863,1.0,0.001896
Gloucester,0.001978,0.001605,0.000775,2.2568,1.0,0.001749
Hudson,0.002859,0.002321,0.001127,2.1718,1.0,0.002448
Hunterdon,0.002737,0.002222,0.000981,2.2429,1.0804,0.002377
Mercer,0.001544,0.001253,0.00061,2.1998,1.0,0.001341
Middlesex,0.00374,0.003036,0.001417,2.2282,1.0228,0.003229
Monmouth,0.002149,0.001744,0.000834,2.25,1.0,0.001876
Morris,0.002358,0.001914,0.000897,2.25,1.0,0.002017
Ocean,0.002001,0.001624,0.000809,2.2244,1.0,0.001799
Passaic,0.002164,0.001756,0.000845,2.2282,1.0,0.001883
Salem,0.000933,0.000758,0.000385,2.1768,1.0,0.000837
Somerset,0.002247,0.001824,0.000857,2.25,1.0,0.001929
Sussex,0.00269,0.002183,0.001046,2.27,1.0,0.002375
Union,0.003467,0.002813,0.001362,2.2083,1.0,0.003009
Warren,0.00222,0.001802,0.000864,2.2429,1.0,0.001939
