Name,Estimated unvaccinated prevalence,Estimated vaccinated prevalence,Reported prevalence,Underreporting factor,Delay factor,Estimated prevalence
Entire state,0.001719,0.001719,0.000752,2.2859,1.0,0.001719
Bernalillo,0.001264,0.001264,0.000564,2.2419,1.0,0.001264
Catron,0.011829,0.011829,0.002268,2.6076,2.0,0.011829
Chaves,0.002806,0.002806,0.001192,2.3545,1.0,0.002806
Cibola,0.00156,0.00156,0.000712,2.1901,1.0,0.00156
Colfax,0.005293,0.005293,0.001172,2.2574,2.0,0.005293
Curry,0.003155,0.003155,0.001144,2.3569,1.1702,0.003155
De Baca,0.013077,0.013077,0.00286,2.2859,2.0,0.013077
Dona Ana,0.002483,0.002483,0.001008,2.4629,1.0,0.002483
Eddy,0.00154,0.00154,0.00065,2.3687,1.0,0.00154
Grant,0.003989,0.003989,0.001445,2.3979,1.1515,0.003989
Guadalupe,0.00164,0.00164,0.000698,2.3508,1.0,0.00164
Harding,0.003657,0.003657,0.0016,2.2859,1.0,0.003657
Hidalgo,0.004118,0.004118,0.001667,2.4694,1.0,0.004118
Lea,0.002525,0.002525,0.001041,2.3253,1.0429,0.002525
Lincoln,0.002398,0.002398,0.001022,2.3471,1.0,0.002398
Los Alamos,0.000795,0.000795,0.000361,2.199,1.0,0.000795
Luna,0.00331,0.00331,0.000928,2.548,1.4,0.00331
McKinley,0.005796,0.005796,0.001541,2.3459,1.6029,0.005796
Mora,0.000493,0.000493,0.000221,2.231,1.0,0.000493
Otero,0.002548,0.002548,0.001052,2.3532,1.0294,0.002548
Quay,0.004238,0.004238,0.001818,2.3319,1.0,0.004238
Rio Arriba,0.001648,0.001648,0.000694,2.3757,1.0,0.001648
Roosevelt,0.003826,0.003826,0.000919,2.3421,1.7778,0.003826
Sandoval,0.001599,0.001599,0.000702,2.2783,1.0,0.001599
San Juan,0.001578,0.001578,0.000694,2.2752,1.0,0.001578
San Miguel,0.001122,0.001122,0.000513,2.1855,1.0,0.001122
Santa Fe,0.001252,0.001252,0.000552,2.2673,1.0,0.001252
Sierra,0.000583,0.000583,0.000278,2.0973,1.0,0.000583
Socorro,0.002396,0.002396,0.000902,2.2783,1.1667,0.002396
Taos,0.000553,0.000553,0.000244,2.2607,1.0,0.000553
Torrance,0.000736,0.000736,0.000323,2.2767,1.0,0.000736
Union,0.00169,0.00169,0.000739,2.2859,1.0,0.00169
Valencia,0.001894,0.001894,0.000691,2.2136,1.2381,0.001894
