Name,Estimated unvaccinated prevalence,Estimated vaccinated prevalence,Reported prevalence,Underreporting factor,Delay factor,Estimated prevalence
Entire state,0.018131,0.014718,0.006127,2.5561,1.0,0.015661
Atlantic,0.028579,0.023199,0.00947,2.6563,1.0,0.025155
Bergen,0.016726,0.013577,0.005638,2.5492,1.0,0.014373
Burlington,0.022021,0.017875,0.007356,2.5892,1.0,0.019046
Camden,0.022651,0.018387,0.00757,2.6206,1.0,0.019838
Cape May,0.021511,0.017461,0.007203,2.586,1.0,0.018628
Cumberland,0.036446,0.029585,0.01282,2.5795,1.0,0.03307
Essex,0.012815,0.010402,0.004557,2.4485,1.0,0.011158
Gloucester,0.021889,0.017768,0.007403,2.6221,1.0,0.019412
Hudson,0.014232,0.011553,0.004969,2.4651,1.0,0.012249
Hunterdon,0.017598,0.014285,0.005894,2.6004,1.0,0.015326
Mercer,0.017929,0.014554,0.006186,2.5281,1.0,0.015639
Middlesex,0.014752,0.011975,0.005067,2.5245,1.0,0.012793
Monmouth,0.019963,0.016205,0.006723,2.602,1.0,0.017492
Morris,0.017216,0.013975,0.005788,2.5527,1.0,0.014776
Ocean,0.02264,0.018378,0.00779,2.6191,1.0,0.020403
Passaic,0.017062,0.01385,0.005851,2.551,1.0,0.014925
Salem,0.022698,0.018425,0.008031,2.544,1.0,0.020431
Somerset,0.013102,0.010635,0.004469,2.5263,1.0,0.01129
Sussex,0.019205,0.015589,0.006556,2.594,1.0,0.017006
Union,0.014287,0.011597,0.00499,2.4966,1.0,0.012458
Warren,0.017716,0.014381,0.00589,2.6357,1.0,0.015524
