Name,Population,Cases in past week,Reported prevalence,Underreporting factor,Delay factor,Estimated prevalence
Entire state,1059361,808,0.000764,2.3117,1.0,0.001765
Bristol,48479,33,0.000701,2.1531,1.0,0.00151
Kent,164292,188,0.00115,2.4051,1.0,0.002767
Newport,82082,69,0.000853,2.2271,1.0,0.001899
Providence,638931,872,0.001366,2.3304,1.0,0.003184
Washington,125577,58,0.00047,2.2038,1.0,0.001035
