Name,Estimated unvaccinated prevalence,Estimated vaccinated prevalence,Reported prevalence,Underreporting factor,Delay factor,Estimated prevalence
Entire state,0.001383,0.001383,0.000612,2.2586,1.0,0.001383
Baker,0.000564,0.000564,0.000248,2.2735,1.0,0.000564
Benton,0.001121,0.001121,0.000494,2.267,1.0,0.001121
Clackamas,0.001241,0.001241,0.000548,2.267,1.0,0.001241
Clatsop,0.00083,0.00083,0.000373,2.2259,1.0,0.00083
Columbia,0.001001,0.001001,0.000439,2.2783,1.0,0.001001
Coos,0.003773,0.003773,0.001318,2.283,1.2537,0.003773
Crook,0.001909,0.001909,0.000861,2.218,1.0,0.001909
Curry,0.002337,0.002337,0.000742,2.3633,1.3333,0.002337
Deschutes,0.001438,0.001438,0.000637,2.2569,1.0,0.001438
Douglas,0.001749,0.001749,0.000793,2.2055,1.0,0.001749
Gilliam,0.002658,0.002658,0.001046,2.5413,1.0,0.002658
Grant,0.004562,0.004562,0.000972,2.3459,2.0,0.004562
Harney,0.001194,0.001194,0.000541,2.2077,1.0,0.001194
Hood River,0.000997,0.000997,0.00047,2.1187,1.0,0.000997
Jackson,0.001701,0.001701,0.000742,2.2922,1.0,0.001701
Jefferson,0.00235,0.00235,0.001014,2.3181,1.0,0.00235
Josephine,0.001045,0.001045,0.000469,2.2298,1.0,0.001045
Klamath,0.002319,0.002319,0.000777,2.2392,1.3333,0.002319
Lake,0.00058,0.00058,0.000254,2.283,1.0,0.00058
Lane,0.002173,0.002173,0.000958,2.2686,1.0,0.002173
Lincoln,0.001237,0.001237,0.00054,2.2891,1.0,0.001237
Linn,0.001463,0.001463,0.00064,2.2876,1.0,0.001463
Malheur,0.001296,0.001296,0.000589,2.2012,1.0,0.001296
Marion,0.001323,0.001323,0.000575,2.3011,1.0,0.001323
Morrow,0.001686,0.001686,0.000603,2.329,1.2,0.001686
Multnomah,0.001153,0.001153,0.000517,2.2317,1.0,0.001153
Polk,0.001627,0.001627,0.000709,2.2966,1.0,0.001627
Sherman,0.003969,0.003969,0.001685,2.3547,1.0,0.003969
Tillamook,0.003753,0.003753,0.000814,2.6355,1.75,0.003753
Umatilla,0.00148,0.00148,0.000641,2.3069,1.0,0.00148
Union,0.000601,0.000601,0.000261,2.3054,1.0,0.000601
Wallowa,0.002459,0.002459,0.000555,2.216,2.0,0.002459
Wasco,0.000999,0.000999,0.00045,2.222,1.0,0.000999
Washington,0.001136,0.001136,0.000502,2.2637,1.0,0.001136
Wheeler,0.010345,0.010345,0.002252,2.2966,2.0,0.010345
Yamhill,0.001459,0.001459,0.000654,2.2317,1.0,0.001459
