Name,Estimated unvaccinated prevalence,Estimated vaccinated prevalence,Reported prevalence,Underreporting factor,Delay factor,Estimated prevalence
Entire state,0.006976,0.005653,0.001949,2.383,1.3299,0.006177
Bristol,0.003138,0.002543,0.001155,2.3053,1.0,0.002663
Kent,0.004968,0.004026,0.001771,2.383,1.0,0.004221
Newport,0.003413,0.002765,0.001206,2.4216,1.0,0.002921
Providence,0.00459,0.003719,0.001667,2.3797,1.0,0.003967
Washington,0.005499,0.004456,0.001688,2.3989,1.153,0.004669
