Name,Estimated unvaccinated prevalence,Estimated vaccinated prevalence,Reported prevalence,Underreporting factor,Delay factor,Estimated prevalence
Entire state,0.010598,0.008588,0.003958,2.3658,1.0,0.009364
Bristol,0.015512,0.01257,0.005652,2.3318,1.0,0.013179
Kent,0.013388,0.010848,0.004772,2.3862,1.0,0.011387
Newport,0.014494,0.011745,0.005007,2.4781,1.0,0.012408
Providence,0.012079,0.009788,0.004454,2.3462,1.0,0.010451
Washington,0.01379,0.011175,0.004866,2.4107,1.0,0.011729
