Name,Estimated unvaccinated prevalence,Estimated vaccinated prevalence,Reported prevalence,Underreporting factor,Delay factor,Estimated prevalence
Entire state,0.002314,0.002314,0.001012,2.2852,1.0,0.002314
Baker,0.002682,0.002682,0.001178,2.2758,1.0,0.002682
Benton,0.003823,0.003823,0.001182,2.344,1.3797,0.003823
Clackamas,0.002157,0.002157,0.000947,2.2777,1.0,0.002157
Clatsop,0.001803,0.001803,0.000522,2.2454,1.5385,0.001803
Columbia,0.001174,0.001174,0.000516,2.2758,1.0,0.001174
Coos,0.001978,0.001978,0.000868,2.2777,1.0,0.001978
Crook,0.006524,0.006524,0.001803,2.2719,1.5926,0.006524
Curry,0.000373,0.000373,0.000174,2.1379,1.0,0.000373
Deschutes,0.003701,0.003701,0.001604,2.3083,1.0,0.003701
Douglas,0.003207,0.003207,0.001397,2.2961,1.0,0.003207
Gilliam,0.001195,0.001195,0.000523,2.2852,1.0,0.001195
Grant,0.011573,0.011573,0.002361,2.4503,2.0,0.011573
Harney,0.002204,0.002204,0.000947,2.3282,1.0,0.002204
Hood River,0.000846,0.000846,0.000385,2.1977,1.0,0.000846
Jackson,0.002149,0.002149,0.000887,2.2979,1.0541,0.002149
Jefferson,0.00993,0.00993,0.002798,2.2961,1.5455,0.00993
Josephine,0.002732,0.002732,0.001189,2.2979,1.0,0.002732
Klamath,0.003062,0.003062,0.001231,2.3378,1.0641,0.003062
Lake,0.019065,0.019065,0.003812,2.5003,2.0,0.019065
Lane,0.001765,0.001765,0.000785,2.2475,1.0,0.001765
Lincoln,0.00175,0.00175,0.000761,2.3014,1.0,0.00175
Linn,0.002786,0.002786,0.00101,2.2496,1.2264,0.002786
Malheur,0.001211,0.001211,0.000556,2.178,1.0,0.001211
Marion,0.002354,0.002354,0.001021,2.3066,1.0,0.002354
Morrow,0.001321,0.001321,0.000603,2.1895,1.0,0.001321
Multnomah,0.002333,0.002333,0.00103,2.266,1.0,0.002333
Polk,0.002178,0.002178,0.000941,2.3151,1.0,0.002178
Sherman,0.001267,0.001267,0.000562,2.2559,1.0,0.001267
Tillamook,0.002068,0.002068,0.000555,2.3967,1.5556,0.002068
Umatilla,0.003384,0.003384,0.001347,2.4397,1.0297,0.003384
Union,0.002756,0.002756,0.000634,2.175,2.0,0.002756
Wallowa,0.002913,0.002913,0.001249,2.333,1.0,0.002913
Wasco,0.002754,0.002754,0.001199,2.2961,1.0,0.002754
Washington,0.00227,0.00227,0.000994,2.2833,1.0,0.00227
Wheeler,0.001887,0.001887,0.000751,2.5139,1.0,0.001887
Yamhill,0.002139,0.002139,0.000896,2.2106,1.0795,0.002139
