Name,Population,Cases in past week,Reported prevalence,Underreporting factor,Delay factor,Estimated prevalence
Entire state,1059361,8043,0.007593,2.6977,1.0,0.020484
Bristol,48479,232,0.004806,2.6977,1.0791,0.013991
Kent,164292,1094,0.006665,2.6977,1.0,0.01798
Newport,82082,317,0.003874,2.6977,1.1828,0.012362
Providence,638931,5658,0.008857,2.6977,1.0,0.023893
Washington,125577,569,0.004539,2.6977,1.1312,0.013851
