Name,Population,Cases in past week,Reported prevalence,Underreporting factor,Delay factor,Estimated prevalence
Entire state,1059361,8681,0.008196,2.7061,1.0609,0.023527
Bristol,48479,215,0.004456,2.7061,1.72,0.020738
Kent,164292,1233,0.007511,2.7061,1.3272,0.026977
Newport,82082,268,0.003277,2.7061,1.6442,0.014581
Providence,638931,6007,0.009403,2.7061,1.4214,0.03617
Washington,125577,503,0.004013,2.7061,1.2033,0.013069
