Name,Estimated unvaccinated prevalence,Estimated vaccinated prevalence,Reported prevalence,Underreporting factor,Delay factor,Estimated prevalence
Entire state,0.001078,0.000876,0.000436,2.1949,1.0,0.000956
Baker,0.000757,0.000615,0.00031,2.1219,1.0,0.000658
Benton,0.000829,0.000673,0.000333,2.1408,1.0,0.000713
Clackamas,0.001172,0.000952,0.000462,2.1906,1.0105,0.001022
Clatsop,0.001347,0.001095,0.000497,2.2506,1.0556,0.001181
Columbia,0.001324,0.001076,0.000535,2.1949,1.0,0.001174
Coos,0.001565,0.001272,0.00062,2.2538,1.0,0.001398
Crook,0.001097,0.000892,0.000451,2.2032,1.0,0.000993
Curry,0.001052,0.000855,0.000436,2.1626,1.0,0.000943
Deschutes,0.002003,0.001627,0.000769,2.2696,1.0,0.001745
Douglas,0.001274,0.001036,0.000523,2.1991,1.0,0.001149
Gilliam,0.001363,0.001108,0.000523,2.3877,1.0,0.001249
Grant,0.014591,0.011859,0.005417,2.4003,1.027,0.013355
Harney,0.0021,0.001707,0.000812,2.3658,1.0,0.00192
Hood River,0.001797,0.00146,0.000684,2.2112,1.0,0.001513
Jackson,0.001196,0.000972,0.000484,2.2032,1.0,0.001067
Jefferson,0.001278,0.001039,0.000487,2.3175,1.0,0.001128
Josephine,0.001975,0.001605,0.000834,2.1466,1.0,0.001791
Klamath,0.002142,0.001741,0.00063,2.1991,1.4,0.00194
Lake,0.005902,0.004797,0.001144,2.3899,2.0,0.005467
Lane,0.001351,0.001098,0.000539,2.1906,1.0,0.001181
Lincoln,0.00083,0.000675,0.00032,2.2506,1.0,0.000721
Linn,0.001172,0.000952,0.000478,2.1991,1.0,0.001051
Malheur,0.00039,0.000317,0.000164,2.1724,1.0,0.000355
Marion,0.000881,0.000716,0.000348,2.237,1.0,0.000778
Morrow,0.001085,0.000882,0.000431,2.2571,1.0,0.000973
Multnomah,0.001372,0.001115,0.000536,2.1818,1.0,0.00117
Polk,0.001002,0.000814,0.000407,2.1724,1.0,0.000883
Sherman,0.002799,0.002275,0.001124,2.2226,1.0,0.002497
Tillamook,0.002519,0.002047,0.000629,2.2032,1.6,0.002217
Umatilla,0.000648,0.000527,0.000257,2.2634,1.0,0.000581
Union,0.00026,0.000212,0.000112,2.115,1.0,0.000236
Wallowa,0.004173,0.003391,0.001249,2.2299,1.3333,0.003712
Wasco,0.001653,0.001344,0.000637,2.2787,1.0,0.001452
Washington,0.000635,0.000516,0.000251,2.1724,1.0,0.000545
Wheeler,0.001834,0.001491,0.000751,2.1949,1.0,0.001648
Yamhill,0.000884,0.000719,0.000355,2.1991,1.0,0.00078
