Name,Estimated unvaccinated prevalence,Estimated vaccinated prevalence,Reported prevalence,Underreporting factor,Delay factor,Estimated prevalence
Entire state,0.003965,0.003214,0.001546,2.252,1.0,0.003482
Bristol,0.01564,0.012678,0.006044,2.2057,1.0,0.013331
Kent,0.01484,0.012029,0.005557,2.2786,1.0,0.012662
Newport,0.013343,0.010815,0.005202,2.2057,1.0,0.011474
Providence,0.011483,0.009308,0.004443,2.2449,1.0,0.009975
Washington,0.024698,0.020019,0.00919,2.294,1.0,0.021081
