Name,Estimated unvaccinated prevalence,Estimated vaccinated prevalence,Reported prevalence,Underreporting factor,Delay factor,Estimated prevalence
Entire state,0.009302,0.009302,0.001701,3.2429,1.6863,0.009302
Bristol,0.007158,0.007158,0.001403,3.123,1.6341,0.007158
Kent,0.007915,0.007915,0.001631,3.2347,1.5,0.007915
Newport,0.006088,0.006088,0.001218,3.2306,1.5469,0.006088
Providence,0.010103,0.010103,0.001739,3.2244,1.8019,0.010103
Washington,0.008901,0.008901,0.001617,3.3801,1.629,0.008901
