Name,Estimated unvaccinated prevalence,Estimated vaccinated prevalence,Reported prevalence,Underreporting factor,Delay factor,Estimated prevalence
Entire state,0.016271,0.013185,0.005487,2.3717,1.1039,0.014366
Bristol,0.018502,0.014993,0.00625,2.3659,1.0634,0.015724
Kent,0.016805,0.013618,0.005198,2.3958,1.148,0.014297
Newport,0.016115,0.013059,0.005007,2.4269,1.1357,0.013802
Providence,0.015763,0.012774,0.004661,2.3459,1.2477,0.013642
Washington,0.0179,0.014506,0.005057,2.456,1.2263,0.015229
