Name,Estimated unvaccinated prevalence,Estimated vaccinated prevalence,Reported prevalence,Underreporting factor,Delay factor,Estimated prevalence
Entire state,0.001481,0.001481,0.000639,2.2486,1.031,0.001481
Baker,0.003715,0.003715,0.001054,2.4222,1.4545,0.003715
Benton,0.002239,0.002239,0.000956,2.3412,1.0,0.002239
Clackamas,0.001188,0.001188,0.000536,2.2177,1.0,0.001188
Clatsop,0.002222,0.002222,0.000746,2.3629,1.2609,0.002222
Columbia,0.000686,0.000686,0.000306,2.2438,1.0,0.000686
Coos,0.00205,0.00205,0.000682,2.2354,1.3438,0.00205
Crook,0.001014,0.001014,0.000451,2.2503,1.0,0.001014
Curry,0.00195,0.00195,0.000829,2.3528,1.0,0.00195
Deschutes,0.001495,0.001495,0.000607,2.2762,1.0818,0.001495
Douglas,0.00132,0.00132,0.000541,2.1526,1.1346,0.00132
Gilliam,0.002352,0.002352,0.001046,2.2486,1.0,0.002352
Grant,0.003124,0.003124,0.000833,2.2486,1.6667,0.003124
Harney,0.000291,0.000291,0.000135,2.1499,1.0,0.000291
Hood River,0.000385,0.000385,0.000171,2.2519,1.0,0.000385
Jackson,0.001184,0.001184,0.00052,2.2158,1.027,0.001184
Jefferson,0.00279,0.00279,0.000689,2.2762,1.7778,0.00279
Josephine,0.001973,0.001973,0.000583,2.2337,1.5152,0.001973
Klamath,0.003205,0.003205,0.00085,2.3155,1.6286,0.003205
Lake,0.000579,0.000579,0.000254,2.2762,1.0,0.000579
Lane,0.001745,0.001745,0.00078,2.2371,1.0,0.001745
Lincoln,0.002333,0.002333,0.000901,2.2958,1.1282,0.002333
Linn,0.001558,0.001558,0.000593,2.2101,1.1875,0.001558
Malheur,0.002465,0.002465,0.001047,2.355,1.0,0.002465
Marion,0.001871,0.001871,0.000817,2.2917,1.0,0.001871
Morrow,0.001125,0.001125,0.000517,2.1747,1.0,0.001125
Multnomah,0.001407,0.001407,0.000613,2.2177,1.0354,0.001407
Polk,0.001569,0.001569,0.000685,2.289,1.0,0.001569
Sherman,0.001263,0.001263,0.000562,2.2486,1.0,0.001263
Tillamook,0.001858,0.001858,0.000703,2.6443,1.0,0.001858
Umatilla,0.002143,0.002143,0.000808,2.4371,1.0877,0.002143
Union,0.000547,0.000547,0.000261,2.0982,1.0,0.000547
Wallowa,0.003759,0.003759,0.000832,2.2582,2.0,0.003759
Wasco,0.000579,0.000579,0.000262,2.2082,1.0,0.000579
Washington,0.001362,0.001362,0.000547,2.247,1.1081,0.001362
Wheeler,0.001688,0.001688,0.000751,2.2486,1.0,0.001688
Yamhill,0.002894,0.002894,0.001036,2.2082,1.2644,0.002894
