Name,Population,Cases in past week,Reported prevalence,Underreporting factor,Delay factor,Estimated prevalence
Entire state,1059361,3438,0.0032462965882262985,6,1.2649006622516556,0.02463745622587641
Bristol,48479,103,0.002145258771839353,6,1.7166666666666666,0.022096165349945334
Kent,164292,342,0.0020877462079711734,6,1.2258064516129032,0.015355036626368631
Newport,82082,119,0.0014619526814648766,6,2.5319148936170217,0.022209238607785575
Providence,638931,1989,0.0031145773174255124,6,1.1193021947101858,0.02091691936193363
Washington,125577,103,0.0008281771343478504,6,1.03,0.005118134690269715
