Name,Estimated unvaccinated prevalence,Estimated vaccinated prevalence,Reported prevalence,Underreporting factor,Delay factor,Estimated prevalence
Entire state,0.004128,0.004128,0.001664,2.2972,1.0797,0.004128
Bristol,0.005599,0.005599,0.001877,2.32,1.2857,0.005599
Kent,0.004856,0.004856,0.001674,2.3293,1.2455,0.004856
Newport,0.003171,0.003171,0.001328,2.3881,1.0,0.003171
Providence,0.0039,0.0039,0.00165,2.3169,1.0203,0.0039
Washington,0.003827,0.003827,0.001433,2.3868,1.1187,0.003827
