Name,Estimated unvaccinated prevalence,Estimated vaccinated prevalence,Reported prevalence,Underreporting factor,Delay factor,Estimated prevalence
Entire state,0.016306,0.003037,0.003345,2.5334,1.0,0.008473
Bear River,Unknown,Unknown,0.003602,2.5334,1.0,0.009126
Central Utah,Unknown,Unknown,0.002928,2.5334,1.0,0.007419
Southeast Utah,Unknown,Unknown,0.007234,2.5334,1.0,0.018326
Southwest Utah,Unknown,Unknown,0.002702,2.5334,1.0,0.006845
TriCounty,Unknown,Unknown,0.003515,2.5334,1.0312,0.009182
Weber-Morgan,Unknown,Unknown,0.00394,2.5334,1.0,0.009982
Davis,0.0193,0.003595,0.003755,2.5424,1.0613,0.010133
Salt Lake,0.015013,0.002797,0.002984,2.4983,1.0,0.007456
San Juan,0.026819,0.004996,0.004769,2.7655,1.125,0.014836
Summit,0.038041,0.007086,0.003773,2.5032,1.4107,0.013322
Tooele,0.021105,0.003931,0.004664,2.6288,1.0,0.01226
Utah,0.014647,0.002728,0.003211,2.5446,1.0725,0.008763
Wasatch,0.026884,0.005008,0.003989,2.5056,1.5169,0.015162
