Name,Estimated unvaccinated prevalence,Estimated vaccinated prevalence,Reported prevalence,Underreporting factor,Delay factor,Estimated prevalence
Entire state,0.009241,0.001699,0.001456,2.2037,1.1281,0.003619
Bristol,0.007874,0.001448,0.001485,2.1976,1.0,0.003264
Kent,0.00773,0.001421,0.001443,2.1976,1.0,0.00317
Newport,0.007911,0.001455,0.001425,2.2318,1.0,0.003181
Providence,0.00795,0.001462,0.00169,2.2264,1.0,0.003763
Washington,0.007242,0.001332,0.001346,2.1914,1.0,0.002949
