Name,Estimated unvaccinated prevalence,Estimated vaccinated prevalence,Reported prevalence,Underreporting factor,Delay factor,Estimated prevalence
Entire state,0.002413,0.001955,0.000963,2.2012,1.0,0.002119
Bristol,0.011421,0.009257,0.002578,2.2212,1.6986,0.009728
Kent,0.003989,0.003233,0.001534,2.2173,1.0,0.003401
Newport,0.005554,0.004502,0.001681,2.197,1.2925,0.004774
Providence,0.004128,0.003346,0.001454,2.1926,1.1235,0.003582
Washington,0.00459,0.00372,0.001728,2.1926,1.0335,0.003916
