Name,Estimated unvaccinated prevalence,Estimated vaccinated prevalence,Reported prevalence,Underreporting factor,Delay factor,Estimated prevalence
Entire state,0.00743,0.006035,0.002305,2.6213,1.0903,0.006587
Bear River,Unknown,Unknown,0.001552,2.6213,1.3697,0.005573
Central Utah,Unknown,Unknown,0.001232,2.6213,1.6393,0.005296
Southeast Utah,Unknown,Unknown,0.002063,2.6213,1.0649,0.005759
Southwest Utah,Unknown,Unknown,0.001817,2.6213,1.2187,0.005805
TriCounty,Unknown,Unknown,0.001625,2.6213,1.82,0.007752
Weber-Morgan,Unknown,Unknown,0.002438,2.6213,1.0457,0.006683
Davis,0.009098,0.007391,0.002585,2.6314,1.1679,0.007945
Salt Lake,0.008743,0.007102,0.002716,2.6424,1.0567,0.007584
San Juan,0.007945,0.006454,0.002548,2.7349,1.0,0.006968
Summit,0.00959,0.007791,0.002515,2.6893,1.1932,0.008071
Tooele,0.00716,0.005816,0.002353,2.7039,1.0,0.006361
Utah,0.006262,0.005087,0.001911,2.5799,1.1302,0.005573
Wasatch,0.005933,0.004819,0.001789,2.6405,1.1111,0.00525
