Name,Estimated unvaccinated prevalence,Estimated vaccinated prevalence,Reported prevalence,Underreporting factor,Delay factor,Estimated prevalence
Entire state,0.001114,0.001114,0.000469,2.374,1.0,0.001114
Bear River,Unknown,Unknown,0.000375,2.374,1.0,0.00089
Central Utah,Unknown,Unknown,0.000378,2.374,1.0714,0.000962
Southeast Utah,Unknown,Unknown,0.000522,2.374,1.0,0.001239
Southwest Utah,Unknown,Unknown,0.000373,2.374,1.0449,0.000925
TriCounty,Unknown,Unknown,0.000583,2.374,1.6,0.002214
Weber-Morgan,Unknown,Unknown,0.00047,2.374,1.0,0.001116
Davis,0.001281,0.001281,0.000537,2.3849,1.0,0.001281
Salt Lake,0.001296,0.001296,0.000545,2.3795,1.0,0.001296
San Juan,0.004212,0.004212,0.000849,2.48,2.0,0.004212
Summit,0.001086,0.001086,0.000451,2.4082,1.0,0.001086
Tooele,0.001477,0.001477,0.000623,2.3713,1.0,0.001477
Utah,0.000769,0.000769,0.00033,2.3302,1.0,0.000769
Wasatch,0.000983,0.000983,0.000411,2.3941,1.0,0.000983
