Name,Estimated unvaccinated prevalence,Estimated vaccinated prevalence,Reported prevalence,Underreporting factor,Delay factor,Estimated prevalence
Entire state,0.001427,0.001427,0.00062,2.2618,1.0187,0.001427
Baker,0.002745,0.002745,0.000744,2.3475,1.5714,0.002745
Benton,0.002527,0.002527,0.000978,2.3257,1.1111,0.002527
Clackamas,0.001216,0.001216,0.000545,2.2303,1.0,0.001216
Clatsop,0.00183,0.00183,0.000597,2.3999,1.2778,0.00183
Columbia,0.000761,0.000761,0.000344,2.2138,1.0,0.000761
Coos,0.001518,0.001518,0.000512,2.2249,1.3333,0.001518
Crook,0.002177,0.002177,0.000942,2.3103,1.0,0.002177
Curry,0.004274,0.004274,0.001832,2.3331,1.0,0.004274
Deschutes,0.001287,0.001287,0.000561,2.2913,1.0,0.001287
Douglas,0.001339,0.001339,0.000478,2.2099,1.2683,0.001339
Gilliam,0.001183,0.001183,0.000523,2.2618,1.0,0.001183
Grant,0.001233,0.001233,0.000556,2.2194,1.0,0.001233
Harney,0.003074,0.003074,0.000676,2.2725,2.0,0.003074
Hood River,0.000487,0.000487,0.000214,2.2784,1.0,0.000487
Jackson,0.001263,0.001263,0.000507,2.2664,1.099,0.001263
Jefferson,0.000893,0.000893,0.000406,2.202,1.0,0.000893
Josephine,0.000852,0.000852,0.000389,2.1916,1.0,0.000852
Klamath,0.00122,0.00122,0.000528,2.3116,1.0,0.00122
Lake,0.000579,0.000579,0.000254,2.2784,1.0,0.000579
Lane,0.002464,0.002464,0.000838,2.2321,1.3182,0.002464
Lincoln,0.002065,0.002065,0.000801,2.3811,1.0833,0.002065
Linn,0.001131,0.001131,0.000501,2.2231,1.0159,0.001131
Malheur,0.002492,0.002492,0.001079,2.309,1.0,0.002492
Marion,0.001932,0.001932,0.000831,2.277,1.0213,0.001932
Morrow,0.002661,0.002661,0.000948,2.2457,1.25,0.002661
Multnomah,0.001308,0.001308,0.000592,2.2099,1.0,0.001308
Polk,0.002247,0.002247,0.000836,2.3077,1.1639,0.002247
Sherman,0.001271,0.001271,0.000562,2.2618,1.0,0.001271
Tillamook,0.002572,0.002572,0.000814,2.5591,1.2353,0.002572
Umatilla,0.001842,0.001842,0.000744,2.4754,1.0,0.001842
Union,0.000756,0.000756,0.000335,2.2555,1.0,0.000756
Wallowa,0.00098,0.00098,0.000416,2.3545,1.0,0.00098
Wasco,0.002399,0.002399,0.000525,2.2857,2.0,0.002399
Washington,0.001107,0.001107,0.000494,2.2356,1.0034,0.001107
Wheeler,0.001698,0.001698,0.000751,2.2618,1.0,0.001698
Yamhill,0.001888,0.001888,0.000822,2.2982,1.0,0.001888
