Name,Estimated unvaccinated prevalence,Estimated vaccinated prevalence,Reported prevalence,Underreporting factor,Delay factor,Estimated prevalence
Entire state,0.013355,0.002484,0.002643,2.4916,1.0,0.006585
Baker,0.037482,0.006971,0.006202,2.6852,1.0,0.016653
Benton,0.012173,0.002264,0.002096,2.3073,1.1279,0.005454
Clackamas,0.012576,0.002339,0.002334,2.4346,1.1194,0.006361
Clatsop,0.008732,0.001624,0.00184,2.4625,1.0,0.00453
Columbia,0.01122,0.002087,0.002407,2.594,1.0,0.006243
Coos,0.021101,0.003924,0.004451,2.511,1.1,0.012293
Crook,0.010867,0.002021,0.002663,2.5916,1.0,0.006903
Curry,0.004425,0.000823,0.001091,2.3873,1.0,0.002603
Deschutes,0.020383,0.003791,0.003951,2.5749,1.0,0.010173
Douglas,0.013914,0.002588,0.003442,2.4625,1.0,0.008476
Gilliam,0.015576,0.002897,0.004184,2.527,1.0,0.010573
Grant,0.120913,0.022486,0.014446,2.7976,2.0,0.08083
Harney,0.07736,0.014387,0.013797,2.825,1.3467,0.052487
Hood River,0.01325,0.002464,0.002096,2.4916,1.0,0.005221
Jackson,0.012028,0.002237,0.002752,2.5401,1.0,0.00699
Jefferson,0.029218,0.005434,0.005029,2.6032,1.2424,0.016265
Josephine,0.012203,0.002269,0.003018,2.5578,1.0,0.007718
Klamath,0.017446,0.003245,0.004221,2.5725,1.0287,0.011169
Lake,0.036854,0.006854,0.008896,2.9531,1.0,0.026269
Lane,0.012504,0.002325,0.002539,2.4441,1.0,0.006205
Lincoln,0.01156,0.00215,0.002242,2.4714,1.0,0.00554
Linn,0.016294,0.00303,0.003946,2.4655,1.0,0.009729
Malheur,0.02584,0.004805,0.006444,2.736,1.0,0.017631
Marion,0.015677,0.002915,0.003298,2.6191,1.0,0.008637
Morrow,0.012985,0.002415,0.003275,2.4595,1.0,0.008055
Multnomah,0.008391,0.00156,0.001471,2.4014,1.0,0.003533
Polk,0.014638,0.002722,0.003148,2.5297,1.0,0.007964
Sherman,0.021986,0.004089,0.004494,2.4441,1.1667,0.012815
Tillamook,0.009713,0.001806,0.002108,2.415,1.0,0.005092
Umatilla,0.027848,0.005179,0.005491,2.6892,1.1572,0.017086
Union,0.018436,0.003429,0.004695,2.5603,1.0,0.012021
Wallowa,0.037249,0.006927,0.005411,2.5798,1.52,0.021216
Wasco,0.024416,0.004541,0.004497,2.5297,1.1333,0.012894
Washington,0.008486,0.001578,0.001577,2.4472,1.0,0.00386
Wheeler,0.003013,0.00056,0.000751,2.3727,1.0,0.001781
Yamhill,0.016979,0.003158,0.003576,2.5137,1.0324,0.009281
