Name,Estimated unvaccinated prevalence,Estimated vaccinated prevalence,Reported prevalence,Underreporting factor,Delay factor,Estimated prevalence
Entire state,0.006935,0.005635,0.002461,2.3975,1.0536,0.006217
Baker,0.007656,0.006221,0.002419,2.601,1.0556,0.006641
Benton,0.009832,0.007989,0.003084,2.507,1.0916,0.008441
Clackamas,0.005548,0.004509,0.002049,2.3541,1.0,0.004824
Clatsop,0.007519,0.00611,0.00184,2.4945,1.4314,0.006569
Columbia,0.005952,0.004837,0.002044,2.3814,1.0816,0.005264
Coos,0.008892,0.007226,0.002776,2.4549,1.1634,0.007928
Crook,0.012812,0.010411,0.004303,2.4053,1.1183,0.011573
Curry,0.011873,0.009648,0.004188,2.4279,1.044,0.010614
Deschutes,0.010212,0.008298,0.003597,2.4671,1.0,0.008873
Douglas,0.010445,0.008487,0.002631,2.3697,1.5078,0.009401
Gilliam,0.001309,0.001064,0.000523,2.2899,1.0,0.001198
Grant,0.032021,0.026025,0.007362,2.4479,1.625,0.029286
Harney,0.018067,0.014688,0.003382,2.4394,2.0,0.016498
Hood River,0.003542,0.002878,0.001326,2.2402,1.0,0.00297
Jackson,0.006415,0.005213,0.002363,2.416,1.0,0.005708
Jefferson,0.023818,0.019354,0.004258,2.4604,2.0,0.020954
Josephine,0.005359,0.004355,0.002012,2.4114,1.0,0.004851
Klamath,0.008144,0.006618,0.00296,2.4868,1.0,0.007362
Lake,0.007063,0.005741,0.001398,2.3378,2.0,0.006536
Lane,0.007049,0.005728,0.002117,2.3611,1.2298,0.006149
Lincoln,0.006716,0.005458,0.001941,2.5565,1.1707,0.005811
Linn,0.005224,0.004245,0.001919,2.3378,1.042,0.004675
Malheur,0.011623,0.009444,0.002715,2.419,1.6078,0.01056
Marion,0.007309,0.005939,0.002536,2.4604,1.0316,0.006436
Morrow,0.00689,0.005599,0.001982,2.4022,1.2941,0.006162
Multnomah,0.007726,0.006278,0.002678,2.3714,1.0337,0.006565
Polk,0.009076,0.007375,0.002834,2.4817,1.1355,0.007987
Sherman,0.011038,0.008977,0.003933,2.5008,1.0,0.009835
Tillamook,0.008066,0.006554,0.002552,2.5288,1.0968,0.007078
Umatilla,0.008653,0.007032,0.00263,2.4235,1.2143,0.007739
Union,0.00406,0.003299,0.001379,2.3731,1.125,0.003681
Wallowa,0.020678,0.016805,0.003885,2.3629,2.0,0.018357
Wasco,0.011051,0.00898,0.003373,2.416,1.1867,0.00967
Washington,0.006324,0.005139,0.002269,2.3847,1.0,0.005411
Wheeler,0.003867,0.00314,0.001502,2.3107,1.0,0.00347
Yamhill,0.004379,0.003558,0.001653,2.3322,1.0,0.003854
