Name,Estimated unvaccinated prevalence,Estimated vaccinated prevalence,Reported prevalence,Underreporting factor,Delay factor,Estimated prevalence
Entire state,0.005282,0.004291,0.00183,2.5632,1.0,0.004691
Bear River,Unknown,Unknown,0.001418,2.5632,1.0,0.003636
Central Utah,Unknown,Unknown,0.001123,2.5632,1.0,0.002877
Southeast Utah,Unknown,Unknown,0.002436,2.5632,1.0659,0.006656
Southwest Utah,Unknown,Unknown,0.001337,2.5632,1.0,0.003427
TriCounty,Unknown,Unknown,0.002066,2.5632,1.0,0.005296
Weber-Morgan,Unknown,Unknown,0.002012,2.5632,1.0,0.005158
Davis,0.005978,0.004856,0.002017,2.5872,1.0,0.005218
Salt Lake,0.006027,0.004896,0.002044,2.5568,1.0,0.005226
San Juan,0.020297,0.016488,0.003397,2.6189,2.0,0.017792
Summit,0.004732,0.003844,0.001542,2.5831,1.0,0.003984
Tooele,0.005678,0.004612,0.001993,2.5304,1.0,0.005043
Utah,0.004289,0.003484,0.001517,2.5155,1.0,0.003815
Wasatch,0.005147,0.004181,0.001819,2.5038,1.0,0.004553
