Name,Estimated unvaccinated prevalence,Estimated vaccinated prevalence,Reported prevalence,Underreporting factor,Delay factor,Estimated prevalence
Entire state,0.003609,0.003609,0.001055,2.4386,1.4029,0.003609
Bear River,Unknown,Unknown,0.000873,2.4386,1.3846,0.002946
Central Utah,Unknown,Unknown,0.000622,2.4386,1.1111,0.001686
Southeast Utah,Unknown,Unknown,0.001442,2.4386,1.0,0.003516
Southwest Utah,Unknown,Unknown,0.000905,2.4386,1.2682,0.002798
TriCounty,Unknown,Unknown,0.000477,2.4386,1.3,0.001512
Weber-Morgan,Unknown,Unknown,0.00155,2.4386,1.7469,0.006601
Davis,0.003341,0.003341,0.001103,2.4102,1.2572,0.003341
Salt Lake,0.00406,0.00406,0.001162,2.443,1.4295,0.00406
San Juan,0.011502,0.011502,0.003332,2.4857,1.3889,0.011502
Summit,0.002045,0.002045,0.000783,2.5295,1.0323,0.002045
Tooele,0.003716,0.003716,0.001135,2.5062,1.3065,0.003716
Utah,0.002764,0.002764,0.000754,2.4018,1.5255,0.002764
Wasatch,0.003017,0.003017,0.001115,2.4137,1.1212,0.003017
