Name,Estimated unvaccinated prevalence,Estimated vaccinated prevalence,Reported prevalence,Underreporting factor,Delay factor,Estimated prevalence
Entire state,0.011623,0.002161,0.002189,2.4397,1.0,0.00534
Bear River,Unknown,Unknown,0.001986,2.4397,1.0,0.004845
Central Utah,Unknown,Unknown,0.001745,2.4397,1.1008,0.004686
Southeast Utah,Unknown,Unknown,0.001467,2.4397,1.0,0.003578
Southwest Utah,Unknown,Unknown,0.002178,2.4397,1.0,0.005314
TriCounty,Unknown,Unknown,0.001448,2.4397,1.0,0.003533
Weber-Morgan,Unknown,Unknown,0.001902,2.4397,1.0,0.004641
Davis,0.012355,0.002298,0.002473,2.4422,1.0,0.006039
Salt Lake,0.011595,0.002156,0.002203,2.425,1.0,0.005341
San Juan,0.013651,0.002539,0.002613,2.6437,1.0,0.006908
Summit,0.012289,0.002285,0.001566,2.3387,1.0,0.003663
Tooele,0.01206,0.002243,0.002616,2.5071,1.0,0.006557
Utah,0.010324,0.00192,0.002362,2.4791,1.0,0.005856
Wasatch,0.00737,0.001371,0.001643,2.3857,1.0,0.003919
