Name,Estimated unvaccinated prevalence,Estimated vaccinated prevalence,Reported prevalence,Underreporting factor,Delay factor,Estimated prevalence
Entire state,0.009231,0.001698,0.001749,2.2252,1.0,0.003892
Bristol,0.0053,0.000975,0.001011,2.2252,1.0,0.002249
Kent,0.010762,0.00198,0.002027,2.2424,1.0,0.004545
Newport,0.006851,0.00126,0.001267,2.2584,1.0,0.002861
Providence,0.008653,0.001592,0.001891,2.2311,1.0,0.004218
Washington,0.010733,0.001974,0.002015,2.2311,1.0,0.004495
