Name,Estimated unvaccinated prevalence,Estimated vaccinated prevalence,Reported prevalence,Underreporting factor,Delay factor,Estimated prevalence
Entire state,0.005062,0.004102,0.001836,2.2916,1.0646,0.004479
Bristol,0.003114,0.002523,0.001196,2.2093,1.0,0.002643
Kent,0.006555,0.005312,0.002246,2.3589,1.0514,0.005571
Newport,0.00367,0.002973,0.00134,2.3443,1.0,0.003142
Providence,0.003996,0.003238,0.001517,2.278,1.0,0.003455
Washington,0.005544,0.004493,0.001816,2.2982,1.1294,0.004712
