Name,Estimated unvaccinated prevalence,Estimated vaccinated prevalence,Reported prevalence,Underreporting factor,Delay factor,Estimated prevalence
Entire state,0.011425,0.002127,0.00223,2.4541,1.0,0.005472
Baker,0.021678,0.004035,0.003411,2.754,1.0,0.009394
Benton,0.010003,0.001862,0.001891,2.2998,1.0116,0.0044
Clackamas,0.00739,0.001375,0.001502,2.4453,1.0,0.003672
Clatsop,0.007949,0.001479,0.001591,2.5294,1.0,0.004024
Columbia,0.010928,0.002034,0.002368,2.5344,1.0,0.006003
Coos,0.011405,0.002123,0.002621,2.4851,1.0,0.006513
Crook,0.039837,0.007415,0.007827,2.7882,1.1377,0.024828
Curry,0.005797,0.001079,0.001352,2.4768,1.0,0.003349
Deschutes,0.020043,0.003731,0.003814,2.5772,1.0,0.009829
Douglas,0.009795,0.001823,0.002478,2.3599,1.0,0.005848
Gilliam,0.003679,0.000685,0.001046,2.3562,1.0,0.002465
Grant,0.016138,0.003004,0.004167,2.549,1.0,0.010622
Harney,0.03485,0.006487,0.008386,2.7557,1.0,0.02311
Hood River,0.050002,0.009307,0.004405,2.6192,1.6721,0.019293
Jackson,0.009407,0.001751,0.002096,2.549,1.0,0.005342
Jefferson,0.020285,0.003776,0.004339,2.5466,1.0,0.011051
Josephine,0.005848,0.001088,0.001486,2.4363,1.0,0.00362
Klamath,0.024196,0.004503,0.005583,2.593,1.0468,0.015156
Lake,0.025446,0.004736,0.0061,2.9369,1.0,0.017915
Lane,0.009856,0.001835,0.002039,2.3525,1.0,0.004797
Lincoln,0.007328,0.001364,0.001481,2.3211,1.0,0.003438
Linn,0.018642,0.00347,0.004393,2.4824,1.0,0.010905
Malheur,0.025015,0.004656,0.006379,2.6127,1.0,0.016666
Marion,0.01237,0.002302,0.002605,2.5538,1.0,0.006652
Morrow,0.013476,0.002508,0.003189,2.5609,1.0,0.008166
Multnomah,0.00715,0.001331,0.001243,2.3813,1.0,0.002959
Polk,0.019351,0.003602,0.003485,2.4905,1.1865,0.010298
Sherman,0.015518,0.002888,0.003371,2.6213,1.0,0.008836
Tillamook,0.003292,0.000613,0.00074,2.2672,1.0,0.001677
Umatilla,0.021495,0.004001,0.004811,2.6783,1.0,0.012885
Union,0.015909,0.002961,0.004099,2.4851,1.0,0.010187
Wallowa,0.063776,0.01187,0.00874,2.7644,1.4762,0.035667
Wasco,0.018507,0.003445,0.003823,2.4985,1.0,0.009551
Washington,0.007011,0.001305,0.001307,2.4016,1.0,0.003138
Wheeler,0.065127,0.012122,0.014264,2.6298,1.0,0.037511
Yamhill,0.012984,0.002417,0.002754,2.5269,1.0,0.00696
