Name,Estimated unvaccinated prevalence,Estimated vaccinated prevalence,Reported prevalence,Underreporting factor,Delay factor,Estimated prevalence
Entire state,0.003035,0.00246,0.001204,2.2151,1.0,0.002666
Bristol,0.003931,0.003186,0.001526,2.1941,1.0,0.003349
Kent,0.005007,0.004058,0.001899,2.2483,1.0,0.00427
Newport,0.003359,0.002723,0.001304,2.2151,1.0,0.002888
Providence,0.003291,0.002667,0.001294,2.207,1.0,0.002857
Washington,0.004357,0.003531,0.001672,2.2229,1.0,0.003717
