Name,Estimated unvaccinated prevalence,Estimated vaccinated prevalence,Reported prevalence,Underreporting factor,Delay factor,Estimated prevalence
Entire state,0.002806,0.002806,0.001233,2.2758,1.0,0.002806
Bristol,0.002741,0.002741,0.001238,2.215,1.0,0.002741
Kent,0.003054,0.003054,0.001333,2.2911,1.0,0.003054
Newport,0.00231,0.00231,0.000999,2.3119,1.0,0.00231
Providence,0.003018,0.003018,0.001227,2.2651,1.086,0.003018
Washington,0.002593,0.002593,0.001083,2.3592,1.015,0.002593
