Name,Estimated unvaccinated prevalence,Estimated vaccinated prevalence,Reported prevalence,Underreporting factor,Delay factor,Estimated prevalence
Entire state,0.01249,0.002337,0.002415,2.6027,1.166,0.007329
Bear River,Unknown,Unknown,0.002072,2.6027,1.2372,0.00667
Central Utah,Unknown,Unknown,0.002648,2.6027,1.0909,0.007518
Southeast Utah,Unknown,Unknown,0.002411,2.6027,1.6552,0.010387
Southwest Utah,Unknown,Unknown,0.002531,2.6027,1.0375,0.006835
TriCounty,Unknown,Unknown,0.002119,2.6027,1.0,0.005516
Weber-Morgan,Unknown,Unknown,0.002585,2.6027,1.1678,0.007857
Davis,0.012895,0.002412,0.002335,2.635,1.2227,0.007523
Salt Lake,0.01326,0.002481,0.002336,2.5685,1.2098,0.007259
San Juan,0.017035,0.003187,0.002025,2.6862,1.875,0.0102
Summit,0.021377,0.003999,0.002254,2.5464,1.4921,0.008564
Tooele,0.018095,0.003385,0.003626,2.6817,1.1864,0.011536
Utah,0.010422,0.00195,0.002424,2.6178,1.0852,0.006885
Wasatch,0.018494,0.00346,0.002963,2.6929,1.4286,0.011397
