Name,Estimated unvaccinated prevalence,Estimated vaccinated prevalence,Reported prevalence,Underreporting factor,Delay factor,Estimated prevalence
Entire state,0.004677,0.004677,0.001723,2.3276,1.1662,0.004677
Bristol,0.004018,0.004018,0.001279,2.3178,1.3556,0.004018
Kent,0.004161,0.004161,0.001802,2.3093,1.0,0.004161
Newport,0.002513,0.002513,0.000962,2.4098,1.0833,0.002513
Providence,0.005278,0.005278,0.001842,2.3194,1.2353,0.005278
Washington,0.003635,0.003635,0.001266,2.3802,1.2061,0.003635
