Name,Estimated unvaccinated prevalence,Estimated vaccinated prevalence,Reported prevalence,Underreporting factor,Delay factor,Estimated prevalence
Entire state,0.004664,0.004664,0.001371,3.402,1.0,0.004664
Bear River,Unknown,Unknown,0.00091,3.402,1.0181,0.003152
Central Utah,Unknown,Unknown,0.001196,3.402,1.0,0.004068
Southeast Utah,Unknown,Unknown,0.001094,3.402,1.0,0.003721
Southwest Utah,Unknown,Unknown,0.001345,3.402,1.0,0.004576
TriCounty,Unknown,Unknown,0.001254,3.402,1.0,0.004266
Weber-Morgan,Unknown,Unknown,0.001729,3.402,1.0,0.005884
Davis,0.006398,0.006398,0.001831,3.3752,1.035,0.006398
Salt Lake,0.004703,0.004703,0.001387,3.3895,1.0,0.004703
San Juan,0.012585,0.012585,0.003462,3.6351,1.0,0.012585
Summit,0.003857,0.003857,0.001115,3.4582,1.0,0.003857
Tooele,0.008106,0.008106,0.001896,3.3638,1.271,0.008106
Utah,0.003251,0.003251,0.000971,3.3471,1.0,0.003251
Wasatch,0.003575,0.003575,0.001085,3.2937,1.0,0.003575
