Name,Estimated unvaccinated prevalence,Estimated vaccinated prevalence,Reported prevalence,Underreporting factor,Delay factor,Estimated prevalence
Entire state,0.054778,0.010057,0.00706,2.3392,1.1653,0.019245
Bristol,0.029848,0.00548,0.004517,2.2652,1.0792,0.011043
Kent,0.04992,0.009165,0.006848,2.3424,1.1745,0.018838
Newport,0.03926,0.007208,0.005202,2.3516,1.1703,0.014317
Providence,0.030674,0.005631,0.005442,2.3516,1.0623,0.013595
Washington,0.039201,0.007197,0.005781,2.3264,1.0789,0.014511
