Name,Estimated unvaccinated prevalence,Estimated vaccinated prevalence,Reported prevalence,Underreporting factor,Delay factor,Estimated prevalence
Entire state,0.00833,0.006749,0.001579,2.3386,2.0,0.007386
Bristol,0.002793,0.002263,0.001031,2.2952,1.0,0.002367
Kent,0.006326,0.005126,0.002283,2.314,1.0163,0.005368
Newport,0.002577,0.002088,0.000914,2.4105,1.0,0.002203
Providence,0.004186,0.003391,0.001548,2.3352,1.0,0.003615
Washington,0.003449,0.002795,0.001226,2.3845,1.0,0.002924
