Name,Estimated unvaccinated prevalence,Estimated vaccinated prevalence,Reported prevalence,Underreporting factor,Delay factor,Estimated prevalence
Entire state,0.012622,0.002347,0.002378,2.4583,1.0,0.005845
Bear River,Unknown,Unknown,0.00235,2.4583,1.0,0.005777
Central Utah,Unknown,Unknown,0.001684,2.4583,1.0,0.00414
Southeast Utah,Unknown,Unknown,0.001616,2.4583,1.0,0.003972
Southwest Utah,Unknown,Unknown,0.002202,2.4583,1.0,0.005413
TriCounty,Unknown,Unknown,0.001519,2.4583,1.0759,0.004017
Weber-Morgan,Unknown,Unknown,0.001939,2.4583,1.0,0.004766
Davis,0.01332,0.002477,0.002658,2.4676,1.0,0.00656
Salt Lake,0.012837,0.002387,0.00245,2.4343,1.0,0.005964
San Juan,0.010478,0.001949,0.00209,2.5764,1.0,0.005386
Summit,0.011839,0.002202,0.001495,2.3874,1.0,0.003569
Tooele,0.012054,0.002242,0.002629,2.5176,1.0,0.00662
Utah,0.011534,0.002145,0.002626,2.5072,1.0,0.006585
Wasatch,0.007631,0.001419,0.001701,2.401,1.0,0.004085
