Name,Estimated unvaccinated prevalence,Estimated vaccinated prevalence,Reported prevalence,Underreporting factor,Delay factor,Estimated prevalence
Entire state,0.006392,0.005194,0.002393,2.395,1.0,0.005732
Baker,0.005015,0.004075,0.001675,2.5975,1.0,0.00435
Benton,0.007702,0.006259,0.002644,2.5009,1.0,0.006612
Clackamas,0.005609,0.004558,0.002071,2.3551,1.0,0.004877
Clatsop,0.007186,0.005839,0.001889,2.4806,1.3393,0.006277
Columbia,0.005467,0.004442,0.002044,2.3655,1.0,0.004835
Coos,0.007792,0.006332,0.002636,2.4634,1.0696,0.006946
Crook,0.008338,0.006775,0.003114,2.4181,1.0,0.00753
Curry,0.00879,0.007143,0.003228,2.4342,1.0,0.007857
Deschutes,0.00908,0.007379,0.003222,2.4483,1.0,0.007889
Douglas,0.007318,0.005946,0.002505,2.3444,1.1215,0.006586
Gilliam,0.002556,0.002076,0.001046,2.2344,1.0,0.002337
Grant,0.044667,0.036302,0.008473,2.4105,2.0,0.040851
Harney,0.021147,0.017187,0.003923,2.4607,2.0,0.019305
Hood River,0.003112,0.002528,0.001155,2.2596,1.0,0.002609
Jackson,0.005589,0.004542,0.002068,2.4044,1.0,0.004973
Jefferson,0.008224,0.006683,0.003001,2.4105,1.0,0.007234
Josephine,0.005597,0.004548,0.002103,2.409,1.0,0.005067
Klamath,0.007305,0.005936,0.002711,2.4356,1.0,0.006603
Lake,0.006653,0.005408,0.001271,2.4225,2.0,0.006157
Lane,0.009106,0.0074,0.002316,2.3621,1.4516,0.007942
Lincoln,0.005871,0.004771,0.001921,2.5598,1.0326,0.005079
Linn,0.005477,0.004451,0.001904,2.3551,1.0933,0.004902
Malheur,0.010836,0.008805,0.002682,2.4013,1.5283,0.009844
Marion,0.006891,0.0056,0.002473,2.4539,1.0,0.006067
Morrow,0.004837,0.003931,0.00181,2.3903,1.0,0.004326
Multnomah,0.007551,0.006136,0.002707,2.3706,1.0,0.006416
Polk,0.009203,0.007478,0.0028,2.5071,1.1538,0.008099
Sherman,0.00752,0.00611,0.002809,2.3838,1.0,0.006696
Tillamook,0.006299,0.005119,0.002219,2.4909,1.0,0.005528
Umatilla,0.010722,0.008712,0.002835,2.5519,1.3253,0.009589
Union,0.00395,0.003209,0.001379,2.4525,1.0588,0.00358
Wallowa,0.005577,0.004532,0.002081,2.3789,1.0,0.004951
Wasco,0.008931,0.007257,0.003261,2.3966,1.0,0.007814
Washington,0.006083,0.004943,0.002188,2.3789,1.0,0.005204
Wheeler,0.003866,0.003139,0.001502,2.31,1.0,0.003469
Yamhill,0.004338,0.003525,0.001578,2.3333,1.037,0.003818
