Name,Estimated unvaccinated prevalence,Estimated vaccinated prevalence,Reported prevalence,Underreporting factor,Delay factor,Estimated prevalence
Entire state,0.004713,0.003819,0.00176,2.3719,1.0,0.004176
Bristol,0.008153,0.006606,0.001836,2.355,1.6,0.006918
Kent,0.005646,0.004575,0.001893,2.3702,1.069,0.004796
Newport,0.003696,0.002995,0.001255,2.4212,1.0408,0.003162
Providence,0.004919,0.003986,0.001733,2.3602,1.0395,0.004251
Washington,0.004681,0.003793,0.001664,2.3864,1.0,0.003972
