Name,Estimated unvaccinated prevalence,Estimated vaccinated prevalence,Reported prevalence,Underreporting factor,Delay factor,Estimated prevalence
Entire state,0.015857,0.002952,0.003041,2.5444,1.0883,0.008421
Bear River,Unknown,Unknown,0.004368,2.5444,1.2021,0.013359
Central Utah,Unknown,Unknown,0.00316,2.5444,1.0,0.008041
Southeast Utah,Unknown,Unknown,0.006637,2.5444,1.2036,0.020326
Southwest Utah,Unknown,Unknown,0.002551,2.5444,1.0629,0.0069
TriCounty,Unknown,Unknown,0.003108,2.5444,1.0,0.007909
Weber-Morgan,Unknown,Unknown,0.003723,2.5444,1.1779,0.011159
Davis,0.016383,0.00305,0.003168,2.5714,1.0724,0.008735
Salt Lake,0.014149,0.002634,0.002615,2.5061,1.0882,0.007133
San Juan,0.013806,0.00257,0.002809,2.7633,1.0,0.007762
Summit,0.011529,0.002146,0.001708,2.4163,1.0,0.004128
Tooele,0.028906,0.005381,0.005162,2.6476,1.2483,0.017061
Utah,0.013095,0.002438,0.002878,2.5603,1.0777,0.007941
Wasatch,0.015822,0.002946,0.002611,2.5951,1.3333,0.009033
