Name,Estimated unvaccinated prevalence,Estimated vaccinated prevalence,Reported prevalence,Underreporting factor,Delay factor,Estimated prevalence
Entire state,0.00415,0.00415,0.001664,2.3095,1.0797,0.00415
Bristol,0.005601,0.005601,0.001877,2.3207,1.2857,0.005601
Kent,0.004857,0.004857,0.001674,2.33,1.2455,0.004857
Newport,0.003172,0.003172,0.001328,2.3889,1.0,0.003172
Providence,0.003901,0.003901,0.00165,2.3175,1.0203,0.003901
Washington,0.003829,0.003829,0.001433,2.3876,1.1187,0.003829
