Name,Estimated unvaccinated prevalence,Estimated vaccinated prevalence,Reported prevalence,Underreporting factor,Delay factor,Estimated prevalence
Entire state,0.005788,0.004689,0.001886,2.3265,1.1699,0.005133
Bristol,0.003389,0.002746,0.001279,2.2449,1.0,0.002871
Kent,0.005733,0.004645,0.001911,2.3573,1.0793,0.004863
Newport,0.003109,0.002519,0.001109,2.3957,1.0,0.002656
Providence,0.006559,0.005314,0.001964,2.3126,1.2465,0.005662
Washington,0.00473,0.003832,0.001481,2.4135,1.1212,0.004008
