Name,Estimated unvaccinated prevalence,Estimated vaccinated prevalence,Reported prevalence,Underreporting factor,Delay factor,Estimated prevalence
Entire state,0.003536,0.002865,0.001356,2.3088,1.0,0.00313
Bristol,0.005175,0.004193,0.001526,2.247,1.2807,0.004393
Kent,0.005823,0.004718,0.0021,2.3565,1.0,0.004948
Newport,0.006222,0.005042,0.001718,2.4142,1.2844,0.005327
Providence,0.005182,0.004199,0.001715,2.3088,1.1312,0.00448
Washington,0.003924,0.00318,0.001465,2.2762,1.0,0.003335
