Name,Estimated unvaccinated prevalence,Estimated vaccinated prevalence,Reported prevalence,Underreporting factor,Delay factor,Estimated prevalence
Entire state,0.004497,0.004497,0.001812,2.3289,1.0655,0.004497
Bristol,0.003266,0.003266,0.001423,2.2611,1.0149,0.003266
Kent,0.005722,0.005722,0.002009,2.3118,1.2322,0.005722
Newport,0.002854,0.002854,0.001218,2.3424,1.0,0.002854
Providence,0.00446,0.00446,0.001826,2.3247,1.0505,0.00446
Washington,0.004162,0.004162,0.001672,2.4056,1.0347,0.004162
