Name,Estimated unvaccinated prevalence,Estimated vaccinated prevalence,Reported prevalence,Underreporting factor,Delay factor,Estimated prevalence
Entire state,0.021558,0.017477,0.00772,2.4531,1.0,0.018937
Bristol,0.027159,0.022018,0.009922,2.3374,1.0,0.023191
Kent,0.027498,0.022292,0.009581,2.4531,1.0,0.023502
Newport,0.028469,0.023079,0.010197,2.4076,1.0,0.02455
Providence,0.029389,0.023825,0.010319,2.4791,1.0,0.025582
Washington,0.026174,0.021219,0.009357,2.3912,1.0,0.022374
