Name,Estimated unvaccinated prevalence,Estimated vaccinated prevalence,Reported prevalence,Underreporting factor,Delay factor,Estimated prevalence
Entire state,0.001401,0.001401,0.000587,2.3873,1.0,0.001401
Bear River,Unknown,Unknown,0.000471,2.3873,1.0,0.001125
Central Utah,Unknown,Unknown,0.000342,2.3873,1.0,0.000816
Southeast Utah,Unknown,Unknown,0.000771,2.3873,1.5,0.002759
Southwest Utah,Unknown,Unknown,0.000369,2.3873,1.0575,0.000932
TriCounty,Unknown,Unknown,0.000477,2.3873,1.0,0.001138
Weber-Morgan,Unknown,Unknown,0.000834,2.3873,1.2914,0.00257
Davis,0.001467,0.001467,0.000613,2.3927,1.0,0.001467
Salt Lake,0.001689,0.001689,0.000701,2.3927,1.0062,0.001689
San Juan,0.002826,0.002826,0.000849,2.4961,1.3333,0.002826
Summit,0.001321,0.001321,0.000546,2.4213,1.0,0.001321
Tooele,0.001347,0.001347,0.000554,2.4336,1.0,0.001347
Utah,0.00099,0.00099,0.000423,2.3409,1.0,0.00099
Wasatch,0.000968,0.000968,0.000411,2.356,1.0,0.000968
