Name,Estimated unvaccinated prevalence,Estimated vaccinated prevalence,Reported prevalence,Underreporting factor,Delay factor,Estimated prevalence
Entire state,0.00272,0.00221,0.001057,2.2811,1.0,0.00241
Baker,0.002263,0.001839,0.000868,2.2654,1.0,0.001967
Benton,0.003913,0.00318,0.001494,2.2555,1.0,0.003369
Clackamas,0.002146,0.001744,0.000825,2.2686,1.0,0.001872
Clatsop,0.001332,0.001083,0.000522,2.2381,1.0,0.001168
Columbia,0.003762,0.003058,0.001413,2.3613,1.0,0.003338
Coos,0.002433,0.001977,0.000946,2.2989,1.0,0.002175
Crook,0.004102,0.003334,0.001598,2.3237,1.0,0.003713
Curry,0.003595,0.002921,0.001396,2.3101,1.0,0.003225
Deschutes,0.003523,0.002863,0.00131,2.3443,1.0,0.003071
Douglas,0.003392,0.002757,0.001325,2.3101,1.0,0.00306
Gilliam,0.018881,0.015345,0.003661,2.3637,2.0,0.017307
Grant,0.01125,0.009143,0.0025,2.1807,1.8889,0.010299
Harney,0.006107,0.004963,0.002299,2.4287,1.0,0.005585
Hood River,0.003672,0.002984,0.001326,2.3341,1.0,0.003095
Jackson,0.003395,0.002759,0.001326,2.2841,1.0,0.003029
Jefferson,0.00257,0.002088,0.000973,2.3316,1.0,0.002269
Josephine,0.00361,0.002934,0.001463,2.2381,1.0,0.003274
Klamath,0.004218,0.003428,0.001407,2.373,1.1446,0.003821
Lake,0.005757,0.004679,0.00216,2.4689,1.0,0.005334
Lane,0.002675,0.002174,0.001029,2.2749,1.0,0.00234
Lincoln,0.002899,0.002356,0.001101,2.2871,1.0,0.002518
Linn,0.004559,0.003705,0.001819,2.2487,1.0,0.00409
Malheur,0.001819,0.001478,0.000752,2.203,1.0,0.001657
Marion,0.002268,0.001843,0.000868,2.3074,1.0,0.002003
Morrow,0.001327,0.001079,0.000517,2.3017,1.0,0.00119
Multnomah,0.002788,0.002266,0.001053,2.2588,1.0,0.002379
Polk,0.002527,0.002054,0.000964,2.3129,1.0,0.00223
Sherman,0.004427,0.003598,0.001685,2.3443,1.0,0.003951
Tillamook,0.001312,0.001067,0.000518,2.2308,1.0,0.001155
Umatilla,0.00223,0.001812,0.000872,2.2931,1.0,0.002
Union,0.001494,0.001214,0.000634,2.1436,1.0,0.001358
Wallowa,0.00301,0.002447,0.00111,2.4145,1.0,0.00268
Wasco,0.003359,0.00273,0.001274,2.3156,1.0,0.002951
Washington,0.00236,0.001918,0.000903,2.2452,1.0,0.002027
Wheeler,0.002017,0.00164,0.000751,2.4145,1.0,0.001813
Yamhill,0.002134,0.001735,0.000822,2.2931,1.0,0.001884
