Name,Estimated unvaccinated prevalence,Estimated vaccinated prevalence,Reported prevalence,Underreporting factor,Delay factor,Estimated prevalence
Entire state,0.006195,0.005034,0.002331,2.3845,1.0,0.005558
Baker,0.005146,0.004181,0.001799,2.4812,1.0,0.004463
Benton,0.007953,0.006462,0.002751,2.4812,1.0,0.006826
Clackamas,0.005241,0.004259,0.001939,2.3492,1.0,0.004556
Clatsop,0.011751,0.009549,0.002809,2.4138,1.5135,0.010263
Columbia,0.004361,0.003544,0.001643,2.3474,1.0,0.003856
Coos,0.008472,0.006884,0.002791,2.4787,1.0915,0.007551
Crook,0.006901,0.005607,0.002623,2.3764,1.0,0.006232
Curry,0.006673,0.005422,0.002486,2.3986,1.0,0.005964
Deschutes,0.008274,0.006724,0.002995,2.4002,1.0,0.007187
Douglas,0.008836,0.00718,0.002847,2.2873,1.2209,0.007952
Gilliam,0.001272,0.001032,0.000523,2.222,1.0,0.001162
Grant,0.018963,0.015407,0.006945,2.4964,1.0,0.017338
Harney,0.002805,0.00228,0.001082,2.3664,1.0,0.002561
Hood River,0.009526,0.007741,0.00201,2.2457,1.7692,0.007986
Jackson,0.005449,0.004427,0.002041,2.3747,1.0,0.004847
Jefferson,0.006112,0.004966,0.002352,2.2851,1.0,0.005375
Josephine,0.004606,0.003743,0.00176,2.3681,1.0,0.004168
Klamath,0.00755,0.006135,0.00277,2.4241,1.0162,0.006823
Lake,0.006041,0.004909,0.001779,2.4168,1.3,0.00559
Lane,0.007619,0.006191,0.002437,2.3747,1.1481,0.006644
Lincoln,0.008201,0.006664,0.002062,2.53,1.36,0.007093
Linn,0.004967,0.004036,0.001873,2.3731,1.0,0.004444
Malheur,0.006277,0.0051,0.002388,2.3877,1.0,0.005701
Marion,0.006321,0.005137,0.002294,2.4255,1.0,0.005565
Morrow,0.003791,0.003081,0.001465,2.3139,1.0,0.00339
Multnomah,0.007793,0.006332,0.002675,2.3647,1.0467,0.00662
Polk,0.006806,0.005531,0.002393,2.5025,1.0,0.005988
Sherman,0.002793,0.00227,0.001124,2.2135,1.0,0.002487
Tillamook,0.00538,0.004372,0.001849,2.5527,1.0,0.004721
Umatilla,0.008163,0.006633,0.002668,2.6298,1.0402,0.007299
Union,0.002773,0.002254,0.001043,2.4093,1.0,0.002514
Wallowa,0.005,0.004064,0.001665,2.6659,1.0,0.004438
Wasco,0.010312,0.008379,0.003261,2.4774,1.1169,0.009022
Washington,0.005812,0.004723,0.002116,2.3492,1.0,0.004971
Wheeler,0.001967,0.001598,0.000751,2.351,1.0,0.001765
Yamhill,0.004845,0.003937,0.001718,2.2786,1.0893,0.004264
