Name,Estimated unvaccinated prevalence,Estimated vaccinated prevalence,Reported prevalence,Underreporting factor,Delay factor,Estimated prevalence
Entire state,0.00216,0.00216,0.00087,2.4833,1.0,0.00216
Bear River,Unknown,Unknown,0.0006,2.4833,1.0,0.001489
Central Utah,Unknown,Unknown,0.000525,2.4833,1.0,0.001303
Southeast Utah,Unknown,Unknown,0.001715,2.4833,1.193,0.005081
Southwest Utah,Unknown,Unknown,0.000837,2.4833,1.0,0.002079
TriCounty,Unknown,Unknown,0.0006,2.4833,1.2692,0.001893
Weber-Morgan,Unknown,Unknown,0.00112,2.4833,1.0,0.002781
Davis,0.002262,0.002262,0.000911,2.4823,1.0,0.002262
Salt Lake,0.002475,0.002475,0.000982,2.5197,1.0,0.002475
San Juan,0.006115,0.006115,0.002352,2.6004,1.0,0.006115
Summit,0.004268,0.004268,0.001091,2.7806,1.4062,0.004268
Tooele,0.00219,0.00219,0.000858,2.552,1.0,0.00219
Utah,0.001382,0.001382,0.000583,2.3694,1.0,0.001382
Wasatch,0.001659,0.001659,0.000616,2.6932,1.0,0.001659
