Name,Estimated unvaccinated prevalence,Estimated vaccinated prevalence,Reported prevalence,Underreporting factor,Delay factor,Estimated prevalence
Entire state,0.002274,0.002274,0.001005,2.2636,1.0,0.002274
Baker,0.001745,0.001745,0.000806,2.1642,1.0,0.001745
Benton,0.002153,0.002153,0.000924,2.33,1.0,0.002153
Clackamas,0.002586,0.002586,0.001038,2.2732,1.0962,0.002586
Clatsop,0.00195,0.00195,0.000671,2.2344,1.3,0.00195
Columbia,0.00116,0.00116,0.000516,2.2494,1.0,0.00116
Coos,0.002797,0.002797,0.001039,2.2431,1.2,0.002797
Crook,0.005654,0.005654,0.00209,2.3268,1.1628,0.005654
Curry,0.001678,0.001678,0.000393,2.1366,2.0,0.001678
Deschutes,0.004592,0.004592,0.001781,2.322,1.1108,0.004592
Douglas,0.002497,0.002497,0.001117,2.2344,1.0,0.002497
Gilliam,0.002368,0.002368,0.001046,2.2636,1.0,0.002368
Grant,0.02495,0.02495,0.00514,2.4272,2.0,0.02495
Harney,0.001218,0.001218,0.000541,2.2515,1.0,0.001218
Hood River,0.001273,0.001273,0.00047,2.1642,1.25,0.001273
Jackson,0.001724,0.001724,0.000738,2.3362,1.0,0.001724
Jefferson,0.004713,0.004713,0.002068,2.2789,1.0,0.004713
Josephine,0.001415,0.001415,0.00064,2.2112,1.0,0.001415
Klamath,0.007261,0.007261,0.001949,2.3423,1.5904,0.007261
Lake,0.002328,0.002328,0.001017,2.2898,1.0,0.002328
Lane,0.002744,0.002744,0.000984,2.2231,1.2542,0.002744
Lincoln,0.001381,0.001381,0.00062,2.2254,1.0,0.001381
Linn,0.001674,0.001674,0.000755,2.216,1.0,0.001674
Malheur,0.001297,0.001297,0.000556,2.3315,1.0,0.001297
Marion,0.002326,0.002326,0.001026,2.2536,1.0056,0.002326
Morrow,0.001824,0.001824,0.000689,2.2675,1.1667,0.001824
Multnomah,0.002239,0.002239,0.000996,2.2474,1.0,0.002239
Polk,0.002472,0.002472,0.001011,2.2751,1.075,0.002472
Sherman,0.002518,0.002518,0.001124,2.241,1.0,0.002518
Tillamook,0.003664,0.003664,0.000888,2.5122,1.6429,0.003664
Umatilla,0.002363,0.002363,0.001001,2.3615,1.0,0.002363
Union,0.002126,0.002126,0.000783,2.1734,1.25,0.002126
Wallowa,0.00063,0.00063,0.000277,2.2713,1.0,0.00063
Wasco,0.001166,0.001166,0.000525,2.2231,1.0,0.001166
Washington,0.002229,0.002229,0.000981,2.2732,1.0,0.002229
Wheeler,0.001743,0.001743,0.000751,2.322,1.0,0.001743
Yamhill,0.002197,0.002197,0.000943,2.2136,1.0526,0.002197
