Name,Estimated unvaccinated prevalence,Estimated vaccinated prevalence,Reported prevalence,Underreporting factor,Delay factor,Estimated prevalence
Entire state,0.001644,0.001644,0.000668,2.2538,1.0914,0.001644
Baker,0.003271,0.003271,0.000744,2.1979,2.0,0.003271
Benton,0.0035,0.0035,0.00086,2.3191,1.7556,0.0035
Clackamas,0.001258,0.001258,0.000555,2.2378,1.0132,0.001258
Clatsop,0.003407,0.003407,0.000771,2.2107,2.0,0.003407
Columbia,0.00169,0.00169,0.000573,2.2378,1.3182,0.00169
Coos,0.002122,0.002122,0.000946,2.2433,1.0,0.002122
Crook,0.002102,0.002102,0.000901,2.2207,1.05,0.002102
Curry,0.001277,0.001277,0.000567,2.252,1.0,0.001277
Deschutes,0.002856,0.002856,0.000885,2.3177,1.392,0.002856
Douglas,0.001414,0.001414,0.000649,2.1794,1.0,0.001414
Gilliam,0.001179,0.001179,0.000523,2.2538,1.0,0.001179
Grant,0.001905,0.001905,0.000833,2.286,1.0,0.001905
Harney,0.000881,0.000881,0.000406,2.172,1.0,0.000881
Hood River,0.001052,0.001052,0.00047,2.236,1.0,0.001052
Jackson,0.00194,0.00194,0.000792,2.295,1.0675,0.00194
Jefferson,0.002121,0.002121,0.000933,2.2736,1.0,0.002121
Josephine,0.002527,0.002527,0.000732,2.1934,1.575,0.002527
Klamath,0.001424,0.001424,0.000645,2.2086,1.0,0.001424
Lake,0.000589,0.000589,0.000254,2.3163,1.0,0.000589
Lane,0.001817,0.001817,0.000817,2.2247,1.0,0.001817
Lincoln,0.002176,0.002176,0.000721,2.2433,1.3462,0.002176
Linn,0.003461,0.003461,0.000994,2.2304,1.561,0.003461
Malheur,0.001097,0.001097,0.000491,2.236,1.0,0.001097
Marion,0.001996,0.001996,0.000707,2.292,1.2312,0.001996
Morrow,0.001864,0.001864,0.000689,2.3177,1.1667,0.001864
Multnomah,0.001147,0.001147,0.000508,2.2572,1.0,0.001147
Polk,0.001487,0.001487,0.000662,2.245,1.0,0.001487
Sherman,0.002549,0.002549,0.001124,2.2687,1.0,0.002549
Tillamook,0.002144,0.002144,0.000814,2.6347,1.0,0.002144
Umatilla,0.003337,0.003337,0.000962,2.2965,1.5102,0.003337
Union,0.002476,0.002476,0.000559,2.2148,2.0,0.002476
Wallowa,0.002027,0.002027,0.000694,2.1912,1.3333,0.002027
Wasco,0.000987,0.000987,0.00045,2.1957,1.0,0.000987
Washington,0.001615,0.001615,0.000598,2.2622,1.1927,0.001615
Wheeler,0.001723,0.001723,0.000751,2.295,1.0,0.001723
Yamhill,0.002398,0.002398,0.000831,2.2622,1.2754,0.002398
