Name,Estimated unvaccinated prevalence,Estimated vaccinated prevalence,Reported prevalence,Underreporting factor,Delay factor,Estimated prevalence
Entire state,0.004479,0.00363,0.001727,2.2951,1.0,0.003963
Bristol,0.005882,0.004766,0.002207,2.2625,1.0,0.004994
Kent,0.00591,0.004789,0.002136,2.3514,1.0,0.005024
Newport,0.004634,0.003755,0.001693,2.3402,1.0,0.003963
Providence,0.005017,0.004065,0.001917,2.2625,1.0,0.004338
Washington,0.004376,0.003546,0.001609,2.3123,1.0,0.003719
