Name,Estimated unvaccinated prevalence,Estimated vaccinated prevalence,Reported prevalence,Underreporting factor,Delay factor,Estimated prevalence
Entire state,0.002133,0.002133,0.000898,2.375,1.0,0.002133
Bear River,Unknown,Unknown,0.000498,2.375,1.0,0.001182
Central Utah,Unknown,Unknown,0.000757,2.375,1.0,0.001797
Southeast Utah,Unknown,Unknown,0.000795,2.375,1.0,0.001889
Southwest Utah,Unknown,Unknown,0.000873,2.375,1.0,0.002073
TriCounty,Unknown,Unknown,0.000636,2.375,1.0,0.00151
Weber-Morgan,Unknown,Unknown,0.001241,2.375,1.0,0.002948
Davis,0.002568,0.002568,0.001077,2.3832,1.0,0.002568
Salt Lake,0.002333,0.002333,0.000969,2.4069,1.0,0.002333
San Juan,0.003941,0.003941,0.001633,2.4134,1.0,0.003941
Summit,0.003775,0.003775,0.001352,2.3924,1.1667,0.003775
Tooele,0.001632,0.001632,0.000692,2.358,1.0,0.001632
Utah,0.001521,0.001521,0.000646,2.3542,1.0,0.001521
Wasatch,0.003542,0.003542,0.001027,2.3335,1.4783,0.003542
