Name,Estimated unvaccinated prevalence,Estimated vaccinated prevalence,Reported prevalence,Underreporting factor,Delay factor,Estimated prevalence
Entire state,0.003821,0.003105,0.001456,2.356,1.0,0.003432
Baker,0.003194,0.002596,0.001116,2.4809,1.0,0.00277
Benton,0.004968,0.004037,0.001805,2.361,1.0,0.004263
Clackamas,0.003203,0.002603,0.001191,2.3374,1.0,0.002784
Clatsop,0.003554,0.002888,0.001268,2.4467,1.0,0.003102
Columbia,0.002667,0.002167,0.001012,2.3286,1.0,0.002357
Coos,0.006052,0.004918,0.002218,2.432,1.0,0.005393
Crook,0.005585,0.004538,0.002131,2.3658,1.0,0.005041
Curry,0.003585,0.002913,0.001396,2.2947,1.0,0.003203
Deschutes,0.005967,0.004849,0.002165,2.3936,1.0,0.005182
Douglas,0.004267,0.003467,0.001685,2.2783,1.0,0.003839
Gilliam,0.001414,0.001147,0.000523,2.4698,1.0,0.001292
Grant,0.006159,0.005003,0.0025,2.2518,1.0,0.00563
Harney,0.025541,0.020757,0.004464,2.611,2.0,0.023309
Hood River,0.002576,0.002094,0.000941,2.2947,1.0,0.002159
Jackson,0.003752,0.003048,0.001408,2.3706,1.0,0.003337
Jefferson,0.007642,0.00621,0.002798,2.401,1.0,0.006719
Josephine,0.004107,0.003337,0.001577,2.356,1.0,0.003716
Klamath,0.003807,0.003093,0.001436,2.3951,1.0,0.00344
Lake,0.002223,0.001807,0.00089,2.3121,1.0,0.002057
Lane,0.004097,0.003329,0.001536,2.325,1.0,0.003572
Lincoln,0.003268,0.002656,0.001081,2.6148,1.0,0.002826
Linn,0.003027,0.00246,0.001179,2.2967,1.0,0.002708
Malheur,0.004668,0.003793,0.001799,2.356,1.0,0.004239
Marion,0.004359,0.003542,0.001622,2.3658,1.0,0.003836
Morrow,0.003264,0.002652,0.001207,2.4168,1.0,0.002916
Multnomah,0.003849,0.003128,0.001404,2.3286,1.0,0.003269
Polk,0.004156,0.003377,0.001522,2.4025,1.0,0.003656
Sherman,0.009503,0.007732,0.002247,2.5105,1.5,0.008462
Tillamook,0.00355,0.002885,0.001184,2.6308,1.0,0.003114
Umatilla,0.006604,0.005367,0.002232,2.6446,1.0,0.005903
Union,0.003447,0.002801,0.001304,2.3951,1.0,0.003124
Wallowa,0.004085,0.003319,0.001526,2.3753,1.0,0.003625
Wasco,0.004041,0.003284,0.001499,2.3577,1.0,0.003535
Washington,0.003167,0.002574,0.00117,2.314,1.0,0.002708
Wheeler,0.007886,0.00641,0.003003,2.356,1.0,0.007075
Yamhill,0.003994,0.003245,0.001382,2.3177,1.097,0.003514
