Name,Population,Cases in past week,Reported prevalence,Underreporting factor,Delay factor,Estimated prevalence
Entire state,1059361,2458,0.002321,2.3329,2.0,0.01083
Bristol,48479,50,0.001052,2.3133,1.5625,0.003802
Kent,164292,179,0.001096,2.3183,1.4435,0.003667
Newport,82082,138,0.001693,2.3559,1.2212,0.004872
Providence,638931,888,0.001391,2.3647,1.4605,0.004805
Washington,125577,182,0.001457,2.303,1.8384,0.00617
