Name,Estimated unvaccinated prevalence,Estimated vaccinated prevalence,Reported prevalence,Underreporting factor,Delay factor,Estimated prevalence
Entire state,0.002425,0.002425,0.001063,2.2816,1.0,0.002425
Bristol,0.001907,0.001907,0.000846,2.2549,1.0,0.001907
Kent,0.003275,0.003275,0.001382,2.2867,1.0367,0.003275
Newport,0.001515,0.001515,0.000658,2.3029,1.0,0.001515
Providence,0.002231,0.002231,0.000983,2.2695,1.0,0.002231
Washington,0.00215,0.00215,0.000932,2.3076,1.0,0.00215
