Name,Population,Cases in past week,Reported prevalence,Underreporting factor,Delay factor,Estimated prevalence
Entire state,1059361,8170,0.007713,2.7018,1.0,0.02084
Bristol,48479,215,0.004456,2.7018,1.72,0.020706
Kent,164292,1233,0.007511,2.7018,1.3272,0.026934
Newport,82082,268,0.003277,2.7018,1.6442,0.014558
Providence,638931,6007,0.009403,2.7018,1.4214,0.036113
Washington,125577,503,0.004013,2.7018,1.2033,0.013049
