Name,Estimated unvaccinated prevalence,Estimated vaccinated prevalence,Reported prevalence,Underreporting factor,Delay factor,Estimated prevalence
Entire state,0.001427,0.001427,0.000599,2.3824,1.0,0.001427
Bear River,Unknown,Unknown,0.000583,2.3824,1.0,0.00139
Central Utah,Unknown,Unknown,0.000525,2.3824,1.0,0.00125
Southeast Utah,Unknown,Unknown,0.000522,2.3824,1.0,0.001244
Southwest Utah,Unknown,Unknown,0.000349,2.3824,1.0,0.000832
TriCounty,Unknown,Unknown,0.000512,2.3824,1.0,0.00122
Weber-Morgan,Unknown,Unknown,0.000646,2.3824,1.0,0.00154
Davis,0.001577,0.001577,0.000661,2.3852,1.0,0.001577
Salt Lake,0.001673,0.001673,0.000697,2.4001,1.0,0.001673
San Juan,0.00152,0.00152,0.000653,2.3267,1.0,0.00152
Summit,0.003726,0.003726,0.000878,2.4757,1.7143,0.003726
Tooele,0.001473,0.001473,0.000609,2.4184,1.0,0.001473
Utah,0.001038,0.001038,0.00044,2.3579,1.0,0.001038
Wasatch,0.000973,0.000973,0.000411,2.3682,1.0,0.000973
