Name,Estimated unvaccinated prevalence,Estimated vaccinated prevalence,Reported prevalence,Underreporting factor,Delay factor,Estimated prevalence
Entire state,0.003361,0.003361,0.000993,3.3848,1.0,0.003361
Bear River,Unknown,Unknown,0.000674,3.3848,1.0,0.002283
Central Utah,Unknown,Unknown,0.000842,3.3848,1.0,0.00285
Southeast Utah,Unknown,Unknown,0.000746,3.3848,1.0,0.002524
Southwest Utah,Unknown,Unknown,0.000944,3.3848,1.0,0.003196
TriCounty,Unknown,Unknown,0.00113,3.3848,1.0,0.003826
Weber-Morgan,Unknown,Unknown,0.001351,3.3848,1.0,0.004574
Davis,0.003952,0.003952,0.001176,3.3608,1.0,0.003952
Salt Lake,0.003712,0.003712,0.001088,3.411,1.0,0.003712
San Juan,0.00638,0.00638,0.001764,3.617,1.0,0.00638
Summit,0.002145,0.002145,0.000641,3.3476,1.0,0.002145
Tooele,0.003372,0.003372,0.000969,3.4809,1.0,0.003372
Utah,0.002225,0.002225,0.000665,3.3459,1.0,0.002225
Wasatch,0.00272,0.00272,0.000821,3.3114,1.0,0.00272
