Name,Estimated unvaccinated prevalence,Estimated vaccinated prevalence,Reported prevalence,Underreporting factor,Delay factor,Estimated prevalence
Entire state,0.002136,0.002136,0.000898,2.3784,1.0,0.002136
Bear River,Unknown,Unknown,0.000498,2.3784,1.0,0.001184
Central Utah,Unknown,Unknown,0.000757,2.3784,1.0,0.001799
Southeast Utah,Unknown,Unknown,0.000795,2.3784,1.0,0.001892
Southwest Utah,Unknown,Unknown,0.000873,2.3784,1.0,0.002076
TriCounty,Unknown,Unknown,0.000636,2.3784,1.0,0.001512
Weber-Morgan,Unknown,Unknown,0.001241,2.3784,1.0,0.002952
Davis,0.002569,0.002569,0.001077,2.3843,1.0,0.002569
Salt Lake,0.002334,0.002334,0.000969,2.408,1.0,0.002334
San Juan,0.003943,0.003943,0.001633,2.4145,1.0,0.003943
Summit,0.003777,0.003777,0.001352,2.3935,1.1667,0.003777
Tooele,0.001632,0.001632,0.000692,2.359,1.0,0.001632
Utah,0.001521,0.001521,0.000646,2.3553,1.0,0.001521
Wasatch,0.003543,0.003543,0.001027,2.3345,1.4783,0.003543
