Name,Estimated unvaccinated prevalence,Estimated vaccinated prevalence,Reported prevalence,Underreporting factor,Delay factor,Estimated prevalence
Entire state,0.007185,0.005839,0.002628,2.4026,1.0175,0.006424
Baker,0.002243,0.001823,0.000868,2.2422,1.0,0.001947
Benton,0.008419,0.006842,0.002902,2.4278,1.0267,0.007233
Clackamas,0.007904,0.006423,0.00285,2.4129,1.0,0.006878
Clatsop,0.005766,0.004686,0.001765,2.3259,1.2281,0.005042
Columbia,0.006576,0.005344,0.002502,2.3259,1.0,0.00582
Coos,0.008287,0.006734,0.002,2.3385,1.5802,0.007392
Crook,0.006367,0.005174,0.002377,2.3794,1.0179,0.005756
Curry,0.005585,0.004539,0.001614,2.4078,1.2857,0.004996
Deschutes,0.009739,0.007914,0.003384,2.5029,1.0,0.00847
Douglas,0.004666,0.003792,0.001766,2.3426,1.0156,0.004202
Gilliam,0.002765,0.002246,0.001046,2.4179,1.0,0.002529
Grant,0.003634,0.002953,0.001528,2.1753,1.0,0.003324
Harney,0.002491,0.002024,0.000947,2.4026,1.0,0.002275
Hood River,0.009916,0.008058,0.002609,2.2871,1.3953,0.008326
Jackson,0.006016,0.004889,0.001824,2.4179,1.2145,0.005356
Jefferson,0.006467,0.005256,0.002393,2.3794,1.0,0.005693
Josephine,0.004484,0.003644,0.001497,2.2114,1.2264,0.004061
Klamath,0.001968,0.0016,0.000762,2.3364,1.0,0.00178
Lake,0.002593,0.002106,0.00089,2.2479,1.2,0.0024
Lane,0.007239,0.005882,0.002672,2.3643,1.0,0.006318
Lincoln,0.006137,0.004987,0.002042,2.6027,1.0,0.005314
Linn,0.004806,0.003905,0.001796,2.3343,1.0265,0.004303
Malheur,0.001388,0.001128,0.000523,2.2507,1.0714,0.001262
Marion,0.007515,0.006107,0.002194,2.4008,1.2574,0.006622
Morrow,0.002544,0.002067,0.000517,2.2013,2.0,0.002277
Multnomah,0.010123,0.008226,0.003544,2.3848,1.0187,0.008611
Polk,0.009394,0.007634,0.002765,2.4112,1.2408,0.008272
Sherman,0.008652,0.007027,0.001685,2.2871,2.0,0.007709
Tillamook,0.00592,0.00481,0.002071,2.5098,1.0,0.005199
Umatilla,0.002066,0.001679,0.00077,2.2797,1.0536,0.001849
Union,0.002513,0.002042,0.000969,2.259,1.0417,0.00228
Wallowa,0.006945,0.005645,0.001249,2.4713,2.0,0.006171
Wasco,0.010419,0.008468,0.002923,2.4327,1.2833,0.009126
Washington,0.008811,0.00716,0.003157,2.3902,1.0,0.007545
Wheeler,0.001936,0.001573,0.000751,2.315,1.0,0.001738
Yamhill,0.005633,0.004578,0.00211,2.3301,1.009,0.004961
