Name,Estimated unvaccinated prevalence,Estimated vaccinated prevalence,Reported prevalence,Underreporting factor,Delay factor,Estimated prevalence
Entire state,0.077775,0.014276,0.009131,2.3394,1.3143,0.028075
Bristol,0.046504,0.008536,0.005838,2.2548,1.2936,0.017027
Kent,0.07163,0.013148,0.008814,2.3603,1.2874,0.026781
Newport,0.063607,0.011675,0.007103,2.3603,1.3662,0.022904
Providence,0.063752,0.011702,0.008065,2.3455,1.4822,0.028038
Washington,0.050368,0.009245,0.006809,2.3001,1.1779,0.018447
