Name,Estimated unvaccinated prevalence,Estimated vaccinated prevalence,Reported prevalence,Underreporting factor,Delay factor,Estimated prevalence
Entire state,0.010087,0.008174,0.003114,2.3349,1.2265,0.008918
Bristol,0.010149,0.008224,0.003754,2.2959,1.0,0.008619
Kent,0.010668,0.008645,0.00381,2.3808,1.0,0.009072
Newport,0.009886,0.008011,0.003545,2.3861,1.0,0.008459
Providence,0.009353,0.007579,0.003493,2.316,1.0,0.008091
Washington,0.010736,0.008699,0.003814,2.3932,1.0,0.009128
