Name,Estimated unvaccinated prevalence,Estimated vaccinated prevalence,Reported prevalence,Underreporting factor,Delay factor,Estimated prevalence
Entire state,0.001384,0.001384,0.000612,2.2606,1.0,0.001384
Baker,0.000564,0.000564,0.000248,2.2738,1.0,0.000564
Benton,0.001121,0.001121,0.000494,2.2672,1.0,0.001121
Clackamas,0.001242,0.001242,0.000548,2.2672,1.0,0.001242
Clatsop,0.00083,0.00083,0.000373,2.2261,1.0,0.00083
Columbia,0.001001,0.001001,0.000439,2.2785,1.0,0.001001
Coos,0.003773,0.003773,0.001318,2.2833,1.2537,0.003773
Crook,0.001909,0.001909,0.000861,2.2182,1.0,0.001909
Curry,0.002337,0.002337,0.000742,2.3637,1.3333,0.002337
Deschutes,0.001439,0.001439,0.000637,2.2571,1.0,0.001439
Douglas,0.001749,0.001749,0.000793,2.2057,1.0,0.001749
Gilliam,0.002659,0.002659,0.001046,2.5418,1.0,0.002659
Grant,0.004563,0.004563,0.000972,2.3463,2.0,0.004563
Harney,0.001195,0.001195,0.000541,2.2078,1.0,0.001195
Hood River,0.000997,0.000997,0.00047,2.1188,1.0,0.000997
Jackson,0.001702,0.001702,0.000742,2.2924,1.0,0.001702
Jefferson,0.002351,0.002351,0.001014,2.3184,1.0,0.002351
Josephine,0.001045,0.001045,0.000469,2.23,1.0,0.001045
Klamath,0.002319,0.002319,0.000777,2.2394,1.3333,0.002319
Lake,0.00058,0.00058,0.000254,2.2833,1.0,0.00058
Lane,0.002173,0.002173,0.000958,2.2689,1.0,0.002173
Lincoln,0.001237,0.001237,0.00054,2.2894,1.0,0.001237
Linn,0.001464,0.001464,0.00064,2.2879,1.0,0.001464
Malheur,0.001296,0.001296,0.000589,2.2014,1.0,0.001296
Marion,0.001323,0.001323,0.000575,2.3013,1.0,0.001323
Morrow,0.001686,0.001686,0.000603,2.3293,1.2,0.001686
Multnomah,0.001153,0.001153,0.000517,2.2319,1.0,0.001153
Polk,0.001628,0.001628,0.000709,2.2969,1.0,0.001628
Sherman,0.003969,0.003969,0.001685,2.3551,1.0,0.003969
Tillamook,0.003754,0.003754,0.000814,2.6361,1.75,0.003754
Umatilla,0.00148,0.00148,0.000641,2.3071,1.0,0.00148
Union,0.000601,0.000601,0.000261,2.3057,1.0,0.000601
Wallowa,0.00246,0.00246,0.000555,2.2162,2.0,0.00246
Wasco,0.000999,0.000999,0.00045,2.2222,1.0,0.000999
Washington,0.001136,0.001136,0.000502,2.2639,1.0,0.001136
Wheeler,0.010347,0.010347,0.002252,2.2969,2.0,0.010347
Yamhill,0.001459,0.001459,0.000654,2.2319,1.0,0.001459
