Name,Estimated unvaccinated prevalence,Estimated vaccinated prevalence,Reported prevalence,Underreporting factor,Delay factor,Estimated prevalence
Entire state,0.001648,0.001648,0.000746,2.2094,1.0,0.001648
Bristol,0.002289,0.002289,0.000578,2.2018,1.8,0.002289
Kent,0.001662,0.001662,0.000749,2.2204,1.0,0.001662
Newport,0.00148,0.00148,0.000658,2.2503,1.0,0.00148
Providence,0.001634,0.001634,0.000732,2.2308,1.0,0.001634
Washington,0.001442,0.001442,0.000637,2.264,1.0,0.001442
