Name,Estimated unvaccinated prevalence,Estimated vaccinated prevalence,Reported prevalence,Underreporting factor,Delay factor,Estimated prevalence
Entire state,0.008184,0.006632,0.003068,2.3579,1.0,0.007234
Bristol,0.010192,0.008259,0.003754,2.3061,1.0,0.008657
Kent,0.010599,0.008588,0.00381,2.3655,1.0,0.009013
Newport,0.009919,0.008038,0.003545,2.3945,1.0,0.008489
Providence,0.009482,0.007684,0.003493,2.3482,1.0,0.008203
Washington,0.010717,0.008684,0.003814,2.3893,1.0,0.009114
