Name,Estimated unvaccinated prevalence,Estimated vaccinated prevalence,Reported prevalence,Underreporting factor,Delay factor,Estimated prevalence
Entire state,0.011364,0.002113,0.002136,2.4336,1.0,0.005198
Bear River,Unknown,Unknown,0.001745,2.4336,1.0,0.004247
Central Utah,Unknown,Unknown,0.001891,2.4336,1.2419,0.005716
Southeast Utah,Unknown,Unknown,0.001094,2.4336,1.0,0.002662
Southwest Utah,Unknown,Unknown,0.002162,2.4336,1.0,0.005262
TriCounty,Unknown,Unknown,0.001413,2.4336,1.0,0.003438
Weber-Morgan,Unknown,Unknown,0.001898,2.4336,1.0,0.00462
Davis,0.011817,0.002197,0.002383,2.4238,1.0,0.005775
Salt Lake,0.011263,0.002094,0.002145,2.4187,1.0,0.005188
San Juan,0.012282,0.002284,0.002156,2.7001,1.0667,0.006209
Summit,0.033286,0.006189,0.002657,2.3531,1.5857,0.009916
Tooele,0.010949,0.002036,0.002394,2.4864,1.0,0.005953
Utah,0.010004,0.00186,0.002296,2.471,1.0,0.005674
Wasatch,0.007036,0.001308,0.001584,2.3619,1.0,0.003741
