Name,Estimated unvaccinated prevalence,Estimated vaccinated prevalence,Reported prevalence,Underreporting factor,Delay factor,Estimated prevalence
Entire state,0.038342,0.031084,0.013498,2.4953,1.0,0.033681
Bristol,0.0398,0.032266,0.014233,2.3885,1.0,0.033996
Kent,0.047644,0.038625,0.016452,2.4758,1.0,0.040734
Newport,0.038621,0.03131,0.013864,2.4028,1.0,0.033313
Providence,0.049709,0.0403,0.017155,2.5231,1.0,0.043284
Washington,0.045099,0.036562,0.015926,2.4211,1.0,0.03856
