Name,Estimated unvaccinated prevalence,Estimated vaccinated prevalence,Reported prevalence,Underreporting factor,Delay factor,Estimated prevalence
Entire state,0.002281,0.002281,0.001005,2.27,1.0,0.002281
Baker,0.00175,0.00175,0.000806,2.1707,1.0,0.00175
Benton,0.002144,0.002144,0.000924,2.3194,1.0,0.002144
Clackamas,0.002589,0.002589,0.001038,2.2757,1.0962,0.002589
Clatsop,0.001976,0.001976,0.000671,2.2641,1.3,0.001976
Columbia,0.001168,0.001168,0.000516,2.2641,1.0,0.001168
Coos,0.002766,0.002766,0.001039,2.2189,1.2,0.002766
Crook,0.005604,0.005604,0.00209,2.3061,1.1628,0.005604
Curry,0.001704,0.001704,0.000393,2.1707,2.0,0.001704
Deschutes,0.004591,0.004591,0.001781,2.3211,1.1108,0.004591
Douglas,0.002512,0.002512,0.001117,2.2479,1.0,0.002512
Gilliam,0.002368,0.002368,0.001046,2.2641,1.0,0.002368
Grant,0.024053,0.024053,0.00514,2.34,2.0,0.024053
Harney,0.001222,0.001222,0.000541,2.2581,1.0,0.001222
Hood River,0.001314,0.001314,0.00047,2.2349,1.25,0.001314
Jackson,0.001694,0.001694,0.000738,2.2957,1.0,0.001694
Jefferson,0.004683,0.004683,0.002068,2.2641,1.0,0.004683
Josephine,0.001406,0.001406,0.00064,2.1963,1.0,0.001406
Klamath,0.007322,0.007322,0.001949,2.3622,1.5904,0.007322
Lake,0.002302,0.002302,0.001017,2.2641,1.0,0.002302
Lane,0.00275,0.00275,0.000984,2.2282,1.2542,0.00275
Lincoln,0.00149,0.00149,0.00062,2.4017,1.0,0.00149
Linn,0.001679,0.001679,0.000755,2.2236,1.0,0.001679
Malheur,0.001297,0.001297,0.000556,2.3322,1.0,0.001297
Marion,0.002347,0.002347,0.001026,2.2738,1.0056,0.002347
Morrow,0.001862,0.001862,0.000689,2.3145,1.1667,0.001862
Multnomah,0.002234,0.002234,0.000996,2.2415,1.0,0.002234
Polk,0.002494,0.002494,0.001011,2.2957,1.075,0.002494
Sherman,0.002519,0.002519,0.001124,2.2415,1.0,0.002519
Tillamook,0.00371,0.00371,0.000888,2.5438,1.6429,0.00371
Umatilla,0.002364,0.002364,0.001001,2.3622,1.0,0.002364
Union,0.002126,0.002126,0.000783,2.1738,1.25,0.002126
Wallowa,0.000637,0.000637,0.000277,2.294,1.0,0.000637
Wasco,0.001171,0.001171,0.000525,2.2327,1.0,0.001171
Washington,0.00223,0.00223,0.000981,2.2738,1.0,0.00223
Wheeler,0.001744,0.001744,0.000751,2.3227,1.0,0.001744
Yamhill,0.002219,0.002219,0.000943,2.2349,1.0526,0.002219
