Name,Population,Cases in past week,Reported prevalence,Underreporting factor,Delay factor,Estimated prevalence
Entire state,1059361,2537,0.002396,2.4011,1.0655,0.006129
Bristol,48479,84,0.001753,2.2906,1.1507,0.004621
Kent,164292,287,0.001753,2.4543,1.1389,0.0049
Newport,82082,124,0.001523,2.3852,1.0,0.003632
Providence,638931,1559,0.002442,2.4439,1.0971,0.006546
Washington,125577,433,0.003456,2.4202,1.5803,0.013218
