Name,Estimated unvaccinated prevalence,Estimated vaccinated prevalence,Reported prevalence,Underreporting factor,Delay factor,Estimated prevalence
Entire state,0.007738,0.001441,0.00125,2.2962,1.0331,0.002966
Baker,0.009988,0.00186,0.001613,2.3958,1.0417,0.004024
Benton,0.008447,0.001573,0.001128,2.2285,1.3506,0.003396
Clackamas,0.0082,0.001527,0.001275,2.3031,1.2667,0.003718
Clatsop,0.005538,0.001031,0.001094,2.3627,1.0,0.002585
Columbia,0.002963,0.000552,0.000649,2.342,1.0,0.001521
Coos,0.006806,0.001267,0.001566,2.342,1.0,0.003668
Crook,0.005308,0.000988,0.001352,2.3327,1.0,0.003154
Curry,0.002949,0.000549,0.000742,2.171,1.0,0.00161
Deschutes,0.015185,0.002828,0.00214,2.401,1.3229,0.006796
Douglas,0.004873,0.000907,0.001243,2.2418,1.0,0.002788
Gilliam,0.007803,0.001453,0.002092,2.3741,1.0,0.004967
Grant,0.023551,0.004386,0.003612,2.3133,1.7857,0.014919
Harney,0.002913,0.000543,0.000812,2.2461,1.0,0.001823
Hood River,0.009647,0.001796,0.001069,2.2094,1.3333,0.00315
Jackson,0.007146,0.001331,0.001462,2.4113,1.0805,0.003809
Jefferson,0.005457,0.001016,0.001176,2.3263,1.0,0.002736
Josephine,0.006811,0.001268,0.001703,2.3741,1.0,0.004043
Klamath,0.003334,0.000621,0.000865,2.2817,1.0,0.001973
Lake,0.002617,0.000487,0.000762,2.342,1.0,0.001786
Lane,0.00528,0.000983,0.001013,2.2625,1.0489,0.002404
Lincoln,0.003028,0.000564,0.00054,2.4138,1.0,0.001304
Linn,0.007774,0.001448,0.001904,2.2742,1.0,0.004329
Malheur,0.001896,0.000353,0.000491,2.2239,1.0769,0.001175
Marion,0.006093,0.001135,0.001245,2.348,1.0435,0.00305
Morrow,0.016013,0.002982,0.001982,2.2742,2.0,0.009016
Multnomah,0.01228,0.002287,0.001346,2.2704,1.4515,0.004435
Polk,0.004865,0.000906,0.001045,2.3133,1.0,0.002418
Sherman,0.009977,0.001858,0.002247,2.3598,1.0,0.005303
Tillamook,0.008657,0.001612,0.001738,2.3878,1.0,0.004151
Umatilla,0.00315,0.000587,0.00077,2.2742,1.0,0.00175
Union,0.00263,0.00049,0.000745,2.1371,1.0,0.001593
Wallowa,0.003199,0.000596,0.000694,2.401,1.0,0.001666
Wasco,0.00394,0.000734,0.000787,2.3796,1.0,0.001873
Washington,0.005952,0.001108,0.001034,2.2665,1.0065,0.002359
Wheeler,0.003093,0.000576,0.000751,2.2962,1.0,0.001724
Yamhill,0.006179,0.001151,0.001298,2.3598,1.0,0.003063
