Name,Estimated unvaccinated prevalence,Estimated vaccinated prevalence,Reported prevalence,Underreporting factor,Delay factor,Estimated prevalence
Entire state,0.006255,0.005081,0.002143,2.5917,1.0,0.005554
Bear River,Unknown,Unknown,0.001638,2.5917,1.0,0.004245
Central Utah,Unknown,Unknown,0.001403,2.5917,1.1753,0.004274
Southeast Utah,Unknown,Unknown,0.002287,2.5917,1.2133,0.007191
Southwest Utah,Unknown,Unknown,0.001627,2.5917,1.0,0.004216
TriCounty,Unknown,Unknown,0.003515,2.5917,1.3846,0.012612
Weber-Morgan,Unknown,Unknown,0.002086,2.5917,1.0,0.005405
Davis,0.007651,0.006216,0.002526,2.6438,1.0,0.006679
Salt Lake,0.007152,0.00581,0.002384,2.6019,1.0,0.006202
San Juan,0.005193,0.004219,0.001698,2.6805,1.0,0.004553
Summit,0.00539,0.004379,0.00178,2.5502,1.0,0.004538
Tooele,0.00694,0.005638,0.002325,2.6513,1.0,0.006164
Utah,0.00516,0.004191,0.001819,2.5241,1.0,0.00459
Wasatch,0.005989,0.004865,0.002053,2.5803,1.0,0.005298
