Name,Estimated unvaccinated prevalence,Estimated vaccinated prevalence,Reported prevalence,Underreporting factor,Delay factor,Estimated prevalence
Entire state,0.002286,0.002286,0.001005,2.2746,1.0,0.002286
Baker,0.001797,0.001797,0.000806,2.2289,1.0,0.001797
Benton,0.002143,0.002143,0.000924,2.3188,1.0,0.002143
Clackamas,0.002586,0.002586,0.001038,2.2727,1.0962,0.002586
Clatsop,0.001975,0.001975,0.000671,2.263,1.3,0.001975
Columbia,0.001156,0.001156,0.000516,2.2422,1.0,0.001156
Coos,0.002798,0.002798,0.001039,2.2444,1.2,0.002798
Crook,0.005489,0.005489,0.00209,2.2589,1.1628,0.005489
Curry,0.001721,0.001721,0.000393,2.1915,2.0,0.001721
Deschutes,0.004586,0.004586,0.001781,2.3188,1.1108,0.004586
Douglas,0.002544,0.002544,0.001117,2.2765,1.0,0.002544
Gilliam,0.002379,0.002379,0.001046,2.2746,1.0,0.002379
Grant,0.024687,0.024687,0.00514,2.4017,2.0,0.024687
Harney,0.001269,0.001269,0.000541,2.3456,1.0,0.001269
Hood River,0.001299,0.001299,0.00047,2.2098,1.25,0.001299
Jackson,0.001697,0.001697,0.000738,2.3002,1.0,0.001697
Jefferson,0.004732,0.004732,0.002068,2.2877,1.0,0.004732
Josephine,0.001427,0.001427,0.00064,2.2289,1.0,0.001427
Klamath,0.007247,0.007247,0.001949,2.3379,1.5904,0.007247
Lake,0.002356,0.002356,0.001017,2.3171,1.0,0.002356
Lane,0.002783,0.002783,0.000984,2.2549,1.2542,0.002783
Lincoln,0.001507,0.001507,0.00062,2.4282,1.0,0.001507
Linn,0.001702,0.001702,0.000755,2.2528,1.0,0.001702
Malheur,0.001252,0.001252,0.000556,2.2507,1.0,0.001252
Marion,0.002363,0.002363,0.001026,2.2895,1.0056,0.002363
Morrow,0.001825,0.001825,0.000689,2.2689,1.1667,0.001825
Multnomah,0.002241,0.002241,0.000996,2.2486,1.0,0.002241
Polk,0.00253,0.00253,0.001011,2.3285,1.075,0.00253
Sherman,0.002504,0.002504,0.001124,2.2289,1.0,0.002504
Tillamook,0.003695,0.003695,0.000888,2.5338,1.6429,0.003695
Umatilla,0.002412,0.002412,0.001001,2.4107,1.0,0.002412
Union,0.002127,0.002127,0.000783,2.1743,1.25,0.002127
Wallowa,0.000652,0.000652,0.000277,2.3516,1.0,0.000652
Wasco,0.001175,0.001175,0.000525,2.24,1.0,0.001175
Washington,0.002233,0.002233,0.000981,2.2765,1.0,0.002233
Wheeler,0.001744,0.001744,0.000751,2.3237,1.0,0.001744
Yamhill,0.002201,0.002201,0.000943,2.2171,1.0526,0.002201
