Name,Population,Cases in past week,Reported prevalence,Underreporting factor,Delay factor,Estimated prevalence
Entire state,1059361,5149,0.004861421177483408,6,1.468625213918996,0.04283763430039144
Bristol,48479,191,0.003960477732626498,6,1.854368932038835,0.04406512118048512
Kent,164292,460,0.002805979597302364,6,1.345029239766082,0.022644747627352413
Newport,82082,109,0.0013401232913428035,6,1.0,0.008040739748056821
Providence,638931,2499,0.0039127855746551666,6,1.2564102564102564,0.029496383562785104
Washington,125577,164,0.0013139348766095702,6,1.5922330097087378,0.012552542898872008
