Name,Estimated unvaccinated prevalence,Estimated vaccinated prevalence,Reported prevalence,Underreporting factor,Delay factor,Estimated prevalence
Entire state,0.004586,0.003727,0.001714,2.3924,1.0,0.0041
Baker,0.002165,0.00176,0.000806,2.3311,1.0,0.001879
Benton,0.005733,0.004658,0.00202,2.4376,1.0,0.004925
Clackamas,0.004999,0.004062,0.001808,2.4063,1.0,0.00435
Clatsop,0.003245,0.002637,0.001168,2.4279,1.0,0.002837
Columbia,0.004122,0.003349,0.001566,2.329,1.0,0.003648
Coos,0.003747,0.003045,0.001411,2.3687,1.0,0.003343
Crook,0.003773,0.003066,0.001434,2.378,1.0,0.003411
Curry,0.003024,0.002458,0.001134,2.3853,1.0,0.002705
Deschutes,0.006401,0.005202,0.002236,2.4899,1.0,0.005567
Douglas,0.004716,0.003832,0.001631,2.3434,1.1111,0.004247
Gilliam,0.002636,0.002141,0.001046,2.3049,1.0,0.002411
Grant,0.003633,0.002952,0.001528,2.1747,1.0,0.003323
Harney,0.002535,0.00206,0.000947,2.4454,1.0,0.002315
Hood River,0.005479,0.004452,0.00201,2.2885,1.0,0.0046
Jackson,0.003747,0.003045,0.001376,2.4247,1.0,0.003336
Jefferson,0.005673,0.004611,0.002068,2.4148,1.0,0.004994
Josephine,0.002795,0.002272,0.001097,2.3071,1.0,0.002532
Klamath,0.00138,0.001122,0.000542,2.3026,1.0,0.001249
Lake,0.002578,0.002095,0.00089,2.2356,1.2,0.002386
Lane,0.00478,0.003885,0.001761,2.3687,1.0,0.004172
Lincoln,0.003829,0.003112,0.001341,2.4726,1.0,0.003316
Linn,0.003083,0.002506,0.001179,2.3414,1.0,0.002761
Malheur,0.0012,0.000975,0.000491,2.2235,1.0,0.001091
Marion,0.004104,0.003335,0.001501,2.4097,1.0,0.003616
Morrow,0.000824,0.00067,0.000345,2.1394,1.0,0.000738
Multnomah,0.005971,0.004853,0.00213,2.3853,1.0,0.00508
Polk,0.005463,0.00444,0.001975,2.436,1.0,0.004811
Sherman,0.002867,0.002329,0.001124,2.2737,1.0,0.002555
Tillamook,0.003861,0.003137,0.001332,2.5461,1.0,0.00339
Umatilla,0.00139,0.00113,0.000526,2.3649,1.0,0.001244
Union,0.002042,0.001659,0.000783,2.3668,1.0,0.001852
Wallowa,0.006973,0.005667,0.001249,2.4813,2.0,0.006196
Wasco,0.006119,0.004973,0.002249,2.3835,1.0,0.00536
Washington,0.005475,0.004449,0.001971,2.378,1.0,0.004688
Wheeler,0.002146,0.001744,0.000751,2.5661,1.0,0.001927
Yamhill,0.003687,0.002996,0.001401,2.3182,1.0,0.003247
