Name,Estimated unvaccinated prevalence,Estimated vaccinated prevalence,Reported prevalence,Underreporting factor,Delay factor,Estimated prevalence
Entire state,0.00355,0.00355,0.00154,2.3056,1.0,0.00355
Bristol,0.00289,0.00289,0.001238,2.3353,1.0,0.00289
Kent,0.004978,0.004978,0.001747,2.3015,1.2381,0.004978
Newport,0.001573,0.001573,0.000682,2.3056,1.0,0.001573
Providence,0.003846,0.003846,0.001665,2.3096,1.0,0.003846
Washington,0.002275,0.002275,0.000964,2.3214,1.0169,0.002275
