Name,Estimated unvaccinated prevalence,Estimated vaccinated prevalence,Reported prevalence,Underreporting factor,Delay factor,Estimated prevalence
Entire state,0.001663,0.001663,0.000746,2.2297,1.0,0.001663
Bristol,0.00229,0.00229,0.000578,2.2023,1.8,0.00229
Kent,0.001663,0.001663,0.000749,2.2209,1.0,0.001663
Newport,0.001481,0.001481,0.000658,2.251,1.0,0.001481
Providence,0.001634,0.001634,0.000732,2.2314,1.0,0.001634
Washington,0.001443,0.001443,0.000637,2.2647,1.0,0.001443
