Name,Estimated unvaccinated prevalence,Estimated vaccinated prevalence,Reported prevalence,Underreporting factor,Delay factor,Estimated prevalence
Entire state,0.001287,0.001287,0.00054,2.383,1.0,0.001287
Bear River,Unknown,Unknown,0.000519,2.383,1.1034,0.001365
Central Utah,Unknown,Unknown,0.000354,2.383,1.037,0.000874
Southeast Utah,Unknown,Unknown,0.000522,2.383,1.0,0.001244
Southwest Utah,Unknown,Unknown,0.000357,2.383,1.0,0.000851
TriCounty,Unknown,Unknown,0.000371,2.383,1.0,0.000884
Weber-Morgan,Unknown,Unknown,0.000532,2.383,1.0,0.001269
Davis,0.001457,0.001457,0.000608,2.3975,1.0,0.001457
Salt Lake,0.001467,0.001467,0.000614,2.391,1.0,0.001467
San Juan,0.000969,0.000969,0.000392,2.4723,1.0,0.000969
Summit,0.002965,0.002965,0.000807,2.4499,1.5,0.002965
Tooele,0.002762,0.002762,0.000789,2.4383,1.4359,0.002762
Utah,0.000964,0.000964,0.000412,2.3401,1.0,0.000964
Wasatch,0.001282,0.001282,0.000469,2.3664,1.1538,0.001282
