Name,Estimated unvaccinated prevalence,Estimated vaccinated prevalence,Reported prevalence,Underreporting factor,Delay factor,Estimated prevalence
Entire state,0.001448,0.001448,0.000531,2.4082,1.1316,0.001448
Bear River,Unknown,Unknown,0.000503,2.4082,1.3478,0.001633
Central Utah,Unknown,Unknown,0.000305,2.4082,1.0,0.000735
Southeast Utah,Unknown,Unknown,0.000447,2.4082,1.0,0.001078
Southwest Utah,Unknown,Unknown,0.000417,2.4082,1.1183,0.001122
TriCounty,Unknown,Unknown,0.000371,2.4082,1.0,0.000893
Weber-Morgan,Unknown,Unknown,0.000632,2.4082,1.3465,0.002048
Davis,0.001542,0.001542,0.000591,2.3736,1.1,0.001542
Salt Lake,0.001608,0.001608,0.000606,2.3855,1.1125,0.001608
San Juan,0.005457,0.005457,0.001372,2.3868,1.6667,0.005457
Summit,0.002102,0.002102,0.000617,2.4537,1.3889,0.002102
Tooele,0.001874,0.001874,0.000692,2.4321,1.1136,0.001874
Utah,0.000888,0.000888,0.000354,2.3427,1.0718,0.000888
Wasatch,0.000961,0.000961,0.000411,2.3413,1.0,0.000961
