Name,Estimated unvaccinated prevalence,Estimated vaccinated prevalence,Reported prevalence,Underreporting factor,Delay factor,Estimated prevalence
Entire state,0.005246,0.005246,0.002222,2.3608,1.0,0.005246
Bristol,0.003056,0.003056,0.00132,2.3149,1.0,0.003056
Kent,0.005098,0.005098,0.002173,2.3462,1.0,0.005098
Newport,0.004287,0.004287,0.001791,2.3939,1.0,0.004287
Providence,0.005435,0.005435,0.002298,2.3656,1.0,0.005435
Washington,0.0041,0.0041,0.001736,2.362,1.0,0.0041
