Name,Estimated unvaccinated prevalence,Estimated vaccinated prevalence,Reported prevalence,Underreporting factor,Delay factor,Estimated prevalence
Entire state,0.001114,0.001114,0.000399,2.3252,1.1998,0.001114
Bear River,Unknown,Unknown,0.000246,2.3252,1.0976,0.000628
Central Utah,Unknown,Unknown,0.000159,2.3252,1.0,0.000369
Southeast Utah,Unknown,Unknown,0.000224,2.3252,2.0,0.00104
Southwest Utah,Unknown,Unknown,0.000202,2.3252,1.0,0.00047
TriCounty,Unknown,Unknown,0.000265,2.3252,1.0,0.000616
Weber-Morgan,Unknown,Unknown,0.000393,2.3252,1.0,0.000914
Davis,0.001576,0.001576,0.000475,2.3486,1.4118,0.001576
Salt Lake,0.000911,0.000911,0.00039,2.334,1.0,0.000911
San Juan,0.00103,0.00103,0.000457,2.2532,1.0,0.00103
Summit,0.000986,0.000986,0.000403,2.2914,1.0667,0.000986
Tooele,0.001366,0.001366,0.000401,2.3094,1.4737,0.001366
Utah,0.000637,0.000637,0.00028,2.2767,1.0,0.000637
Wasatch,0.000749,0.000749,0.000323,2.3213,1.0,0.000749
