Name,Estimated unvaccinated prevalence,Estimated vaccinated prevalence,Reported prevalence,Underreporting factor,Delay factor,Estimated prevalence
Entire state,0.001643,0.001643,0.000746,2.2036,1.0,0.001643
Bristol,0.002289,0.002289,0.000578,2.2016,1.8,0.002289
Kent,0.001662,0.001662,0.000749,2.2202,1.0,0.001662
Newport,0.00148,0.00148,0.000658,2.2501,1.0,0.00148
Providence,0.001634,0.001634,0.000732,2.2306,1.0,0.001634
Washington,0.001442,0.001442,0.000637,2.2638,1.0,0.001442
