Name,Population,Cases in past week,Reported prevalence,Underreporting factor,Delay factor,Estimated prevalence
Entire state,1059361,5883,0.005554,2.8888,1.3829,0.02219
Bristol,48479,338,0.006993,3.1952,1.3574,0.03033
Kent,164292,606,0.003695,2.8261,1.0,0.010441
Newport,82082,314,0.003838,2.9361,1.0,0.011268
Providence,638931,3024,0.004734,2.9962,1.0,0.014185
Washington,125577,347,0.002771,2.7258,1.0,0.007554
