Name,Estimated unvaccinated prevalence,Estimated vaccinated prevalence,Reported prevalence,Underreporting factor,Delay factor,Estimated prevalence
Entire state,0.00144,0.00144,0.000531,2.3961,1.1316,0.00144
Bear River,Unknown,Unknown,0.000503,2.3961,1.3478,0.001625
Central Utah,Unknown,Unknown,0.000305,2.3961,1.0,0.000731
Southeast Utah,Unknown,Unknown,0.000447,2.3961,1.0,0.001072
Southwest Utah,Unknown,Unknown,0.000417,2.3961,1.1183,0.001116
TriCounty,Unknown,Unknown,0.000371,2.3961,1.0,0.000889
Weber-Morgan,Unknown,Unknown,0.000632,2.3961,1.3465,0.002038
Davis,0.001543,0.001543,0.000591,2.3751,1.1,0.001543
Salt Lake,0.001609,0.001609,0.000606,2.387,1.1125,0.001609
San Juan,0.005461,0.005461,0.001372,2.3883,1.6667,0.005461
Summit,0.002104,0.002104,0.000617,2.4555,1.3889,0.002104
Tooele,0.001876,0.001876,0.000692,2.4339,1.1136,0.001876
Utah,0.000888,0.000888,0.000354,2.3441,1.0718,0.000888
Wasatch,0.000962,0.000962,0.000411,2.3426,1.0,0.000962
