Name,Estimated unvaccinated prevalence,Estimated vaccinated prevalence,Reported prevalence,Underreporting factor,Delay factor,Estimated prevalence
Entire state,0.005023,0.004082,0.001877,2.3709,1.0,0.00445
Baker,0.005705,0.004637,0.002047,2.4241,1.0,0.004961
Benton,0.006052,0.004919,0.002225,2.3437,1.0,0.005214
Clackamas,0.003817,0.003102,0.001411,2.3613,1.0,0.003331
Clatsop,0.003545,0.002882,0.001318,2.3613,1.0,0.003111
Columbia,0.005419,0.004404,0.002025,2.3756,1.0,0.00481
Coos,0.005704,0.004636,0.002078,2.4543,1.0,0.0051
Crook,0.007349,0.005973,0.002745,2.4241,1.0,0.006655
Curry,0.007736,0.006287,0.002879,2.4115,1.0,0.006943
Deschutes,0.006453,0.005245,0.002322,2.4241,1.0,0.005628
Douglas,0.006342,0.005154,0.002361,2.4241,1.0,0.005723
Gilliam,0.013861,0.011265,0.002615,2.4303,2.0,0.012711
Grant,0.003813,0.003099,0.001528,2.2848,1.0,0.003491
Harney,0.011341,0.009217,0.003652,2.5126,1.1304,0.010373
Hood River,0.00616,0.005006,0.002224,2.336,1.0,0.005195
Jackson,0.007767,0.006312,0.002888,2.4006,1.0,0.006932
Jefferson,0.007652,0.006219,0.002758,2.4523,1.0,0.006763
Josephine,0.006496,0.00528,0.002515,2.3437,1.0,0.005894
Klamath,0.006037,0.004906,0.002184,2.5057,1.0,0.005471
Lake,0.007113,0.005781,0.002542,2.5939,1.0,0.006593
Lane,0.005819,0.00473,0.002144,2.3756,1.0,0.005092
Lincoln,0.006528,0.005305,0.002202,2.5758,1.0,0.005671
Linn,0.006516,0.005296,0.002474,2.3637,1.0,0.005848
Malheur,0.004234,0.003441,0.001603,2.4093,1.0,0.003862
Marion,0.004758,0.003867,0.001728,2.4344,1.0,0.004206
Morrow,0.003392,0.002757,0.001293,2.3539,1.0,0.003043
Multnomah,0.004042,0.003285,0.001478,2.336,1.0,0.003451
Polk,0.005591,0.004544,0.00201,2.4562,1.0,0.004936
Sherman,0.007789,0.006331,0.002809,2.4751,1.0,0.006953
Tillamook,0.005543,0.004505,0.002071,2.3563,1.0,0.004881
Umatilla,0.004693,0.003814,0.001732,2.4324,1.0,0.004213
Union,0.004729,0.003844,0.001901,2.2623,1.0,0.004299
Wallowa,0.020663,0.016794,0.003607,2.5508,2.0,0.018402
Wasco,0.007532,0.006122,0.002773,2.3872,1.0,0.006621
Washington,0.004257,0.00346,0.001564,2.3386,1.0,0.003658
Wheeler,0.001941,0.001577,0.000751,2.3226,1.0,0.001744
Yamhill,0.005173,0.004204,0.001923,2.3756,1.0,0.004569
