Name,Estimated unvaccinated prevalence,Estimated vaccinated prevalence,Reported prevalence,Underreporting factor,Delay factor,Estimated prevalence
Entire state,0.017346,0.003216,0.003408,2.5825,1.0168,0.00895
Baker,0.026583,0.004929,0.004155,2.6838,1.1,0.012267
Benton,0.009138,0.001695,0.001687,2.4976,1.0,0.004214
Clackamas,0.010183,0.001888,0.002097,2.5417,1.0,0.00533
Clatsop,0.017496,0.003244,0.003431,2.7818,1.0,0.009544
Columbia,0.019758,0.003664,0.003515,2.7355,1.1961,0.011499
Coos,0.017445,0.003235,0.003908,2.7015,1.0,0.010557
Crook,0.014374,0.002665,0.003524,2.6726,1.0,0.009418
Curry,0.032217,0.005974,0.006848,2.8636,1.0,0.019611
Deschutes,0.023824,0.004418,0.004542,2.6816,1.0124,0.012332
Douglas,0.042995,0.007973,0.009984,2.7251,1.0,0.027206
Gilliam,0.02772,0.00514,0.006799,2.8181,1.0,0.019161
Grant,0.061696,0.011441,0.007501,2.8125,2.0,0.042194
Harney,0.051951,0.009633,0.007575,2.7857,1.7188,0.036268
Hood River,0.01438,0.002667,0.002309,2.5331,1.0192,0.005963
Jackson,0.030804,0.005712,0.006843,2.7272,1.0047,0.01875
Jefferson,0.017038,0.003159,0.003609,2.7272,1.0,0.009843
Josephine,0.036574,0.006782,0.00839,2.8741,1.0,0.024113
Klamath,0.021051,0.003904,0.003605,2.6634,1.4497,0.01392
Lake,0.012262,0.002274,0.001779,2.5127,2.0,0.008941
Lane,0.019086,0.003539,0.003772,2.6181,1.0,0.009874
Lincoln,0.024642,0.004569,0.004123,2.6793,1.1141,0.012308
Linn,0.022484,0.004169,0.004501,2.6611,1.1637,0.013938
Malheur,0.019522,0.00362,0.00422,2.7417,1.1963,0.01384
Marion,0.018377,0.003408,0.003453,2.6771,1.1429,0.010564
Morrow,0.025234,0.004679,0.006033,2.7166,1.0,0.016389
Multnomah,0.011328,0.002101,0.001728,2.4353,1.1779,0.004958
Polk,0.018657,0.00346,0.003427,2.6303,1.1713,0.010558
Sherman,0.036186,0.00671,0.005618,2.6131,1.5,0.022021
Tillamook,0.031652,0.005869,0.006251,2.7916,1.0,0.01745
Umatilla,0.023752,0.004404,0.005657,2.6056,1.0329,0.015226
Union,0.021833,0.004049,0.005627,2.623,1.0,0.01476
Wallowa,0.025276,0.004687,0.005411,2.754,1.0,0.014901
Wasco,0.055273,0.010249,0.006259,2.6883,1.8043,0.030359
Washington,0.009269,0.001719,0.001724,2.482,1.0227,0.004375
Wheeler,0.015767,0.002924,0.003754,2.5303,1.0,0.009498
Yamhill,0.016958,0.003145,0.003408,2.64,1.0706,0.009632
