Name,Estimated unvaccinated prevalence,Estimated vaccinated prevalence,Reported prevalence,Underreporting factor,Delay factor,Estimated prevalence
Entire state,0.004604,0.00374,0.001607,2.5463,1.0,0.004091
Bear River,Unknown,Unknown,0.001435,2.5463,1.0114,0.003694
Central Utah,Unknown,Unknown,0.001245,2.5463,1.1099,0.003517
Southeast Utah,Unknown,Unknown,0.00174,2.5463,1.0,0.004431
Southwest Utah,Unknown,Unknown,0.001234,2.5463,1.0,0.003142
TriCounty,Unknown,Unknown,0.001448,2.5463,1.0,0.003688
Weber-Morgan,Unknown,Unknown,0.001961,2.5463,1.0,0.004993
Davis,0.005467,0.004441,0.001843,2.5893,1.0,0.004771
Salt Lake,0.005153,0.004186,0.001761,2.5376,1.0,0.004468
San Juan,0.007123,0.005786,0.002352,2.6543,1.0,0.006242
Summit,0.006585,0.005349,0.001803,2.6236,1.1719,0.005544
Tooele,0.004631,0.003762,0.001619,2.5398,1.0,0.004112
Utah,0.003577,0.002906,0.001272,2.5021,1.0,0.003182
Wasatch,0.003988,0.00324,0.001408,2.5056,1.0,0.003528
