Name,Estimated unvaccinated prevalence,Estimated vaccinated prevalence,Reported prevalence,Underreporting factor,Delay factor,Estimated prevalence
Entire state,0.001029,0.000836,0.000397,2.2849,1.0,0.000907
Bear River,Unknown,Unknown,0.000364,2.2849,1.0,0.000832
Central Utah,Unknown,Unknown,0.000561,2.2849,1.0,0.001282
Southeast Utah,Unknown,Unknown,0.000795,2.2849,1.24,0.002254
Southwest Utah,Unknown,Unknown,0.000266,2.2849,1.0,0.000607
TriCounty,Unknown,Unknown,0.000265,2.2849,1.0,0.000605
Weber-Morgan,Unknown,Unknown,0.000279,2.2849,1.0,0.000638
Davis,0.001157,0.00094,0.000442,2.2937,1.0,0.001013
Salt Lake,0.001149,0.000934,0.000434,2.3022,1.0,0.001
San Juan,0.001065,0.000865,0.000392,2.3901,1.0,0.000937
Summit,0.003051,0.002478,0.000759,2.2879,1.4762,0.002564
Tooele,0.00109,0.000886,0.000415,2.3391,1.0,0.000971
Utah,0.000986,0.000801,0.00039,2.2601,1.0,0.000881
Wasatch,0.001265,0.001027,0.000499,2.2501,1.0,0.001122
