Name,Estimated unvaccinated prevalence,Estimated vaccinated prevalence,Reported prevalence,Underreporting factor,Delay factor,Estimated prevalence
Entire state,0.004169,0.004169,0.001664,2.32,1.0797,0.004169
Bristol,0.005603,0.005603,0.001877,2.3216,1.2857,0.005603
Kent,0.004859,0.004859,0.001674,2.331,1.2455,0.004859
Newport,0.003174,0.003174,0.001328,2.39,1.0,0.003174
Providence,0.003902,0.003902,0.00165,2.3185,1.0203,0.003902
Washington,0.003831,0.003831,0.001433,2.3887,1.1187,0.003831
