Name,Estimated unvaccinated prevalence,Estimated vaccinated prevalence,Reported prevalence,Underreporting factor,Delay factor,Estimated prevalence
Entire state,0.000733,0.000596,0.00029,2.2293,1.0,0.000646
Bear River,Unknown,Unknown,0.000166,2.2293,1.0,0.00037
Central Utah,Unknown,Unknown,0.000256,2.2293,1.0,0.000571
Southeast Utah,Unknown,Unknown,0.000472,2.2293,1.0,0.001053
Southwest Utah,Unknown,Unknown,0.000214,2.2293,1.0,0.000478
TriCounty,Unknown,Unknown,0.000177,2.2293,1.0,0.000394
Weber-Morgan,Unknown,Unknown,0.000297,2.2293,2.0,0.001326
Davis,0.000824,0.000669,0.000324,2.2293,1.0,0.000721
Salt Lake,0.000886,0.000719,0.000344,2.2398,1.0,0.00077
San Juan,0.001021,0.000829,0.000392,2.2895,1.0,0.000897
Summit,0.002678,0.002176,0.000854,2.2596,1.1667,0.002252
Tooele,0.000929,0.000755,0.00036,2.2067,1.0417,0.000827
Utah,0.00052,0.000423,0.000211,2.2067,1.0,0.000465
Wasatch,0.001075,0.000873,0.00044,2.1672,1.0,0.000954
