Name,Estimated unvaccinated prevalence,Estimated vaccinated prevalence,Reported prevalence,Underreporting factor,Delay factor,Estimated prevalence
Entire state,0.003054,0.003054,0.001328,2.2994,1.0,0.003054
Bristol,0.002965,0.002965,0.001279,2.3187,1.0,0.002965
Kent,0.003075,0.003075,0.001321,2.328,1.0,0.003075
Newport,0.004515,0.004515,0.001584,2.3865,1.1944,0.004515
Providence,0.002983,0.002983,0.001288,2.3156,1.0,0.002983
Washington,0.002317,0.002317,0.000972,2.3852,1.0,0.002317
