Name,Estimated unvaccinated prevalence,Estimated vaccinated prevalence,Reported prevalence,Underreporting factor,Delay factor,Estimated prevalence
Entire state,0.0053,0.004306,0.001787,2.5707,1.0209,0.00469
Bear River,Unknown,Unknown,0.000974,2.5707,1.0,0.002504
Central Utah,Unknown,Unknown,0.000635,2.5707,1.2439,0.002029
Southeast Utah,Unknown,Unknown,0.00087,2.5707,1.0,0.002237
Southwest Utah,Unknown,Unknown,0.000917,2.5707,1.1443,0.002696
TriCounty,Unknown,Unknown,0.001024,2.5707,1.0,0.002633
Weber-Morgan,Unknown,Unknown,0.002053,2.5707,1.1601,0.006121
Davis,0.005715,0.004642,0.00193,2.5873,1.0,0.004993
Salt Lake,0.007188,0.005839,0.002397,2.6035,1.0,0.006239
San Juan,0.011001,0.008936,0.002025,2.5423,1.875,0.009653
Summit,0.008339,0.006774,0.00261,2.6148,1.0283,0.007018
Tooele,0.004211,0.003421,0.001246,2.4988,1.2027,0.003743
Utah,0.004275,0.003473,0.001361,2.5029,1.1176,0.003807
Wasatch,0.004843,0.003934,0.001437,2.4862,1.2,0.004288
