Name,Estimated unvaccinated prevalence,Estimated vaccinated prevalence,Reported prevalence,Underreporting factor,Delay factor,Estimated prevalence
Entire state,0.013806,0.002572,0.002787,2.5404,1.0,0.007081
Bear River,Unknown,Unknown,0.002671,2.5404,1.0,0.006786
Central Utah,Unknown,Unknown,0.001928,2.5404,1.0,0.004898
Southeast Utah,Unknown,Unknown,0.00527,2.5404,1.0,0.013387
Southwest Utah,Unknown,Unknown,0.002131,2.5404,1.0,0.005413
TriCounty,Unknown,Unknown,0.002614,2.5404,1.0,0.00664
Weber-Morgan,Unknown,Unknown,0.003073,2.5404,1.0,0.007808
Davis,0.015669,0.002919,0.00319,2.5661,1.0,0.008186
Salt Lake,0.012488,0.002326,0.002465,2.504,1.0,0.006171
San Juan,0.032493,0.006053,0.005357,2.8036,1.1912,0.017889
Summit,0.050952,0.009492,0.004793,2.5513,1.446,0.017682
Tooele,0.017174,0.003199,0.003764,2.6372,1.0,0.009927
Utah,0.012233,0.002279,0.002861,2.5491,1.0,0.007292
Wasatch,0.026763,0.004986,0.004517,2.6105,1.275,0.015036
