Name,Estimated unvaccinated prevalence,Estimated vaccinated prevalence,Reported prevalence,Underreporting factor,Delay factor,Estimated prevalence
Entire state,0.015442,0.002868,0.003057,2.5539,1.0,0.007806
Baker,0.034136,0.006339,0.004775,2.7777,1.1692,0.01551
Benton,0.008646,0.001606,0.001612,2.4425,1.0,0.003937
Clackamas,0.010233,0.0019,0.002097,2.5128,1.0,0.00527
Clatsop,0.008064,0.001498,0.001641,2.6163,1.0,0.004293
Columbia,0.018791,0.00349,0.003495,2.6923,1.1375,0.010705
Coos,0.016776,0.003115,0.004001,2.4954,1.0,0.009984
Crook,0.01511,0.002806,0.003565,2.7392,1.0,0.009765
Curry,0.017532,0.003256,0.003926,2.673,1.0,0.010494
Deschutes,0.0211,0.003918,0.004016,2.6708,1.0,0.010727
Douglas,0.032385,0.006014,0.007614,2.6487,1.0,0.020167
Gilliam,0.006476,0.001203,0.001569,2.8339,1.0,0.004447
Grant,0.010372,0.001926,0.002639,2.6576,1.0,0.007014
Harney,0.02917,0.005417,0.006898,2.9158,1.0,0.020114
Hood River,0.01062,0.001972,0.001753,2.4458,1.0,0.004289
Jackson,0.020039,0.003721,0.004598,2.5971,1.0,0.011942
Jefferson,0.014107,0.00262,0.003042,2.635,1.0,0.008015
Josephine,0.026742,0.004966,0.006515,2.6576,1.0,0.017315
Klamath,0.015129,0.002809,0.003678,2.6838,1.0,0.009872
Lake,0.011798,0.002191,0.003304,2.5772,1.0,0.008515
Lane,0.015099,0.002804,0.00301,2.5459,1.0,0.007663
Lincoln,0.017537,0.003257,0.003563,2.4117,1.0,0.008592
Linn,0.022776,0.00423,0.005303,2.6187,1.0,0.013886
Malheur,0.018323,0.003403,0.004743,2.6923,1.0,0.01277
Marion,0.018584,0.003451,0.003893,2.6923,1.0,0.010481
Morrow,0.022251,0.004132,0.00474,2.9909,1.0,0.014177
Multnomah,0.01013,0.001881,0.001778,2.449,1.0,0.004354
Polk,0.011546,0.002144,0.002439,2.6327,1.0,0.006422
Sherman,0.027098,0.005032,0.005618,2.5539,1.125,0.016141
Tillamook,0.025251,0.004689,0.005363,2.5324,1.0,0.013582
Umatilla,0.02026,0.003762,0.004618,2.7549,1.0,0.012723
Union,0.01426,0.002648,0.003801,2.4984,1.0,0.009496
Wallowa,0.030302,0.005627,0.006659,2.6327,1.0,0.017532
Wasco,0.017874,0.003319,0.003748,2.5721,1.0,0.00964
Washington,0.009859,0.001831,0.001855,2.465,1.0,0.004573
Wheeler,0.006261,0.001163,0.001502,2.4925,1.0,0.003742
Yamhill,0.014916,0.00277,0.003184,2.6163,1.0,0.00833
