Name,Estimated unvaccinated prevalence,Estimated vaccinated prevalence,Reported prevalence,Underreporting factor,Delay factor,Estimated prevalence
Entire state,0.012388,0.002279,0.002398,2.2595,1.0,0.005418
Bristol,0.009728,0.00179,0.001588,2.191,1.2063,0.004198
Kent,0.010299,0.001895,0.00196,2.2803,1.0,0.004469
Newport,0.008125,0.001495,0.001535,2.2595,1.0,0.003468
Providence,0.009667,0.001779,0.002083,2.254,1.0262,0.004819
Washington,0.010059,0.001851,0.001816,2.2309,1.0607,0.004296
