Name,Estimated unvaccinated prevalence,Estimated vaccinated prevalence,Reported prevalence,Underreporting factor,Delay factor,Estimated prevalence
Entire state,0.002675,0.002168,0.001062,2.2129,1.0,0.00235
Bristol,0.005148,0.004172,0.001733,2.1334,1.1857,0.004383
Kent,0.004201,0.003405,0.001467,2.2167,1.1009,0.00358
Newport,0.002679,0.002172,0.001048,2.1971,1.0,0.002302
Providence,0.003301,0.002675,0.001291,2.2167,1.0,0.002862
Washington,0.004561,0.003697,0.001672,2.248,1.0347,0.00389
