Name,Estimated unvaccinated prevalence,Estimated vaccinated prevalence,Reported prevalence,Underreporting factor,Delay factor,Estimated prevalence
Entire state,0.001223,0.001223,0.000547,2.2362,1.0,0.001223
Baker,0.00151,0.00151,0.000682,2.214,1.0,0.00151
Benton,0.001388,0.001388,0.000602,2.306,1.0,0.001388
Clackamas,0.000858,0.000858,0.000385,2.2276,1.0,0.000858
Clatsop,5.5e-05,5.5e-05,2.5e-05,2.2187,1.0,5.5e-05
Columbia,0.000813,0.000813,0.000363,2.2404,1.0,0.000813
Coos,0.002921,0.002921,0.001318,2.2164,1.0,0.002921
Crook,0.000733,0.000733,0.000328,2.2362,1.0,0.000733
Curry,0.000663,0.000663,0.000305,2.17,1.0,0.000663
Deschutes,0.002083,0.002083,0.000911,2.2875,1.0,0.002083
Douglas,0.002713,0.002713,0.000982,2.2254,1.2414,0.002713
Gilliam,0.00117,0.00117,0.000523,2.2362,1.0,0.00117
Grant,0.001816,0.001816,0.000833,2.1785,1.0,0.001816
Harney,0.001646,0.001646,0.000676,2.4339,1.0,0.001646
Hood River,0.000276,0.000276,0.000128,2.148,1.0,0.000276
Jackson,0.001319,0.001319,0.000579,2.2769,1.0,0.001319
Jefferson,0.002527,0.002527,0.000933,2.2164,1.2222,0.002527
Josephine,0.001502,0.001502,0.000652,2.306,1.0,0.001502
Klamath,0.001758,0.001758,0.000777,2.264,1.0,0.001758
Lake,0.002772,0.002772,0.001144,2.4234,1.0,0.002772
Lane,0.001909,0.001909,0.000754,2.2232,1.1389,0.001909
Lincoln,0.000916,0.000916,0.00038,2.4078,1.0,0.000916
Linn,0.001083,0.001083,0.000501,2.1609,1.0,0.001083
Malheur,0.000734,0.000734,0.000327,2.2424,1.0,0.000734
Marion,0.00056,0.00056,0.00025,2.2383,1.0,0.00056
Morrow,0.000774,0.000774,0.000345,2.2445,1.0,0.000774
Multnomah,0.001205,0.001205,0.000536,2.2465,1.0,0.001205
Polk,0.001235,0.001235,0.000534,2.3108,1.0,0.001235
Sherman,0.005025,0.005025,0.002247,2.2362,1.0,0.005025
Tillamook,0.000869,0.000869,0.00037,2.35,1.0,0.000869
Umatilla,0.001174,0.001174,0.000513,2.2875,1.0,0.001174
Union,0.001815,0.001815,0.00041,2.214,2.0,0.001815
Wallowa,0.003066,0.003066,0.001249,2.4552,1.0,0.003066
Wasco,0.006079,0.006079,0.001387,2.192,2.0,0.006079
Washington,0.001179,0.001179,0.000524,2.2525,1.0,0.001179
Wheeler,0.008394,0.008394,0.003754,2.2362,1.0,0.008394
Yamhill,0.000749,0.000749,0.000336,2.2276,1.0,0.000749
