Name,Estimated unvaccinated prevalence,Estimated vaccinated prevalence,Reported prevalence,Underreporting factor,Delay factor,Estimated prevalence
Entire state,0.0065,0.005282,0.002418,2.4098,1.0,0.005827
Baker,0.006492,0.005276,0.002233,2.5222,1.0,0.005631
Benton,0.009004,0.007317,0.003084,2.5062,1.0,0.00773
Clackamas,0.00597,0.004852,0.002188,2.3727,1.0,0.005191
Clatsop,0.003989,0.003241,0.001417,2.4592,1.0,0.003485
Columbia,0.006786,0.005514,0.00212,2.3675,1.1957,0.006002
Coos,0.006831,0.005551,0.002466,2.47,1.0,0.00609
Crook,0.013066,0.010617,0.004835,2.4409,1.0,0.011803
Curry,0.018004,0.014631,0.004798,2.4619,1.3625,0.016095
Deschutes,0.010608,0.00862,0.003708,2.4859,1.0,0.009217
Douglas,0.005784,0.0047,0.002235,2.3295,1.0,0.005206
Gilliam,0.001378,0.00112,0.000523,2.4098,1.0,0.00126
Grant,0.010033,0.008154,0.003751,2.4466,1.0,0.009176
Harney,0.003189,0.002593,0.001217,2.3925,1.0,0.002912
Hood River,0.003242,0.002634,0.001198,2.2706,1.0,0.002719
Jackson,0.007643,0.006211,0.002661,2.4381,1.0482,0.006801
Jefferson,0.009728,0.007905,0.003407,2.482,1.0122,0.008558
Josephine,0.005778,0.004695,0.002172,2.4082,1.0,0.00523
Klamath,0.009514,0.007731,0.0034,2.5294,1.0,0.0086
Lake,0.001272,0.001034,0.000508,2.3158,1.0,0.001177
Lane,0.004305,0.003498,0.001597,2.3517,1.0,0.003755
Lincoln,0.005639,0.004582,0.001861,2.564,1.0222,0.004879
Linn,0.004549,0.003696,0.001742,2.3371,1.0,0.004071
Malheur,0.004483,0.003642,0.001766,2.3057,1.0,0.004073
Marion,0.007122,0.005787,0.002547,2.4619,1.0,0.006271
Morrow,0.005082,0.00413,0.001896,2.3973,1.0,0.004545
Multnomah,0.007706,0.006262,0.002708,2.3843,1.0143,0.006548
Polk,0.006765,0.005497,0.002428,2.4522,1.0,0.005954
Sherman,0.013213,0.010746,0.004494,2.6195,1.0,0.011773
Tillamook,0.007085,0.005757,0.002441,2.547,1.0,0.006218
Umatilla,0.005973,0.004854,0.002142,2.4936,1.0,0.005342
Union,0.003471,0.002821,0.001304,2.4128,1.0,0.003147
Wallowa,0.006736,0.005474,0.002358,2.5353,1.0,0.00598
Wasco,0.012662,0.010288,0.003523,2.4687,1.274,0.01108
Washington,0.007116,0.005782,0.0024,2.4098,1.0525,0.006088
Wheeler,0.001935,0.00157,0.000751,2.3118,1.0,0.001736
Yamhill,0.004044,0.003286,0.001522,2.3389,1.0,0.00356
