Name,Estimated unvaccinated prevalence,Estimated vaccinated prevalence,Reported prevalence,Underreporting factor,Delay factor,Estimated prevalence
Entire state,0.002114,0.002114,0.000945,2.2377,1.0,0.002114
Bristol,0.000742,0.000742,0.00033,2.2491,1.0,0.000742
Kent,0.00193,0.00193,0.000858,2.2491,1.0,0.00193
Newport,0.002216,0.002216,0.000975,2.2735,1.0,0.002216
Providence,0.002199,0.002199,0.000981,2.241,1.0,0.002199
Washington,0.001677,0.001677,0.000733,2.2891,1.0,0.001677
