Name,Estimated unvaccinated prevalence,Estimated vaccinated prevalence,Reported prevalence,Underreporting factor,Delay factor,Estimated prevalence
Entire state,0.000674,0.000548,0.000267,2.2279,1.0,0.000594
Bear River,Unknown,Unknown,0.000268,2.2279,1.0652,0.000635
Central Utah,Unknown,Unknown,0.00022,2.2279,1.0,0.000489
Southeast Utah,Unknown,Unknown,0.000249,2.2279,1.0,0.000554
Southwest Utah,Unknown,Unknown,0.00025,2.2279,1.1923,0.000664
TriCounty,Unknown,Unknown,0.000106,2.2279,1.0,0.000236
Weber-Morgan,Unknown,Unknown,0.000584,2.2279,2.0,0.002601
Davis,7e-06,6e-06,3e-06,2.2314,1.0,6e-06
Salt Lake,0.00099,0.000805,0.000366,2.2349,1.0521,0.000861
San Juan,0.001254,0.001018,0.000457,2.4088,1.0,0.001102
Summit,0.001604,0.001303,0.000593,2.2732,1.0,0.001348
Tooele,0.001063,0.000863,0.000415,2.2791,1.0,0.000946
Utah,0.000505,0.00041,0.000206,2.1889,1.0,0.000451
Wasatch,0.001385,0.001125,0.00044,2.1932,1.2727,0.001228
