Name,Estimated unvaccinated prevalence,Estimated vaccinated prevalence,Reported prevalence,Underreporting factor,Delay factor,Estimated prevalence
Entire state,0.000605,0.000491,0.000239,2.2276,1.0,0.000533
Bear River,Unknown,Unknown,0.000289,2.2276,1.359,0.000875
Central Utah,Unknown,Unknown,0.000268,2.2276,1.1053,0.000661
Southeast Utah,Unknown,Unknown,0.000273,2.2276,1.0,0.000609
Southwest Utah,Unknown,Unknown,0.000234,2.2276,1.1154,0.000582
TriCounty,Unknown,Unknown,0.000177,2.2276,1.0,0.000393
Weber-Morgan,Unknown,Unknown,0.000488,2.2276,1.5349,0.00167
Davis,0.000293,0.000238,0.000115,2.224,1.0,0.000257
Salt Lake,0.000807,0.000656,0.000315,2.2311,1.0,0.000702
San Juan,0.001668,0.001355,0.000523,2.4043,1.1667,0.001466
Summit,0.001363,0.001108,0.000498,2.3011,1.0,0.001147
Tooele,0.001252,0.001017,0.000457,2.2873,1.0667,0.001114
Utah,0.000478,0.000388,0.000195,2.1887,1.0,0.000427
Wasatch,0.002258,0.001835,0.000528,2.2311,1.7,0.002003
