Name,Estimated unvaccinated prevalence,Estimated vaccinated prevalence,Reported prevalence,Underreporting factor,Delay factor,Estimated prevalence
Entire state,0.024127,0.00449,0.00337,2.4898,1.3765,0.01155
Bear River,Unknown,Unknown,0.003067,2.4898,1.177,0.008988
Central Utah,Unknown,Unknown,0.00255,2.4898,1.6911,0.010738
Southeast Utah,Unknown,Unknown,0.001989,2.4898,1.0,0.004951
Southwest Utah,Unknown,Unknown,0.002821,2.4898,1.4669,0.010303
TriCounty,Unknown,Unknown,0.001413,2.4898,1.2344,0.004342
Weber-Morgan,Unknown,Unknown,0.002699,2.4898,1.281,0.008608
Davis,0.024438,0.004548,0.003767,2.5203,1.3016,0.012356
Salt Lake,0.022322,0.004154,0.003184,2.4525,1.3661,0.010668
San Juan,0.03296,0.006134,0.00405,2.7507,1.5641,0.017425
Summit,0.016885,0.003142,0.002278,2.4009,1.0,0.005469
Tooele,0.026843,0.004996,0.003944,2.5784,1.4792,0.015043
Utah,0.029714,0.00553,0.004401,2.5532,1.5388,0.01729
Wasatch,0.019627,0.003653,0.003432,2.4831,1.2609,0.010745
