Name,Estimated unvaccinated prevalence,Estimated vaccinated prevalence,Reported prevalence,Underreporting factor,Delay factor,Estimated prevalence
Entire state,0.006274,0.005097,0.002143,2.5998,1.0,0.005572
Bear River,Unknown,Unknown,0.001638,2.5998,1.0,0.004258
Central Utah,Unknown,Unknown,0.001403,2.5998,1.1753,0.004287
Southeast Utah,Unknown,Unknown,0.002287,2.5998,1.2133,0.007214
Southwest Utah,Unknown,Unknown,0.001627,2.5998,1.0,0.004229
TriCounty,Unknown,Unknown,0.003515,2.5998,1.3846,0.012651
Weber-Morgan,Unknown,Unknown,0.002086,2.5998,1.0,0.005422
Davis,0.007671,0.006232,0.002526,2.6507,1.0,0.006696
Salt Lake,0.007146,0.005805,0.002384,2.5998,1.0,0.006197
San Juan,0.005112,0.004153,0.001698,2.6383,1.0,0.004481
Summit,0.005428,0.00441,0.00178,2.5684,1.0,0.004571
Tooele,0.006921,0.005623,0.002325,2.6441,1.0,0.006147
Utah,0.005205,0.004228,0.001819,2.5464,1.0,0.004631
Wasatch,0.006141,0.004989,0.002053,2.646,1.0,0.005433
