Name,Estimated unvaccinated prevalence,Estimated vaccinated prevalence,Reported prevalence,Underreporting factor,Delay factor,Estimated prevalence
Entire state,0.003822,0.003097,0.001455,2.3305,1.0,0.00339
Bristol,0.002725,0.002207,0.001031,2.2372,1.0,0.002307
Kent,0.00431,0.003492,0.001576,2.3186,1.0,0.003655
Newport,0.002768,0.002243,0.000987,2.3958,1.0,0.002364
Providence,0.00373,0.003022,0.001384,2.3272,1.0,0.00322
Washington,0.005775,0.004679,0.001736,2.4027,1.173,0.004893
