Name,Estimated unvaccinated prevalence,Estimated vaccinated prevalence,Reported prevalence,Underreporting factor,Delay factor,Estimated prevalence
Entire state,0.001404,0.001404,0.000622,2.2575,1.0,0.001404
Baker,0.001165,0.001165,0.000496,2.3484,1.0,0.001165
Benton,0.001529,0.001529,0.000656,2.3332,1.0,0.001529
Clackamas,0.001061,0.001061,0.000476,2.2296,1.0,0.001061
Clatsop,0.008513,0.008513,0.001889,2.2528,2.0,0.008513
Columbia,0.001599,0.001599,0.000458,2.2754,1.5333,0.001599
Coos,0.001187,0.001187,0.000543,2.1875,1.0,0.001187
Crook,0.003193,0.003193,0.000779,2.2783,1.8,0.003193
Curry,0.001584,0.001584,0.000698,2.2696,1.0,0.001584
Deschutes,0.00129,0.00129,0.000572,2.2575,1.0,0.00129
Douglas,0.000886,0.000886,0.000414,2.1384,1.0,0.000886
Gilliam,0.001181,0.001181,0.000523,2.2575,1.0,0.001181
Grant,0.001235,0.001235,0.000556,2.2225,1.0,0.001235
Harney,0.000878,0.000878,0.000406,2.1648,1.0,0.000878
Hood River,0.001405,0.001405,0.000299,2.3473,2.0,0.001405
Jackson,0.001543,0.001543,0.000593,2.2826,1.1404,0.001543
Jefferson,0.001249,0.001249,0.000568,2.1998,1.0,0.001249
Josephine,0.002335,0.002335,0.000777,2.2415,1.34,0.002335
Klamath,0.002076,0.002076,0.000865,2.3597,1.0175,0.002076
Lake,0.000594,0.000594,0.000254,2.3379,1.0,0.000594
Lane,0.001846,0.001846,0.000801,2.2447,1.0269,0.001846
Lincoln,0.002517,0.002517,0.000961,2.453,1.0682,0.002517
Linn,0.001844,0.001844,0.000694,2.2696,1.1711,0.001844
Malheur,0.002397,0.002397,0.001047,2.2896,1.0,0.002397
Marion,0.001545,0.001545,0.000681,2.2681,1.0,0.001545
Morrow,0.005477,0.005477,0.001207,2.2696,2.0,0.005477
Multnomah,0.001245,0.001245,0.000561,2.2189,1.0,0.001245
Polk,0.001822,0.001822,0.000732,2.3296,1.069,0.001822
Sherman,0.003805,0.003805,0.001685,2.2575,1.0,0.003805
Tillamook,0.001367,0.001367,0.000518,2.6394,1.0,0.001367
Umatilla,0.002828,0.002828,0.000988,2.3356,1.2258,0.002828
Union,0.00073,0.00073,0.000298,2.0979,1.1667,0.00073
Wallowa,0.001556,0.001556,0.000694,2.2431,1.0,0.001556
Wasco,0.000163,0.000163,7.5e-05,2.1787,1.0,0.000163
Washington,0.001247,0.001247,0.00055,2.2528,1.0061,0.001247
Wheeler,0.001695,0.001695,0.000751,2.2575,1.0,0.001695
Yamhill,0.001822,0.001822,0.000803,2.2696,1.0,0.001822
