Name,Estimated unvaccinated prevalence,Estimated vaccinated prevalence,Reported prevalence,Underreporting factor,Delay factor,Estimated prevalence
Entire state,0.005028,0.004086,0.001897,2.3787,1.0,0.004513
Baker,0.004205,0.003417,0.001488,2.4499,1.0,0.003647
Benton,0.006745,0.005481,0.002386,2.4266,1.0,0.005789
Clackamas,0.003877,0.00315,0.001435,2.3489,1.0,0.00337
Clatsop,0.003839,0.003119,0.001392,2.4078,1.0,0.003352
Columbia,0.00341,0.002771,0.00128,2.3557,1.0,0.003015
Coos,0.007097,0.005767,0.002605,2.428,1.0,0.006325
Crook,0.005844,0.004748,0.002213,2.385,1.0,0.005277
Curry,0.006952,0.005649,0.002617,2.3739,1.0,0.006213
Deschutes,0.007525,0.006115,0.002716,2.4063,1.0,0.006536
Douglas,0.012237,0.009943,0.003451,2.3471,1.3594,0.011012
Gilliam,0.003881,0.003149,0.001569,2.2598,1.0,0.003546
Grant,0.013963,0.011342,0.00514,2.4835,1.0,0.012764
Harney,0.00868,0.007053,0.001894,2.2527,1.8571,0.007922
Hood River,0.005362,0.004357,0.001925,2.282,1.0233,0.004494
Jackson,0.004931,0.004007,0.001824,2.4048,1.0,0.004386
Jefferson,0.007422,0.00603,0.002555,2.3896,1.069,0.006526
Josephine,0.004831,0.003925,0.001726,2.3641,1.0714,0.004372
Klamath,0.006911,0.005615,0.002462,2.4605,1.0309,0.006245
Lake,0.007073,0.005747,0.002669,2.3293,1.0526,0.006543
Lane,0.005091,0.004137,0.001874,2.369,1.0,0.00444
Lincoln,0.005424,0.004407,0.001761,2.5102,1.061,0.004691
Linn,0.003669,0.002981,0.001403,2.3401,1.0,0.003282
Malheur,0.007149,0.005809,0.002453,2.4322,1.0882,0.006493
Marion,0.004577,0.003719,0.001685,2.3912,1.0,0.004029
Morrow,0.006618,0.005378,0.001551,2.4683,1.5455,0.005918
Multnomah,0.005052,0.004105,0.001824,2.3523,1.0,0.004292
Polk,0.006901,0.005608,0.00223,2.4657,1.104,0.006072
Sherman,0.00837,0.006804,0.003371,2.2111,1.0,0.007453
Tillamook,0.005355,0.004351,0.001812,2.5921,1.0,0.004698
Umatilla,0.008402,0.006827,0.002745,2.5565,1.0704,0.007512
Union,0.007398,0.006012,0.001714,2.3471,1.6667,0.006706
Wallowa,0.004069,0.003305,0.001526,2.3657,1.0,0.00361
Wasco,0.006401,0.005202,0.002399,2.3348,1.0,0.0056
Washington,0.004985,0.00405,0.001797,2.3722,1.0,0.004263
Wheeler,0.001938,0.001575,0.000751,2.3162,1.0,0.001739
Yamhill,0.00368,0.00299,0.001391,2.3275,1.0,0.003238
