Name,Estimated unvaccinated prevalence,Estimated vaccinated prevalence,Reported prevalence,Underreporting factor,Delay factor,Estimated prevalence
Entire state,0.023747,0.00442,0.003347,2.4846,1.3599,0.01131
Bear River,Unknown,Unknown,0.003019,2.4846,1.1238,0.008429
Central Utah,Unknown,Unknown,0.002282,2.4846,1.2653,0.007173
Southeast Utah,Unknown,Unknown,0.001989,2.4846,1.0128,0.005004
Southwest Utah,Unknown,Unknown,0.002948,2.4846,1.5588,0.011417
TriCounty,Unknown,Unknown,0.001519,2.4846,1.3492,0.005092
Weber-Morgan,Unknown,Unknown,0.002692,2.4846,1.2933,0.008649
Davis,0.023588,0.00439,0.003716,2.5217,1.2668,0.011871
Salt Lake,0.021978,0.00409,0.003174,2.4494,1.3433,0.010443
San Juan,0.032449,0.006039,0.003985,2.7964,1.5385,0.017144
Summit,0.014544,0.002707,0.001969,2.3777,1.0,0.004683
Tooele,0.027429,0.005105,0.004013,2.5503,1.4974,0.015327
Utah,0.028876,0.005374,0.004362,2.5503,1.5052,0.016743
Wasatch,0.01374,0.002557,0.002963,2.4755,1.0204,0.007484
