Name,Estimated unvaccinated prevalence,Estimated vaccinated prevalence,Reported prevalence,Underreporting factor,Delay factor,Estimated prevalence
Entire state,0.007227,0.001329,0.001322,2.1932,1.0,0.002898
Bristol,0.007717,0.001419,0.001485,2.1654,1.0,0.003216
Kent,0.007685,0.001413,0.001443,2.1995,1.0,0.003173
Newport,0.007763,0.001427,0.001425,2.2116,1.0,0.003152
Providence,0.007848,0.001443,0.00169,2.2116,1.0,0.003738
Washington,0.007194,0.001323,0.001346,2.1932,1.0,0.002952
