Name,Estimated unvaccinated prevalence,Estimated vaccinated prevalence,Reported prevalence,Underreporting factor,Delay factor,Estimated prevalence
Entire state,0.001655,0.001655,0.000746,2.2188,1.0,0.001655
Bristol,0.002289,0.002289,0.000578,2.202,1.8,0.002289
Kent,0.001662,0.001662,0.000749,2.2205,1.0,0.001662
Newport,0.001481,0.001481,0.000658,2.2505,1.0,0.001481
Providence,0.001634,0.001634,0.000732,2.231,1.0,0.001634
Washington,0.001442,0.001442,0.000637,2.2642,1.0,0.001442
