Name,Estimated unvaccinated prevalence,Estimated vaccinated prevalence,Reported prevalence,Underreporting factor,Delay factor,Estimated prevalence
Entire state,0.007783,0.001449,0.00125,2.3095,1.0331,0.002983
Baker,0.009985,0.001859,0.001613,2.3952,1.0417,0.004023
Benton,0.008446,0.001573,0.001128,2.2282,1.3506,0.003396
Clackamas,0.008199,0.001527,0.001275,2.3027,1.2667,0.003718
Clatsop,0.005537,0.001031,0.001094,2.3622,1.0,0.002584
Columbia,0.002962,0.000552,0.000649,2.3415,1.0,0.001521
Coos,0.006804,0.001267,0.001566,2.3415,1.0,0.003667
Crook,0.005307,0.000988,0.001352,2.3322,1.0,0.003154
Curry,0.002949,0.000549,0.000742,2.1707,1.0,0.00161
Deschutes,0.015181,0.002827,0.00214,2.4004,1.3229,0.006795
Douglas,0.004872,0.000907,0.001243,2.2415,1.0,0.002787
Gilliam,0.007801,0.001453,0.002092,2.3735,1.0,0.004966
Grant,0.023547,0.004385,0.003612,2.3128,1.7857,0.014916
Harney,0.002913,0.000542,0.000812,2.2457,1.0,0.001823
Hood River,0.009646,0.001796,0.001069,2.2091,1.3333,0.003149
Jackson,0.007144,0.00133,0.001462,2.4107,1.0805,0.003808
Jefferson,0.005456,0.001016,0.001176,2.3259,1.0,0.002735
Josephine,0.006809,0.001268,0.001703,2.3735,1.0,0.004042
Klamath,0.003333,0.000621,0.000865,2.2813,1.0,0.001972
Lake,0.002616,0.000487,0.000762,2.3415,1.0,0.001785
Lane,0.00528,0.000983,0.001013,2.2621,1.0489,0.002403
Lincoln,0.003028,0.000564,0.00054,2.4132,1.0,0.001304
Linn,0.007772,0.001447,0.001904,2.2738,1.0,0.004329
Malheur,0.001896,0.000353,0.000491,2.2235,1.0769,0.001175
Marion,0.006092,0.001134,0.001245,2.3475,1.0435,0.00305
Morrow,0.016011,0.002982,0.001982,2.2738,2.0,0.009014
Multnomah,0.012278,0.002286,0.001346,2.27,1.4515,0.004435
Polk,0.004864,0.000906,0.001045,2.3128,1.0,0.002418
Sherman,0.009975,0.001858,0.002247,2.3593,1.0,0.005302
Tillamook,0.008655,0.001612,0.001738,2.3872,1.0,0.00415
Umatilla,0.003149,0.000586,0.00077,2.2738,1.0,0.00175
Union,0.00263,0.00049,0.000745,2.1369,1.0,0.001593
Wallowa,0.003199,0.000596,0.000694,2.4004,1.0,0.001665
Wasco,0.003939,0.000734,0.000787,2.379,1.0,0.001872
Washington,0.005951,0.001108,0.001034,2.2661,1.0065,0.002358
Wheeler,0.003111,0.000579,0.000751,2.3095,1.0,0.001734
Yamhill,0.006178,0.00115,0.001298,2.3593,1.0,0.003062
