Name,Population,Cases in past week,Reported prevalence,Underreporting factor,Delay factor,Estimated prevalence
Entire state,1059361,123,0.000117,2.1397,1.0,0.00025
Bristol,48479,6,0.000144,2.0625,1.2,0.000357
Kent,164292,19,0.000122,2.1082,1.0,0.000257
Newport,82082,16,0.000207,2.125,1.0,0.00044
Providence,638931,128,0.000202,2.1531,1.0,0.000435
Washington,125577,17,0.000143,2.1082,1.0,0.000302
