Name,Estimated unvaccinated prevalence,Estimated vaccinated prevalence,Reported prevalence,Underreporting factor,Delay factor,Estimated prevalence
Entire state,0.013867,0.002579,0.002738,2.5008,1.0,0.006847
Baker,0.041437,0.007705,0.007008,2.6269,1.0,0.01841
Benton,0.013646,0.002537,0.002182,2.3168,1.2096,0.006113
Clackamas,0.010643,0.001979,0.002219,2.4256,1.0,0.005383
Clatsop,0.012373,0.002301,0.002536,2.5064,1.01,0.006419
Columbia,0.012633,0.002349,0.002731,2.5735,1.0,0.007029
Coos,0.019636,0.003651,0.004233,2.5332,1.0667,0.011439
Crook,0.011886,0.00221,0.002909,2.5949,1.0,0.00755
Curry,0.006215,0.001156,0.001527,2.3951,1.0,0.003657
Deschutes,0.020037,0.003726,0.003875,2.5807,1.0,0.01
Douglas,0.014462,0.002689,0.003559,2.4751,1.0,0.008809
Gilliam,0.011686,0.002173,0.003138,2.5279,1.0,0.007933
Grant,0.081953,0.015239,0.01403,2.7334,1.4286,0.054784
Harney,0.086302,0.016048,0.013932,2.843,1.4783,0.058553
Hood River,0.014064,0.002615,0.002181,2.541,1.0,0.005542
Jackson,0.013358,0.002484,0.003028,2.5637,1.0,0.007763
Jefferson,0.018005,0.003348,0.003812,2.6291,1.0,0.010023
Josephine,0.014154,0.002632,0.003441,2.6019,1.0,0.008952
Klamath,0.023463,0.004363,0.004484,2.5807,1.2979,0.01502
Lake,0.031761,0.005906,0.007625,2.9691,1.0,0.022639
Lane,0.013195,0.002454,0.002649,2.4722,1.0,0.006548
Lincoln,0.012772,0.002375,0.002482,2.4663,1.0,0.006121
Linn,0.019626,0.003649,0.004763,2.4602,1.0,0.011718
Malheur,0.028198,0.005243,0.007,2.7485,1.0,0.01924
Marion,0.016272,0.003026,0.003418,2.6224,1.0,0.008965
Morrow,0.012807,0.002381,0.003275,2.4256,1.0,0.007944
Multnomah,0.008581,0.001596,0.001513,2.3879,1.0,0.003613
Polk,0.014146,0.00263,0.003032,2.5384,1.0,0.007696
Sherman,0.017627,0.003278,0.003371,2.4385,1.25,0.010275
Tillamook,0.010826,0.002013,0.00233,2.4353,1.0,0.005675
Umatilla,0.021542,0.004006,0.004939,2.6761,1.0,0.013217
Union,0.021302,0.003961,0.005329,2.6065,1.0,0.01389
Wallowa,0.028994,0.005391,0.004578,2.5926,1.3913,0.016514
Wasco,0.02494,0.004637,0.00461,2.5759,1.1091,0.01317
Washington,0.009228,0.001716,0.00171,2.4541,1.0,0.004198
Wheeler,0.003013,0.00056,0.000751,2.3733,1.0,0.001782
Yamhill,0.018703,0.003478,0.003679,2.5384,1.0947,0.010223
