Name,Estimated unvaccinated prevalence,Estimated vaccinated prevalence,Reported prevalence,Underreporting factor,Delay factor,Estimated prevalence
Entire state,0.001796,0.00146,0.000707,2.2538,1.0,0.001592
Baker,0.001106,0.000899,0.000434,2.214,1.0,0.000961
Benton,0.002906,0.002362,0.001107,2.2604,1.0,0.002502
Clackamas,0.001196,0.000972,0.000469,2.2255,1.0,0.001043
Clatsop,0.000972,0.00079,0.000373,2.2853,1.0,0.000852
Columbia,0.001958,0.001591,0.000783,2.2179,1.0,0.001737
Coos,0.002813,0.002287,0.001085,2.3163,1.0,0.002514
Crook,0.002922,0.002375,0.001147,2.3054,1.0,0.002645
Curry,0.002626,0.002135,0.001047,2.2505,1.0,0.002356
Deschutes,0.002374,0.001929,0.00089,2.3242,1.0,0.002069
Douglas,0.002316,0.001882,0.000919,2.2731,1.0,0.002089
Gilliam,0.004267,0.003468,0.001569,2.4924,1.0,0.003911
Grant,0.017111,0.013906,0.004862,2.1795,1.4783,0.015664
Harney,0.00276,0.002243,0.001082,2.332,1.0,0.002523
Hood River,0.002178,0.00177,0.00077,2.3841,1.0,0.001835
Jackson,0.002432,0.001976,0.00095,2.2823,1.0,0.002169
Jefferson,0.002556,0.002077,0.000973,2.3189,1.0,0.002257
Josephine,0.00252,0.002048,0.001029,2.2217,1.0,0.002286
Klamath,0.001759,0.00143,0.000689,2.3136,1.0,0.001594
Lake,0.001526,0.001241,0.000635,2.2255,1.0,0.001414
Lane,0.001928,0.001567,0.000746,2.2604,1.0,0.001686
Lincoln,0.002089,0.001698,0.000721,2.5176,1.0,0.001814
Linn,0.003321,0.002699,0.001341,2.2217,1.0,0.002979
Malheur,0.001321,0.001074,0.000556,2.1647,1.0,0.001204
Marion,0.001515,0.001231,0.000589,2.27,1.0,0.001338
Morrow,0.00107,0.000869,0.000431,2.2255,1.0,0.000959
Multnomah,0.001903,0.001546,0.000725,2.2401,1.0,0.001623
Polk,0.001552,0.001261,0.000604,2.2668,1.0,0.001369
Sherman,0.016839,0.013686,0.003371,2.2293,2.0,0.015029
Tillamook,0.001122,0.000912,0.000444,2.2255,1.0,0.000988
Umatilla,0.00126,0.001024,0.000487,2.3189,1.0,0.00113
Union,0.00061,0.000495,0.000261,2.1235,1.0,0.000554
Wallowa,0.002625,0.002133,0.000971,2.4055,1.0,0.002336
Wasco,0.002372,0.001928,0.000899,2.3163,1.0,0.002083
Washington,0.00131,0.001065,0.000507,2.2179,1.0,0.001124
Wheeler,0.002016,0.001638,0.000751,2.4118,1.0,0.001811
Yamhill,0.001181,0.00096,0.000467,2.2329,1.0,0.001042
