Name,Estimated unvaccinated prevalence,Estimated vaccinated prevalence,Reported prevalence,Underreporting factor,Delay factor,Estimated prevalence
Entire state,0.010465,0.001926,0.00199,2.2689,1.0323,0.004661
Bristol,0.008637,0.001589,0.00132,2.2217,1.2857,0.003771
Kent,0.011849,0.002181,0.002161,2.2742,1.0631,0.005224
Newport,0.009327,0.001717,0.001767,2.2846,1.0,0.004036
Providence,0.011774,0.002167,0.00203,2.2689,1.2921,0.005951
Washington,0.009098,0.001674,0.001712,2.2689,1.0142,0.00394
