Name,Estimated unvaccinated prevalence,Estimated vaccinated prevalence,Reported prevalence,Underreporting factor,Delay factor,Estimated prevalence
Entire state,0.140799,0.114137,0.024557,2.5022,2.0,0.122895
Bristol,0.102805,0.083338,0.018317,2.4043,2.0,0.088079
Kent,0.089004,0.07215,0.015497,2.4625,2.0,0.076321
Newport,0.082005,0.066476,0.014814,2.4559,1.9316,0.070278
Providence,0.108378,0.087855,0.018656,2.5371,2.0,0.094667
Washington,0.081619,0.066163,0.014445,2.4214,2.0,0.069955
