Name,Estimated unvaccinated prevalence,Estimated vaccinated prevalence,Reported prevalence,Underreporting factor,Delay factor,Estimated prevalence
Entire state,0.003867,0.003134,0.001262,2.2331,1.2058,0.003398
Bristol,0.003793,0.003075,0.001444,2.2365,1.0,0.003229
Kent,0.003851,0.003121,0.001467,2.2365,1.0,0.003281
Newport,0.003207,0.002599,0.001133,2.2464,1.0824,0.002755
Providence,0.003868,0.003135,0.001395,2.2262,1.0801,0.003353
Washington,0.005814,0.004712,0.001919,2.2497,1.1483,0.004958
