Name,Estimated unvaccinated prevalence,Estimated vaccinated prevalence,Reported prevalence,Underreporting factor,Delay factor,Estimated prevalence
Entire state,0.001115,0.001115,0.000469,2.375,1.0,0.001115
Bear River,Unknown,Unknown,0.000375,2.375,1.0,0.00089
Central Utah,Unknown,Unknown,0.000378,2.375,1.0714,0.000963
Southeast Utah,Unknown,Unknown,0.000522,2.375,1.0,0.00124
Southwest Utah,Unknown,Unknown,0.000373,2.375,1.0449,0.000926
TriCounty,Unknown,Unknown,0.000583,2.375,1.6,0.002215
Weber-Morgan,Unknown,Unknown,0.00047,2.375,1.0,0.001116
Davis,0.001277,0.001277,0.000537,2.3764,1.0,0.001277
Salt Lake,0.001294,0.001294,0.000545,2.3764,1.0,0.001294
San Juan,0.004174,0.004174,0.000849,2.4576,2.0,0.004174
Summit,0.001089,0.001089,0.000451,2.4165,1.0,0.001089
Tooele,0.001496,0.001496,0.000623,2.4015,1.0,0.001496
Utah,0.000768,0.000768,0.00033,2.3267,1.0,0.000768
Wasatch,0.000982,0.000982,0.000411,2.3911,1.0,0.000982
