Name,Estimated unvaccinated prevalence,Estimated vaccinated prevalence,Reported prevalence,Underreporting factor,Delay factor,Estimated prevalence
Entire state,0.001971,0.001597,0.000739,2.365,1.0,0.001748
Bristol,0.004408,0.003571,0.001609,2.3225,1.0,0.003737
Kent,0.006628,0.00537,0.002246,2.3682,1.0575,0.005625
Newport,0.004499,0.003645,0.001474,2.3913,1.0909,0.003846
Providence,0.00683,0.005534,0.002088,2.3486,1.2031,0.005899
Washington,0.004298,0.003483,0.001513,2.4088,1.0,0.003645
