Name,Estimated unvaccinated prevalence,Estimated vaccinated prevalence,Reported prevalence,Underreporting factor,Delay factor,Estimated prevalence
Entire state,0.002559,0.002079,0.001003,2.2917,1.0,0.002299
Baker,0.003108,0.002526,0.00093,2.2759,1.2727,0.002695
Benton,0.002985,0.002426,0.001075,2.383,1.0,0.002561
Clackamas,0.002603,0.002115,0.000925,2.2917,1.0663,0.002261
Clatsop,0.001217,0.000989,0.000472,2.2482,1.0,0.001062
Columbia,0.003291,0.002674,0.001165,2.3296,1.0714,0.002908
Coos,0.003061,0.002487,0.001163,2.3445,1.0,0.002727
Crook,0.003494,0.002839,0.001393,2.2635,1.0,0.003154
Curry,0.005803,0.004716,0.001876,2.303,1.2,0.005184
Deschutes,0.003473,0.002822,0.0013,2.3192,1.0,0.003015
Douglas,0.003433,0.00279,0.001352,2.2698,1.0068,0.003089
Gilliam,0.001306,0.001061,0.000523,2.282,1.0,0.001193
Grant,0.003697,0.003003,0.001389,2.4324,1.0,0.003379
Harney,0.001639,0.001332,0.000676,2.2116,1.0,0.001496
Hood River,0.002645,0.002149,0.000813,2.2719,1.2,0.002215
Jackson,0.002278,0.001851,0.000883,2.2955,1.0,0.002026
Jefferson,0.003658,0.002972,0.001379,2.3313,1.0,0.003215
Josephine,0.002239,0.001819,0.00088,2.3012,1.0,0.002025
Klamath,0.001764,0.001433,0.000703,2.2656,1.0,0.001594
Lake,0.002996,0.002434,0.000635,2.1802,2.0,0.002771
Lane,0.002214,0.001799,0.000858,2.2482,1.0,0.00193
Lincoln,0.002083,0.001692,0.000781,2.3067,1.0,0.001801
Linn,0.001889,0.001535,0.000755,2.2366,1.0,0.001689
Malheur,0.007311,0.005941,0.002028,2.3604,1.3864,0.006637
Marion,0.002724,0.002213,0.001029,2.3279,1.0,0.002396
Morrow,0.003348,0.00272,0.001207,2.478,1.0,0.00299
Multnomah,0.002907,0.002362,0.001049,2.2635,1.039,0.002468
Polk,0.004465,0.003628,0.001266,2.383,1.3012,0.003926
Sherman,0.001443,0.001174,0.000562,2.2879,1.0,0.001285
Tillamook,0.001702,0.001383,0.000592,2.5227,1.0,0.001493
Umatilla,0.00289,0.002348,0.001039,2.4849,1.0,0.002582
Union,0.001405,0.001142,0.000559,2.278,1.0,0.001273
Wallowa,0.001126,0.000915,0.000416,2.4002,1.0,0.000999
Wasco,0.001759,0.00143,0.000675,2.28,1.0,0.001538
Washington,0.002712,0.002204,0.001012,2.2898,1.0,0.002318
Wheeler,0.011378,0.009248,0.003754,2.7193,1.0,0.010207
Yamhill,0.004273,0.003472,0.001148,2.28,1.4353,0.003758
