Name,Estimated unvaccinated prevalence,Estimated vaccinated prevalence,Reported prevalence,Underreporting factor,Delay factor,Estimated prevalence
Entire state,0.000873,0.000709,0.000337,2.2778,1.0,0.000769
Bear River,Unknown,Unknown,0.00031,2.2778,1.0,0.000707
Central Utah,Unknown,Unknown,0.0005,2.2778,1.0,0.00114
Southeast Utah,Unknown,Unknown,0.000696,2.2778,1.1739,0.001861
Southwest Utah,Unknown,Unknown,0.000258,2.2778,1.0,0.000587
TriCounty,Unknown,Unknown,0.000194,2.2778,1.0,0.000443
Weber-Morgan,Unknown,Unknown,0.000114,2.2778,1.0,0.000259
Davis,0.001229,0.000999,0.000473,2.2778,1.0,0.001076
Salt Lake,0.000957,0.000778,0.000364,2.2896,1.0,0.000833
San Juan,0.001414,0.001149,0.000523,2.3799,1.0,0.001244
Summit,0.00312,0.002535,0.000807,2.3641,1.375,0.002622
Tooele,0.00063,0.000512,0.000249,2.2525,1.0,0.000561
Utah,0.000806,0.000655,0.000322,2.2353,1.0,0.00072
Wasatch,0.001173,0.000953,0.000469,2.2168,1.0,0.00104
