Name,Estimated unvaccinated prevalence,Estimated vaccinated prevalence,Reported prevalence,Underreporting factor,Delay factor,Estimated prevalence
Entire state,0.002127,0.002127,0.000944,2.253,1.0,0.002127
Baker,0.001235,0.001235,0.000558,2.2124,1.0,0.001235
Benton,0.003465,0.003465,0.001236,2.3121,1.2128,0.003465
Clackamas,0.001959,0.001959,0.000861,2.2752,1.0,0.001959
Clatsop,0.000893,0.000893,0.000398,2.2458,1.0,0.000893
Columbia,0.001111,0.001111,0.000497,2.2365,1.0,0.001111
Coos,0.003922,0.003922,0.001551,2.2736,1.1124,0.003922
Crook,0.001965,0.001965,0.000901,2.1802,1.0,0.001965
Curry,0.000778,0.000778,0.000349,2.2287,1.0,0.000778
Deschutes,0.00171,0.00171,0.000764,2.2384,1.0,0.00171
Douglas,0.001651,0.001651,0.000748,2.2081,1.0,0.001651
Gilliam,0.002406,0.002406,0.001046,2.3003,1.0,0.002406
Grant,0.00472,0.00472,0.001111,2.1238,2.0,0.00472
Harney,0.00029,0.00029,0.000135,2.144,1.0,0.00029
Hood River,0.003086,0.003086,0.000984,2.2817,1.375,0.003086
Jackson,0.002643,0.002643,0.00115,2.2988,1.0,0.002643
Jefferson,0.004238,0.004238,0.001866,2.2719,1.0,0.004238
Josephine,0.002667,0.002667,0.001177,2.2652,1.0,0.002667
Klamath,0.001715,0.001715,0.000777,2.2081,1.0,0.001715
Lake,0.00114,0.00114,0.000508,2.2421,1.0,0.00114
Lane,0.002955,0.002955,0.001194,2.2307,1.1098,0.002955
Lincoln,0.002606,0.002606,0.000921,2.2015,1.2857,0.002606
Linn,0.003486,0.003486,0.001318,2.2402,1.1806,0.003486
Malheur,0.002236,0.002236,0.000981,2.2785,1.0,0.002236
Marion,0.001814,0.001814,0.000808,2.2458,1.0,0.001814
Morrow,0.002705,0.002705,0.000603,2.2421,2.0,0.002705
Multnomah,0.00233,0.00233,0.001031,2.2601,1.0,0.00233
Polk,0.002611,0.002611,0.00115,2.2703,1.0,0.002611
Sherman,0.001266,0.001266,0.000562,2.253,1.0,0.001266
Tillamook,0.002001,0.002001,0.000777,2.5761,1.0,0.002001
Umatilla,0.001338,0.001338,0.000603,2.2186,1.0,0.001338
Union,0.00111,0.00111,0.000522,2.1274,1.0,0.00111
Wallowa,0.001834,0.001834,0.000832,2.2037,1.0,0.001834
Wasco,0.002047,0.002047,0.000937,2.1851,1.0,0.002047
Washington,0.001799,0.001799,0.000791,2.2736,1.0,0.001799
Wheeler,0.077755,0.077755,0.015015,2.5893,2.0,0.077755
Yamhill,0.001936,0.001936,0.000878,2.2059,1.0,0.001936
