Name,Estimated unvaccinated prevalence,Estimated vaccinated prevalence,Reported prevalence,Underreporting factor,Delay factor,Estimated prevalence
Entire state,0.014139,0.002633,0.003006,2.5403,1.0146,0.007747
Bear River,Unknown,Unknown,0.003351,2.5403,1.0,0.008512
Central Utah,Unknown,Unknown,0.004295,2.5403,1.0,0.010911
Southeast Utah,Unknown,Unknown,0.004624,2.5403,1.0882,0.012782
Southwest Utah,Unknown,Unknown,0.003325,2.5403,1.0,0.008446
TriCounty,Unknown,Unknown,0.00544,2.5403,1.0,0.013818
Weber-Morgan,Unknown,Unknown,0.00351,2.5403,1.159,0.010335
Davis,0.017463,0.003252,0.003243,2.5428,1.1625,0.009588
Salt Lake,0.011518,0.002145,0.002338,2.4991,1.0222,0.005973
San Juan,0.017295,0.00322,0.002744,2.7482,1.3226,0.009973
Summit,0.024925,0.004641,0.002207,2.3803,1.7692,0.009293
Tooele,0.020847,0.003882,0.004761,2.6567,1.0,0.012648
Utah,0.012936,0.002409,0.003041,2.5598,1.0376,0.008078
Wasatch,0.008495,0.001582,0.001995,2.4883,1.0,0.004963
