Name,Estimated unvaccinated prevalence,Estimated vaccinated prevalence,Reported prevalence,Underreporting factor,Delay factor,Estimated prevalence
Entire state,0.002283,0.002283,0.001005,2.2722,1.0,0.002283
Baker,0.001745,0.001745,0.000806,2.1647,1.0,0.001745
Benton,0.002144,0.002144,0.000924,2.3198,1.0,0.002144
Clackamas,0.002583,0.002583,0.001038,2.2703,1.0962,0.002583
Clatsop,0.002002,0.002002,0.000671,2.2943,1.3,0.002002
Columbia,0.001172,0.001172,0.000516,2.2722,1.0,0.001172
Coos,0.002773,0.002773,0.001039,2.2238,1.2,0.002773
Crook,0.005588,0.005588,0.00209,2.2995,1.1628,0.005588
Curry,0.001716,0.001716,0.000393,2.1856,2.0,0.001716
Deschutes,0.004588,0.004588,0.001781,2.3198,1.1108,0.004588
Douglas,0.002526,0.002526,0.001117,2.2604,1.0,0.002526
Gilliam,0.002352,0.002352,0.001046,2.2481,1.0,0.002352
Grant,0.024849,0.024849,0.00514,2.4174,2.0,0.024849
Harney,0.001197,0.001197,0.000541,2.2118,1.0,0.001197
Hood River,0.001278,0.001278,0.00047,2.1739,1.25,0.001278
Jackson,0.00168,0.00168,0.000738,2.2779,1.0,0.00168
Jefferson,0.004734,0.004734,0.002068,2.2889,1.0,0.004734
Josephine,0.001408,0.001408,0.00064,2.1991,1.0,0.001408
Klamath,0.007332,0.007332,0.001949,2.3654,1.5904,0.007332
Lake,0.002318,0.002318,0.001017,2.2797,1.0,0.002318
Lane,0.002761,0.002761,0.000984,2.2374,1.2542,0.002761
Lincoln,0.001494,0.001494,0.00062,2.4086,1.0,0.001494
Linn,0.001692,0.001692,0.000755,2.2396,1.0,0.001692
Malheur,0.001298,0.001298,0.000556,2.3341,1.0,0.001298
Marion,0.002363,0.002363,0.001026,2.2889,1.0056,0.002363
Morrow,0.001835,0.001835,0.000689,2.2816,1.1667,0.001835
Multnomah,0.002238,0.002238,0.000996,2.246,1.0,0.002238
Polk,0.002518,0.002518,0.001011,2.3181,1.075,0.002518
Sherman,0.002519,0.002519,0.001124,2.2417,1.0,0.002519
Tillamook,0.003706,0.003706,0.000888,2.5415,1.6429,0.003706
Umatilla,0.002348,0.002348,0.001001,2.3464,1.0,0.002348
Union,0.002127,0.002127,0.000783,2.1739,1.25,0.002127
Wallowa,0.000652,0.000652,0.000277,2.3509,1.0,0.000652
Wasco,0.001159,0.001159,0.000525,2.2093,1.0,0.001159
Washington,0.002228,0.002228,0.000981,2.2722,1.0,0.002228
Wheeler,0.001744,0.001744,0.000751,2.323,1.0,0.001744
Yamhill,0.002203,0.002203,0.000943,2.2191,1.0526,0.002203
