Name,Estimated unvaccinated prevalence,Estimated vaccinated prevalence,Reported prevalence,Underreporting factor,Delay factor,Estimated prevalence
Entire state,0.011329,0.002084,0.002189,2.2472,1.0,0.004919
Bristol,0.009708,0.001786,0.001733,2.2108,1.0921,0.004184
Kent,0.016745,0.00308,0.002502,2.2687,1.2773,0.007249
Newport,0.011774,0.002166,0.001852,2.2415,1.208,0.005014
Providence,0.014204,0.002613,0.002556,2.2528,1.2271,0.007065
Washington,0.133001,0.024468,0.012614,2.2472,2.0,0.056692
