Name,Estimated unvaccinated prevalence,Estimated vaccinated prevalence,Reported prevalence,Underreporting factor,Delay factor,Estimated prevalence
Entire state,0.004944,0.004018,0.001874,2.3686,1.0,0.004438
Baker,0.005272,0.004284,0.001799,2.5418,1.0,0.004572
Benton,0.006979,0.005671,0.00245,2.4446,1.0,0.00599
Clackamas,0.003928,0.003192,0.001454,2.3483,1.0,0.003414
Clatsop,0.003682,0.002992,0.001367,2.3517,1.0,0.003216
Columbia,0.003187,0.002589,0.001203,2.3412,1.0,0.002817
Coos,0.006674,0.005423,0.002435,2.4433,1.0,0.005948
Crook,0.005923,0.004813,0.002254,2.3735,1.0,0.005349
Curry,0.008826,0.007171,0.002879,2.3603,1.1607,0.007887
Deschutes,0.007534,0.006122,0.002711,2.4135,1.0,0.006544
Douglas,0.009451,0.00768,0.003217,2.3395,1.1302,0.008505
Gilliam,0.003849,0.003123,0.001569,2.2413,1.0,0.003517
Grant,0.009232,0.0075,0.003334,2.5316,1.0,0.00844
Harney,0.002064,0.001677,0.000812,2.3211,1.0,0.001884
Hood River,0.004748,0.003858,0.001753,2.2698,1.0,0.00398
Jackson,0.004832,0.003926,0.001801,2.3862,1.0,0.004298
Jefferson,0.006834,0.005553,0.002433,2.3862,1.0351,0.00601
Josephine,0.004473,0.003635,0.001703,2.3767,1.0,0.004048
Klamath,0.007241,0.005884,0.002696,2.4265,1.0,0.006543
Lake,0.011987,0.00974,0.002796,2.4554,1.6154,0.011089
Lane,0.005002,0.004064,0.001848,2.3603,1.0,0.004361
Lincoln,0.005749,0.004672,0.001921,2.5879,1.0,0.004973
Linn,0.00363,0.00295,0.001403,2.3154,1.0,0.003248
Malheur,0.006035,0.004904,0.00229,2.394,1.0,0.005482
Marion,0.004575,0.003718,0.001688,2.3862,1.0,0.004027
Morrow,0.00387,0.003145,0.001465,2.3619,1.0,0.003461
Multnomah,0.005083,0.00413,0.001844,2.3412,1.0,0.004318
Polk,0.005762,0.004682,0.002033,2.4938,1.0,0.005069
Sherman,0.016562,0.013462,0.003371,2.1875,2.0,0.014748
Tillamook,0.005118,0.004159,0.001849,2.428,1.0,0.00449
Umatilla,0.007627,0.006198,0.002656,2.568,1.0,0.006819
Union,0.008512,0.006917,0.001826,2.3767,1.7778,0.007715
Wallowa,0.004708,0.003825,0.001665,2.5095,1.0,0.004178
Wasco,0.006606,0.005368,0.002511,2.3016,1.0,0.005779
Washington,0.004675,0.003799,0.001699,2.3535,1.0,0.003998
Wheeler,0.001939,0.001575,0.000751,2.3173,1.0,0.00174
Yamhill,0.003673,0.002984,0.001401,2.3076,1.0,0.003232
