Name,Estimated unvaccinated prevalence,Estimated vaccinated prevalence,Reported prevalence,Underreporting factor,Delay factor,Estimated prevalence
Entire state,0.000616,0.0005,0.000218,2.2274,1.1166,0.000543
Bear River,Unknown,Unknown,0.000123,2.2274,1.2222,0.000335
Central Utah,Unknown,Unknown,8.5e-05,2.2274,1.0,0.00019
Southeast Utah,Unknown,Unknown,0.000224,2.2274,1.0,0.000498
Southwest Utah,Unknown,Unknown,0.000115,2.2274,1.0,0.000256
TriCounty,Unknown,Unknown,0.000194,2.2274,1.25,0.000541
Weber-Morgan,Unknown,Unknown,0.000162,2.2274,2.0,0.00072
Davis,0.000664,0.000539,0.00025,2.2131,1.0476,0.00058
Salt Lake,0.000887,0.00072,0.000284,2.2534,1.2059,0.00077
San Juan,0.000645,0.000524,0.000261,2.1679,1.0,0.000566
Summit,0.003803,0.00309,0.000902,2.3978,1.48,0.0032
Tooele,0.000725,0.000589,0.000291,2.2204,1.0,0.000645
Utah,0.000337,0.000274,0.000138,2.1725,1.0,0.0003
Wasatch,0.001144,0.00093,0.000411,2.2799,1.0833,0.001014
