Name,Estimated unvaccinated prevalence,Estimated vaccinated prevalence,Reported prevalence,Underreporting factor,Delay factor,Estimated prevalence
Entire state,0.004352,0.003526,0.001612,2.3444,1.0209,0.003859
Bristol,0.004222,0.003421,0.001279,2.2469,1.2449,0.003577
Kent,0.00487,0.003946,0.001771,2.3327,1.0,0.004132
Newport,0.005683,0.004605,0.001364,2.3727,1.5,0.004856
Providence,0.004354,0.003528,0.001576,2.3427,1.0182,0.00376
Washington,0.00409,0.003314,0.001322,2.4317,1.0784,0.003467
