Name,Estimated unvaccinated prevalence,Estimated vaccinated prevalence,Reported prevalence,Underreporting factor,Delay factor,Estimated prevalence
Entire state,0.00361,0.00361,0.001055,2.4395,1.4029,0.00361
Bear River,Unknown,Unknown,0.000873,2.4395,1.3846,0.002947
Central Utah,Unknown,Unknown,0.000622,2.4395,1.1111,0.001687
Southeast Utah,Unknown,Unknown,0.001442,2.4395,1.0,0.003517
Southwest Utah,Unknown,Unknown,0.000905,2.4395,1.2682,0.002799
TriCounty,Unknown,Unknown,0.000477,2.4395,1.3,0.001512
Weber-Morgan,Unknown,Unknown,0.00155,2.4395,1.7469,0.006603
Davis,0.003343,0.003343,0.001103,2.411,1.2572,0.003343
Salt Lake,0.004061,0.004061,0.001162,2.4439,1.4295,0.004061
San Juan,0.011506,0.011506,0.003332,2.4867,1.3889,0.011506
Summit,0.002045,0.002045,0.000783,2.5306,1.0323,0.002045
Tooele,0.003717,0.003717,0.001135,2.5072,1.3065,0.003717
Utah,0.002765,0.002765,0.000754,2.4026,1.5255,0.002765
Wasatch,0.003018,0.003018,0.001115,2.4145,1.1212,0.003018
