Name,Estimated unvaccinated prevalence,Estimated vaccinated prevalence,Reported prevalence,Underreporting factor,Delay factor,Estimated prevalence
Entire state,0.007061,0.001298,0.001291,2.1929,1.0,0.002832
Bristol,0.00778,0.001431,0.001485,2.1796,1.0,0.003237
Kent,0.007696,0.001415,0.001443,2.1992,1.0,0.003172
Newport,0.007783,0.001431,0.001425,2.2113,1.0,0.003152
Providence,0.007836,0.001441,0.00169,2.2053,1.0,0.003728
Washington,0.007208,0.001326,0.001346,2.1929,1.0,0.002951
