Name,Population,Cases in past week,Reported prevalence,Underreporting factor,Delay factor,Estimated prevalence
Entire state,1059361,433,0.00041,2.216,1.0,0.000908
Bristol,48479,57,0.001196,2.1542,1.0,0.002577
Kent,164292,190,0.001163,2.2389,1.0,0.002603
Newport,82082,85,0.001048,2.2306,1.0,0.002337
Providence,638931,1084,0.001698,2.22,1.0,0.00377
Washington,125577,97,0.00078,2.1883,1.0,0.001708
