Name,Estimated unvaccinated prevalence,Estimated vaccinated prevalence,Reported prevalence,Underreporting factor,Delay factor,Estimated prevalence
Entire state,0.004614,0.003748,0.001607,2.5519,1.0,0.0041
Bear River,Unknown,Unknown,0.001435,2.5519,1.0114,0.003702
Central Utah,Unknown,Unknown,0.001245,2.5519,1.1099,0.003525
Southeast Utah,Unknown,Unknown,0.00174,2.5519,1.0,0.00444
Southwest Utah,Unknown,Unknown,0.001234,2.5519,1.0,0.003149
TriCounty,Unknown,Unknown,0.001448,2.5519,1.0,0.003696
Weber-Morgan,Unknown,Unknown,0.001961,2.5519,1.0,0.005004
Davis,0.005484,0.004455,0.001843,2.5976,1.0,0.004786
Salt Lake,0.005175,0.004204,0.001761,2.5486,1.0,0.004487
San Juan,0.006883,0.005591,0.002352,2.5647,1.0,0.006031
Summit,0.006479,0.005263,0.001803,2.5814,1.1719,0.005455
Tooele,0.004617,0.003751,0.001619,2.5321,1.0,0.0041
Utah,0.003575,0.002904,0.001272,2.5008,1.0,0.00318
Wasatch,0.003921,0.003186,0.001408,2.4637,1.0,0.003469
