Name,Estimated unvaccinated prevalence,Estimated vaccinated prevalence,Reported prevalence,Underreporting factor,Delay factor,Estimated prevalence
Entire state,0.005806,0.004704,0.001886,2.3339,1.1699,0.00515
Bristol,0.003435,0.002783,0.001279,2.2754,1.0,0.00291
Kent,0.005676,0.004599,0.001911,2.3339,1.0793,0.004814
Newport,0.003104,0.002515,0.001109,2.3923,1.0,0.002652
Providence,0.006571,0.005324,0.001964,2.3168,1.2465,0.005673
Washington,0.004768,0.003863,0.001481,2.4328,1.1212,0.00404
