Name,Estimated unvaccinated prevalence,Estimated vaccinated prevalence,Reported prevalence,Underreporting factor,Delay factor,Estimated prevalence
Entire state,0.007117,0.005783,0.002558,2.3259,1.0702,0.006369
Baker,0.003881,0.003154,0.001178,2.3817,1.2,0.003368
Benton,0.008727,0.007092,0.003063,2.4474,1.0,0.007496
Clackamas,0.006106,0.004962,0.002334,2.2761,1.0,0.005312
Clatsop,0.010342,0.008404,0.002213,2.4609,1.6604,0.009041
Columbia,0.009751,0.007924,0.00277,2.3799,1.3091,0.008629
Coos,0.015682,0.012743,0.003086,2.3578,1.9223,0.013986
Crook,0.008321,0.006761,0.002786,2.3362,1.1552,0.00752
Curry,0.017889,0.014537,0.003359,2.3817,2.0,0.015999
Deschutes,0.009628,0.007824,0.003151,2.4725,1.0743,0.008371
Douglas,0.011602,0.009428,0.002442,2.3131,1.8493,0.010446
Gilliam,0.002643,0.002146,0.001046,2.3109,1.0,0.002417
Grant,0.029105,0.023653,0.005556,2.3957,2.0,0.026623
Harney,0.002753,0.002238,0.001082,2.3238,1.0,0.002515
Hood River,0.012453,0.01012,0.003379,2.3402,1.322,0.010453
Jackson,0.008933,0.007259,0.002376,2.4335,1.3753,0.007953
Jefferson,0.008454,0.00687,0.002149,2.33,1.4857,0.007441
Josephine,0.006266,0.005092,0.00176,2.2334,1.4434,0.005674
Klamath,0.008439,0.006857,0.001744,2.1882,2.0,0.007632
Lake,0.009079,0.007378,0.001779,2.3615,2.0,0.008403
Lane,0.009033,0.00734,0.002764,2.387,1.1948,0.007883
Lincoln,0.004102,0.003333,0.001521,2.3341,1.0,0.003551
Linn,0.003947,0.003207,0.001549,2.281,1.0,0.003534
Malheur,0.006137,0.004987,0.001178,2.369,2.0,0.005579
Marion,0.005123,0.004163,0.001875,2.4076,1.0,0.004513
Morrow,0.005284,0.004294,0.001034,2.2858,2.0,0.004728
Multnomah,0.00829,0.006736,0.003053,2.3087,1.0,0.00705
Polk,0.006911,0.005616,0.002463,2.4239,1.0193,0.006085
Sherman,0.002805,0.00228,0.001124,2.2245,1.0,0.002499
Tillamook,0.00458,0.003722,0.00159,2.5283,1.0,0.004021
Umatilla,0.004548,0.003695,0.001219,2.3442,1.4242,0.004069
Union,0.006685,0.005433,0.001379,2.1987,2.0,0.006063
Wallowa,0.003454,0.002807,0.001249,2.4579,1.0,0.003069
Wasco,0.022333,0.018149,0.004048,2.4158,2.0,0.019557
Washington,0.008189,0.006655,0.003074,2.281,1.0,0.007011
Wheeler,0.013673,0.011112,0.005255,2.3362,1.0,0.012277
Yamhill,0.005746,0.004669,0.001895,2.2334,1.1953,0.00506
