Name,Estimated unvaccinated prevalence,Estimated vaccinated prevalence,Reported prevalence,Underreporting factor,Delay factor,Estimated prevalence
Entire state,0.001912,0.001912,0.000796,2.2318,1.0767,0.001912
Baker,0.004667,0.004667,0.000992,2.3518,2.0,0.004667
Benton,0.001634,0.001634,0.00072,2.27,1.0,0.001634
Clackamas,0.002176,0.002176,0.000909,2.2497,1.0646,0.002176
Clatsop,0.001018,0.001018,0.000373,2.3393,1.1667,0.001018
Columbia,0.001451,0.001451,0.000573,2.1832,1.16,0.001451
Coos,0.003536,0.003536,0.001551,2.2805,1.0,0.003536
Crook,0.006399,0.006399,0.002008,2.2573,1.4118,0.006399
Curry,0.002556,0.002556,0.000567,2.2535,2.0,0.002556
Deschutes,0.001336,0.001336,0.000607,2.2007,1.0,0.001336
Douglas,0.002251,0.002251,0.000793,2.1858,1.2985,0.002251
Gilliam,0.001167,0.001167,0.000523,2.2318,1.0,0.001167
Grant,0.003018,0.003018,0.000833,2.1724,1.6667,0.003018
Harney,0.001892,0.001892,0.000812,2.3307,1.0,0.001892
Hood River,0.001737,0.001737,0.000599,2.2318,1.3,0.001737
Jackson,0.002751,0.002751,0.000978,2.277,1.2356,0.002751
Jefferson,0.001264,0.001264,0.000568,2.2255,1.0,0.001264
Josephine,0.006323,0.006323,0.001349,2.3638,1.9831,0.006323
Klamath,0.001511,0.001511,0.000674,2.2419,1.0,0.001511
Lake,0.000558,0.000558,0.000254,2.1959,1.0,0.000558
Lane,0.001429,0.001429,0.000652,2.1934,1.0,0.001429
Lincoln,0.000875,0.000875,0.00038,2.3019,1.0,0.000875
Linn,0.002241,0.002241,0.000694,2.1779,1.4833,0.002241
Malheur,0.002434,0.002434,0.000981,2.2233,1.1154,0.002434
Marion,0.001832,0.001832,0.000661,2.2379,1.2378,0.001832
Morrow,0.002219,0.002219,0.000517,2.1453,2.0,0.002219
Multnomah,0.002136,0.002136,0.00096,2.2255,1.0,0.002136
Polk,0.001424,0.001424,0.000616,2.2233,1.04,0.001424
Sherman,0.007715,0.007715,0.001685,2.2889,2.0,0.007715
Tillamook,0.001416,0.001416,0.000592,2.393,1.0,0.001416
Umatilla,0.001653,0.001653,0.0005,2.261,1.4615,0.001653
Union,0.000751,0.000751,0.000335,2.2379,1.0,0.000751
Wallowa,0.006529,0.006529,0.001387,2.3531,2.0,0.006529
Wasco,0.002388,0.002388,0.0006,2.1239,1.875,0.002388
Washington,0.002002,0.002002,0.000795,2.2233,1.133,0.002002
Wheeler,0.001676,0.001676,0.000751,2.2318,1.0,0.001676
Yamhill,0.001605,0.001605,0.00057,2.2078,1.2766,0.001605
