Name,Estimated unvaccinated prevalence,Estimated vaccinated prevalence,Reported prevalence,Underreporting factor,Delay factor,Estimated prevalence
Entire state,0.00087,0.000707,0.000349,2.2088,1.0,0.000772
Baker,0.000151,0.000123,6.2e-05,2.1205,1.0,0.000132
Benton,0.00295,0.002397,0.000677,2.298,1.6316,0.002538
Clackamas,0.001234,0.001003,0.000352,2.1797,1.4038,0.001076
Clatsop,0.000822,0.000668,0.000323,2.2308,1.0,0.000721
Columbia,0.000507,0.000412,0.00021,2.1392,1.0,0.000449
Coos,0.000816,0.000663,0.000326,2.2377,1.0,0.000729
Crook,0.000578,0.00047,0.000246,2.1271,1.0,0.000523
Curry,0.001377,0.001119,0.000523,2.1449,1.1,0.001235
Deschutes,0.001123,0.000913,0.00044,2.2237,1.0,0.000979
Douglas,0.001198,0.000974,0.000433,2.1797,1.1463,0.001081
Gilliam,0.001261,0.001025,0.000523,2.2088,1.0,0.001155
Grant,0.005504,0.004473,0.002223,2.2665,1.0,0.005037
Harney,0.000678,0.000551,0.000271,2.2925,1.0,0.00062
Hood River,0.001008,0.000819,0.000385,2.2049,1.0,0.000849
Jackson,0.000795,0.000646,0.000321,2.2049,1.0,0.000709
Jefferson,0.00126,0.001024,0.000487,2.2841,1.0,0.001112
Josephine,0.000711,0.000578,0.000297,2.1705,1.0,0.000645
Klamath,0.000702,0.000571,0.000293,2.1705,1.0,0.000636
Lake,0.001235,0.001004,0.000508,2.2509,1.0,0.001144
Lane,0.00109,0.000886,0.000429,2.2201,1.0,0.000953
Lincoln,0.000269,0.000219,0.0001,2.3362,1.0,0.000234
Linn,0.000483,0.000392,0.0002,2.1607,1.0,0.000433
Malheur,0.000384,0.000312,0.000164,2.1392,1.0,0.00035
Marion,0.000638,0.000518,0.000259,2.1751,1.0,0.000563
Morrow,0.000204,0.000166,8.6e-05,2.1205,1.0,0.000183
Multnomah,0.002101,0.001707,0.000619,2.2201,1.3039,0.001791
Polk,0.000647,0.000525,0.000256,2.2308,1.0,0.00057
Sherman,0.001431,0.001163,0.000562,2.2725,1.0,0.001277
Tillamook,0.00123,0.001,0.000481,2.2509,1.0,0.001082
Umatilla,0.001188,0.000966,0.000257,2.1841,1.9,0.001065
Union,0.000444,0.000361,0.000186,2.1657,1.0,0.000404
Wallowa,0.001044,0.000848,0.000416,2.2308,1.0,0.000928
Wasco,0.001105,0.000898,0.000412,2.3526,1.0,0.00097
Washington,0.000209,0.00017,8.1e-05,2.1968,1.0,0.000179
Wheeler,0.001846,0.0015,0.000751,2.2088,1.0,0.001658
Yamhill,0.000531,0.000431,0.000215,2.1797,1.0,0.000468
