Name,Estimated unvaccinated prevalence,Estimated vaccinated prevalence,Reported prevalence,Underreporting factor,Delay factor,Estimated prevalence
Entire state,0.008885,0.001655,0.00168,2.3872,1.0,0.00401
Baker,0.007598,0.001416,0.001364,2.3443,1.0,0.003199
Benton,0.006127,0.001142,0.001171,2.2555,1.0,0.002642
Clackamas,0.007223,0.001346,0.001471,2.3841,1.0,0.003506
Clatsop,0.002935,0.000547,0.000622,2.3262,1.0,0.001446
Columbia,0.008661,0.001614,0.001891,2.4507,1.0,0.004634
Coos,0.008493,0.001582,0.002016,2.3299,1.0078,0.004734
Crook,0.015373,0.002864,0.003729,2.5181,1.0,0.00939
Curry,0.002287,0.000426,0.000567,2.2782,1.0,0.001292
Deschutes,0.017065,0.003179,0.003242,2.5228,1.0,0.00818
Douglas,0.008945,0.001667,0.002217,2.3614,1.0,0.005234
Gilliam,0.011502,0.002143,0.003138,2.4144,1.0,0.007577
Grant,0.033772,0.006292,0.004445,2.4587,2.0,0.021858
Harney,0.007626,0.001421,0.002029,2.4231,1.0,0.004916
Hood River,0.009672,0.001802,0.001497,2.4026,1.0,0.003596
Jackson,0.007523,0.001402,0.001697,2.4587,1.0,0.004173
Jefferson,0.020359,0.003793,0.004339,2.4893,1.0,0.010802
Josephine,0.010103,0.001882,0.00208,2.3995,1.2313,0.006146
Klamath,0.016589,0.003091,0.00381,2.658,1.0,0.010127
Lake,0.009689,0.001805,0.002542,2.645,1.0,0.006723
Lane,0.005774,0.001076,0.001194,2.2992,1.0,0.002744
Lincoln,0.007342,0.001368,0.001421,2.358,1.0,0.003351
Linn,0.01162,0.002165,0.002751,2.4173,1.0,0.006651
Malheur,0.008351,0.001556,0.002159,2.4967,1.0,0.00539
Marion,0.009799,0.001826,0.002047,2.5063,1.0,0.005131
Morrow,0.007775,0.001449,0.001724,2.6506,1.0,0.004569
Multnomah,0.006449,0.001201,0.001113,2.3225,1.0,0.002586
Polk,0.00979,0.001824,0.002056,2.4743,1.0,0.005087
Sherman,0.032377,0.006032,0.006742,2.6635,1.0,0.017956
Tillamook,0.017254,0.003215,0.001886,2.3647,1.9231,0.008578
Umatilla,0.0081,0.001509,0.001899,2.4768,1.0,0.004703
Union,0.007107,0.001324,0.001826,2.4399,1.0,0.004455
Wallowa,0.035925,0.006693,0.004023,2.6063,1.8667,0.019574
Wasco,0.0123,0.002292,0.002511,2.4534,1.0,0.006161
Washington,0.006859,0.001278,0.001164,2.3512,1.0922,0.002988
Wheeler,0.012539,0.002336,0.003003,2.368,1.0,0.007111
Yamhill,0.015453,0.002879,0.002568,2.5015,1.2569,0.008073
