Name,Estimated unvaccinated prevalence,Estimated vaccinated prevalence,Reported prevalence,Underreporting factor,Delay factor,Estimated prevalence
Entire state,0.001299,0.001299,0.000532,2.354,1.0378,0.001299
Bear River,Unknown,Unknown,0.000487,2.354,1.0345,0.001186
Central Utah,Unknown,Unknown,0.000439,2.354,1.4583,0.001508
Southeast Utah,Unknown,Unknown,0.000522,2.354,2.0,0.002458
Southwest Utah,Unknown,Unknown,0.000333,2.354,1.2969,0.001017
TriCounty,Unknown,Unknown,0.000618,2.354,2.0,0.00291
Weber-Morgan,Unknown,Unknown,0.00069,2.354,1.0,0.001625
Davis,0.001526,0.001526,0.000641,2.3786,1.0,0.001526
Salt Lake,0.001562,0.001562,0.000591,2.4179,1.0925,0.001562
San Juan,0.002709,0.002709,0.001176,2.304,1.0,0.002709
Summit,0.001557,0.001557,0.000617,2.4226,1.0417,0.001557
Tooele,0.00123,0.00123,0.000471,2.3765,1.1,0.00123
Utah,0.000869,0.000869,0.000369,2.3518,1.0,0.000869
Wasatch,0.001556,0.001556,0.000557,2.3264,1.2,0.001556
