Name,Estimated unvaccinated prevalence,Estimated vaccinated prevalence,Reported prevalence,Underreporting factor,Delay factor,Estimated prevalence
Entire state,0.011134,0.002048,0.002148,2.2407,1.0,0.004812
Bristol,0.009705,0.001785,0.001733,2.2101,1.0921,0.004182
Kent,0.016621,0.003057,0.002502,2.2519,1.2773,0.007195
Newport,0.0118,0.002171,0.001852,2.2464,1.208,0.005025
Providence,0.014233,0.002618,0.002556,2.2573,1.2271,0.007079
Washington,0.132957,0.024457,0.012614,2.2464,2.0,0.056671
