Name,Estimated unvaccinated prevalence,Estimated vaccinated prevalence,Reported prevalence,Underreporting factor,Delay factor,Estimated prevalence
Entire state,0.002003,0.001627,0.00074,2.4109,1.0,0.001783
Bear River,Unknown,Unknown,0.000594,2.4109,1.0,0.001432
Central Utah,Unknown,Unknown,0.000671,2.4109,1.2273,0.001986
Southeast Utah,Unknown,Unknown,0.000621,2.4109,1.0,0.001498
Southwest Utah,Unknown,Unknown,0.000508,2.4109,1.0672,0.001307
TriCounty,Unknown,Unknown,0.000848,2.4109,1.0,0.002044
Weber-Morgan,Unknown,Unknown,0.000995,2.4109,1.0,0.002399
Davis,0.002071,0.001682,0.000751,2.4041,1.0,0.001806
Salt Lake,0.00229,0.00186,0.00082,2.4175,1.0,0.001983
San Juan,0.004916,0.003993,0.001764,2.4394,1.0,0.004303
Summit,0.001792,0.001455,0.000617,2.4457,1.0,0.001509
Tooele,0.002633,0.002139,0.0009,2.4756,1.0492,0.002336
Utah,0.001503,0.001221,0.000564,2.3684,1.0,0.001336
Wasatch,0.002384,0.001937,0.000851,2.4779,1.0,0.002108
