Name,Estimated unvaccinated prevalence,Estimated vaccinated prevalence,Reported prevalence,Underreporting factor,Delay factor,Estimated prevalence
Entire state,0.009548,0.001758,0.00188,2.3311,1.0,0.004383
Bristol,0.014827,0.00273,0.001444,2.2814,2.0,0.006588
Kent,0.011503,0.002118,0.001716,2.3357,1.2949,0.005192
Newport,0.011118,0.002047,0.001779,2.3824,1.16,0.004916
Providence,0.009707,0.001787,0.001945,2.349,1.0991,0.005023
Washington,0.007251,0.001335,0.001386,2.2868,1.0117,0.003206
