Name,Estimated unvaccinated prevalence,Estimated vaccinated prevalence,Reported prevalence,Underreporting factor,Delay factor,Estimated prevalence
Entire state,0.001106,0.000899,0.000218,2.2336,2.0,0.000975
Bear River,Unknown,Unknown,0.000123,2.2336,2.0,0.00055
Central Utah,Unknown,Unknown,8.5e-05,2.2336,2.0,0.000382
Southeast Utah,Unknown,Unknown,0.000224,2.2336,1.3333,0.000666
Southwest Utah,Unknown,Unknown,0.000115,2.2336,1.3333,0.000343
TriCounty,Unknown,Unknown,0.000194,2.2336,2.0,0.000868
Weber-Morgan,Unknown,Unknown,0.000162,2.2336,2.0,0.000722
Davis,0.001267,0.001029,0.00025,2.2126,2.0,0.001108
Salt Lake,0.001468,0.001193,0.000284,2.2497,2.0,0.001276
San Juan,0.0013,0.001056,0.000261,2.1852,2.0,0.001142
Summit,0.005094,0.004138,0.000902,2.3766,2.0,0.004286
Tooele,0.001108,0.0009,0.000291,2.2051,1.5385,0.000986
Utah,0.000676,0.000549,0.000138,2.1809,2.0,0.000603
Wasatch,0.002107,0.001712,0.000411,2.2735,2.0,0.001867
