Name,Estimated unvaccinated prevalence,Estimated vaccinated prevalence,Reported prevalence,Underreporting factor,Delay factor,Estimated prevalence
Entire state,0.001111,0.001111,0.000499,2.2258,1.0,0.001111
Baker,0.000697,0.000697,0.00031,2.249,1.0,0.000697
Benton,0.003236,0.003236,0.000913,2.3193,1.5273,0.003236
Clackamas,0.00076,0.00076,0.000342,2.2239,1.0,0.00076
Clatsop,0.000897,0.000897,0.000398,2.2541,1.0,0.000897
Columbia,0.000411,0.000411,0.000191,2.1542,1.0,0.000411
Coos,0.002236,0.002236,0.000853,2.2332,1.1739,0.002236
Crook,0.002519,0.002519,0.000901,2.2623,1.2353,0.002519
Curry,0.001175,0.001175,0.00048,2.204,1.1111,0.001175
Deschutes,0.001411,0.001411,0.000622,2.2671,1.0,0.001411
Douglas,0.001544,0.001544,0.000613,2.182,1.1552,0.001544
Gilliam,0.002383,0.002383,0.001046,2.278,1.0,0.002383
Grant,0.001248,0.001248,0.000556,2.2456,1.0,0.001248
Harney,0.001888,0.001888,0.000812,2.3259,1.0,0.001888
Hood River,0.000661,0.000661,0.000299,2.2081,1.0,0.000661
Jackson,0.000773,0.000773,0.000344,2.2473,1.0,0.000773
Jefferson,0.000926,0.000926,0.000406,2.2841,1.0,0.000926
Josephine,0.00143,0.00143,0.000572,2.2473,1.1136,0.00143
Klamath,0.00099,0.00099,0.000454,2.1797,1.0,0.00099
Lake,0.001691,0.001691,0.000381,2.2181,2.0,0.001691
Lane,0.001093,0.001093,0.000497,2.1977,1.0,0.001093
Lincoln,0.00185,0.00185,0.00054,2.2386,1.5294,0.00185
Linn,0.001357,0.001357,0.000601,2.2574,1.0,0.001357
Malheur,0.000931,0.000931,0.000425,2.1889,1.0,0.000931
Marion,0.001558,0.001558,0.000681,2.287,1.0,0.001558
Morrow,0.001315,0.001315,0.000603,2.1797,1.0,0.001315
Multnomah,0.001115,0.001115,0.000506,2.2061,1.0,0.001115
Polk,0.001626,0.001626,0.000697,2.3323,1.0,0.001626
Sherman,0.001307,0.001307,0.000562,2.3259,1.0,0.001307
Tillamook,0.000983,0.000983,0.000296,2.3721,1.4,0.000983
Umatilla,0.002097,0.002097,0.00086,2.2181,1.1,0.002097
Union,0.000567,0.000567,0.000261,2.1749,1.0,0.000567
Wallowa,0.000916,0.000916,0.000416,2.2019,1.0,0.000916
Wasco,0.002212,0.002212,0.000974,2.1797,1.0417,0.002212
Washington,0.000897,0.000897,0.000404,2.22,1.0,0.000897
Wheeler,0.001671,0.001671,0.000751,2.2258,1.0,0.001671
Yamhill,0.000716,0.000716,0.000327,2.1911,1.0,0.000716
