Name,Estimated unvaccinated prevalence,Estimated vaccinated prevalence,Reported prevalence,Underreporting factor,Delay factor,Estimated prevalence
Entire state,0.002585,0.002095,0.000968,2.3686,1.0,0.002292
Bristol,0.004858,0.003936,0.001733,2.3206,1.0247,0.00412
Kent,0.006465,0.005239,0.002124,2.3765,1.0875,0.00549
Newport,0.00379,0.00307,0.001352,2.3964,1.0,0.003241
Providence,0.004827,0.003911,0.001736,2.3589,1.0184,0.00417
Washington,0.005479,0.004439,0.001648,2.3949,1.1771,0.004647
