Name,Estimated unvaccinated prevalence,Estimated vaccinated prevalence,Reported prevalence,Underreporting factor,Delay factor,Estimated prevalence
Entire state,0.001302,0.001059,0.000518,2.2281,1.0,0.001155
Baker,0.00127,0.001032,0.000496,2.2244,1.0,0.001104
Benton,0.001751,0.001423,0.000688,2.1921,1.0,0.001508
Clackamas,0.001242,0.001009,0.000495,2.1877,1.0,0.001083
Clatsop,0.000972,0.00079,0.000373,2.2867,1.0,0.000853
Columbia,0.001334,0.001084,0.000535,2.2128,1.0,0.001183
Coos,0.002507,0.002038,0.000961,2.3302,1.0,0.00224
Crook,0.002148,0.001745,0.000861,2.2591,1.0,0.001944
Curry,0.001839,0.001495,0.000742,2.2244,1.0,0.001649
Deschutes,0.002142,0.001741,0.000814,2.2925,1.0,0.001867
Douglas,0.001896,0.001541,0.000757,2.2591,1.0,0.00171
Gilliam,0.002729,0.002218,0.001046,2.3908,1.0,0.002501
Grant,0.021039,0.017098,0.005834,2.1738,1.5185,0.019258
Harney,0.002027,0.001647,0.000812,2.2838,1.0,0.001853
Hood River,0.001248,0.001015,0.00047,2.2353,1.0,0.001052
Jackson,0.001698,0.00138,0.000674,2.2458,1.0,0.001515
Jefferson,0.00202,0.001642,0.000771,2.3146,1.0,0.001784
Josephine,0.002473,0.00201,0.001017,2.2048,1.0,0.002243
Klamath,0.000971,0.000789,0.000381,2.3093,1.0,0.00088
Lake,0.001248,0.001014,0.000508,2.2748,1.0,0.001156
Lane,0.001463,0.001189,0.000573,2.2317,1.0,0.001279
Lincoln,0.001527,0.001241,0.00058,2.2838,1.0,0.001326
Linn,0.00171,0.001389,0.000686,2.2353,1.0,0.001533
Malheur,0.000872,0.000709,0.00036,2.2089,1.0,0.000795
Marion,7e-06,6e-06,3e-06,2.2458,1.0,6e-06
Morrow,0.000854,0.000694,0.000345,2.2206,1.0,0.000766
Multnomah,0.001501,0.00122,0.000581,2.2048,1.0,0.00128
Polk,0.001374,0.001117,0.000546,2.2206,1.0,0.001212
Sherman,0.008939,0.007265,0.002247,2.3664,1.5,0.007977
Tillamook,0.000441,0.000359,0.000185,2.1003,1.0,0.000388
Umatilla,0.000747,0.000607,0.000295,2.2686,1.0,0.000669
Union,0.000689,0.00056,0.000298,2.1003,1.0,0.000626
Wallowa,0.002454,0.001995,0.000971,2.2492,1.0,0.002184
Wasco,0.001772,0.00144,0.000675,2.3065,1.0,0.001556
Washington,0.000974,0.000792,0.000382,2.1877,1.0,0.000836
Wheeler,0.002014,0.001637,0.000751,2.4096,1.0,0.001809
Yamhill,0.000928,0.000754,0.000373,2.1921,1.0,0.000819
