Name,Estimated unvaccinated prevalence,Estimated vaccinated prevalence,Reported prevalence,Underreporting factor,Delay factor,Estimated prevalence
Entire state,0.011521,0.002156,0.0022,2.595,1.1945,0.006818
Bear River,Unknown,Unknown,0.001841,2.595,1.1029,0.00527
Central Utah,Unknown,Unknown,0.002489,2.595,1.0,0.006459
Southeast Utah,Unknown,Unknown,0.001889,2.595,1.7442,0.008551
Southwest Utah,Unknown,Unknown,0.002571,2.595,1.2711,0.00848
TriCounty,Unknown,Unknown,0.001784,2.595,1.0,0.004629
Weber-Morgan,Unknown,Unknown,0.00235,2.595,1.278,0.007794
Davis,0.009604,0.001797,0.001969,2.6106,1.1008,0.005659
Salt Lake,0.011752,0.002199,0.002051,2.5597,1.2384,0.006501
San Juan,0.010998,0.002058,0.001568,2.579,1.6429,0.006643
Summit,0.011735,0.002196,0.001613,2.5099,1.1754,0.00476
Tooele,0.023158,0.004334,0.003806,2.6991,1.4497,0.014892
Utah,0.010798,0.002021,0.002378,2.6332,1.1507,0.007206
Wasatch,0.012531,0.002345,0.002317,2.674,1.2581,0.007796
