Name,Estimated unvaccinated prevalence,Estimated vaccinated prevalence,Reported prevalence,Underreporting factor,Delay factor,Estimated prevalence
Entire state,0.001124,0.001124,0.000505,2.2241,1.0,0.001124
Baker,0.001513,0.001513,0.000558,2.3716,1.1429,0.001513
Benton,0.002782,0.002782,0.000881,2.3384,1.35,0.002782
Clackamas,0.000904,0.000904,0.000411,2.1981,1.0,0.000904
Clatsop,0.001788,0.001788,0.000771,2.3206,1.0,0.001788
Columbia,0.000776,0.000776,0.000344,2.2567,1.0,0.000776
Coos,0.001712,0.001712,0.000651,2.1793,1.2059,0.001712
Crook,0.00418,0.00418,0.001188,2.2613,1.5556,0.00418
Curry,0.00118,0.00118,0.000523,2.2552,1.0,0.00118
Deschutes,0.001255,0.001255,0.000561,2.236,1.0,0.001255
Douglas,0.000952,0.000952,0.000423,2.2,1.0222,0.000952
Gilliam,0.002326,0.002326,0.001046,2.2241,1.0,0.002326
Grant,0.001242,0.001242,0.000556,2.236,1.0,0.001242
Harney,0.000598,0.000598,0.000271,2.2096,1.0,0.000598
Hood River,0.007789,0.007789,0.001668,2.3349,2.0,0.007789
Jackson,0.00116,0.00116,0.000511,2.2687,1.0,0.00116
Jefferson,0.001141,0.001141,0.000527,2.1633,1.0,0.001141
Josephine,0.001705,0.001705,0.000777,2.1941,1.0,0.001705
Klamath,0.001629,0.001629,0.000703,2.3157,1.0,0.001629
Lake,0.000297,0.000297,0.000127,2.3349,1.0,0.000297
Lane,0.001224,0.001224,0.000552,2.217,1.0,0.001224
Lincoln,0.001321,0.001321,0.00056,2.3565,1.0,0.001321
Linn,0.002864,0.002864,0.000956,2.1681,1.382,0.002864
Malheur,0.003228,0.003228,0.00121,2.2964,1.1613,0.003228
Marion,0.001115,0.001115,0.000497,2.2426,1.0,0.001115
Morrow,0.001764,0.001764,0.000776,2.2744,1.0,0.001764
Multnomah,0.000896,0.000896,0.000406,2.2058,1.0,0.000896
Polk,0.00162,0.00162,0.000709,2.2856,1.0,0.00162
Sherman,0.001249,0.001249,0.000562,2.2241,1.0,0.001249
Tillamook,0.001171,0.001171,0.000481,2.4348,1.0,0.001171
Umatilla,0.002102,0.002102,0.000911,2.3081,1.0,0.002102
Union,0.001347,0.001347,0.00041,2.3004,1.4286,0.001347
Wallowa,0.005596,0.005596,0.001249,2.2409,2.0,0.005596
Wasco,0.002448,0.002448,0.000525,2.3326,2.0,0.002448
Washington,0.000727,0.000727,0.000331,2.1981,1.0,0.000727
Wheeler,0.00167,0.00167,0.000751,2.2241,1.0,0.00167
Yamhill,0.000634,0.000634,0.000289,2.192,1.0,0.000634
