Name,Estimated unvaccinated prevalence,Estimated vaccinated prevalence,Reported prevalence,Underreporting factor,Delay factor,Estimated prevalence
Entire state,0.001427,0.001427,0.000599,2.3826,1.0,0.001427
Bear River,Unknown,Unknown,0.000583,2.3826,1.0,0.00139
Central Utah,Unknown,Unknown,0.000525,2.3826,1.0,0.00125
Southeast Utah,Unknown,Unknown,0.000522,2.3826,1.0,0.001244
Southwest Utah,Unknown,Unknown,0.000349,2.3826,1.0,0.000832
TriCounty,Unknown,Unknown,0.000512,2.3826,1.0,0.00122
Weber-Morgan,Unknown,Unknown,0.000646,2.3826,1.0,0.00154
Davis,0.001566,0.001566,0.000661,2.3685,1.0,0.001566
Salt Lake,0.001671,0.001671,0.000697,2.3962,1.0,0.001671
San Juan,0.001547,0.001547,0.000653,2.3685,1.0,0.001547
Summit,0.003684,0.003684,0.000878,2.4477,1.7143,0.003684
Tooele,0.001472,0.001472,0.000609,2.4171,1.0,0.001472
Utah,0.00103,0.00103,0.00044,2.3416,1.0,0.00103
Wasatch,0.000978,0.000978,0.000411,2.3812,1.0,0.000978
