Name,Estimated unvaccinated prevalence,Estimated vaccinated prevalence,Reported prevalence,Underreporting factor,Delay factor,Estimated prevalence
Entire state,0.000907,0.000907,0.00039,2.325,1.0,0.000907
Bear River,Unknown,Unknown,0.000412,2.325,1.6889,0.001618
Central Utah,Unknown,Unknown,0.00022,2.325,1.4167,0.000723
Southeast Utah,Unknown,Unknown,0.000174,2.325,1.0,0.000405
Southwest Utah,Unknown,Unknown,0.000226,2.325,1.12,0.000589
TriCounty,Unknown,Unknown,0.000124,2.325,1.0,0.000287
Weber-Morgan,Unknown,Unknown,0.000613,2.325,1.566,0.002233
Davis,0.001204,0.001204,0.000495,2.3337,1.0417,0.001204
Salt Lake,0.001091,0.001091,0.000425,2.3587,1.0885,0.001091
San Juan,0.000441,0.000441,0.000196,2.252,1.0,0.000441
Summit,0.00347,0.00347,0.000759,2.3587,1.9375,0.00347
Tooele,0.000626,0.000626,0.000263,2.381,1.0,0.000626
Utah,0.000689,0.000689,0.000291,2.2785,1.0395,0.000689
Wasatch,0.000602,0.000602,0.000264,2.2814,1.0,0.000602
