Name,Estimated unvaccinated prevalence,Estimated vaccinated prevalence,Reported prevalence,Underreporting factor,Delay factor,Estimated prevalence
Entire state,0.081241,0.014936,0.005945,2.3398,2.0,0.027821
Bristol,0.017275,0.003176,0.00295,2.2828,1.0,0.006734
Kent,0.020526,0.003774,0.003384,2.3741,1.0,0.008034
Newport,0.018137,0.003335,0.002632,2.3332,1.1198,0.006875
Providence,0.015665,0.00288,0.002919,2.3398,1.0443,0.007132
Washington,0.015139,0.002783,0.00254,2.3018,1.0,0.005847
