Name,Estimated unvaccinated prevalence,Estimated vaccinated prevalence,Reported prevalence,Underreporting factor,Delay factor,Estimated prevalence
Entire state,0.007395,0.006008,0.002305,2.6091,1.0903,0.006557
Bear River,Unknown,Unknown,0.001552,2.6091,1.3697,0.005547
Central Utah,Unknown,Unknown,0.001232,2.6091,1.6393,0.005271
Southeast Utah,Unknown,Unknown,0.002063,2.6091,1.0649,0.005733
Southwest Utah,Unknown,Unknown,0.001817,2.6091,1.2187,0.005778
TriCounty,Unknown,Unknown,0.001625,2.6091,1.82,0.007716
Weber-Morgan,Unknown,Unknown,0.002438,2.6091,1.0457,0.006652
Davis,0.009104,0.007395,0.002585,2.633,1.1679,0.00795
Salt Lake,0.008695,0.007063,0.002716,2.6279,1.0567,0.007542
San Juan,0.007693,0.006249,0.002548,2.6481,1.0,0.006746
Summit,0.009475,0.007697,0.002515,2.657,1.1932,0.007974
Tooele,0.006928,0.005628,0.002353,2.6165,1.0,0.006156
Utah,0.006249,0.005076,0.001911,2.5743,1.1302,0.005561
Wasatch,0.0059,0.004793,0.001789,2.6258,1.1111,0.005221
