Name,Estimated unvaccinated prevalence,Estimated vaccinated prevalence,Reported prevalence,Underreporting factor,Delay factor,Estimated prevalence
Entire state,0.009092,0.001694,0.00172,2.3977,1.0,0.004124
Baker,0.008583,0.001599,0.00155,2.3346,1.0,0.00362
Benton,0.007219,0.001345,0.001376,2.2657,1.0,0.003117
Clackamas,0.007335,0.001367,0.001485,2.4008,1.0,0.003565
Clatsop,0.00413,0.000769,0.000721,2.3235,1.2174,0.002039
Columbia,0.00826,0.001539,0.001795,2.4654,1.0,0.004427
Coos,0.008121,0.001513,0.001954,2.3197,1.0,0.004532
Crook,0.018286,0.003406,0.004344,2.5753,1.0,0.011186
Curry,0.002353,0.000438,0.000567,2.3488,1.0,0.001332
Deschutes,0.01708,0.003182,0.003242,2.5313,1.0,0.008208
Douglas,0.008758,0.001632,0.002127,2.4128,1.0,0.005131
Gilliam,0.00957,0.001783,0.002615,2.4157,1.0,0.006317
Grant,0.007024,0.001309,0.001945,2.3418,1.0,0.004554
Harney,0.006967,0.001298,0.001758,2.5603,1.0,0.004502
Hood River,0.008794,0.001638,0.001369,2.3947,1.0,0.003277
Jackson,0.008142,0.001517,0.001801,2.4413,1.0285,0.004523
Jefferson,0.021546,0.004014,0.004583,2.4982,1.0,0.011449
Josephine,0.011753,0.002189,0.002217,2.3757,1.3592,0.00716
Klamath,0.018028,0.003359,0.004133,2.6674,1.0,0.011023
Lake,0.00891,0.00166,0.002415,2.5646,1.0,0.006192
Lane,0.006017,0.001121,0.001238,2.312,1.0,0.002862
Lincoln,0.007653,0.001426,0.001521,2.3001,1.0,0.003499
Linn,0.01316,0.002452,0.003137,2.4038,1.0,0.00754
Malheur,0.01227,0.002286,0.003206,2.4758,1.0,0.007936
Marion,0.010386,0.001935,0.002082,2.5079,1.0433,0.005446
Morrow,0.008938,0.001665,0.001982,2.6545,1.0,0.005262
Multnomah,0.007123,0.001327,0.001175,2.3418,1.0403,0.002862
Polk,0.010051,0.001872,0.002137,2.4467,1.0,0.00523
Sherman,0.043813,0.008162,0.007303,2.7753,1.2,0.024323
Tillamook,0.011623,0.002165,0.001516,2.2877,1.6667,0.005782
Umatilla,0.007808,0.001455,0.001835,2.4758,1.0,0.004542
Union,0.006791,0.001265,0.001789,2.3821,1.0,0.004261
Wallowa,0.028389,0.005289,0.003191,2.6489,1.8333,0.015496
Wasco,0.016017,0.002984,0.002886,2.4933,1.1176,0.008042
Washington,0.00645,0.001202,0.001162,2.3488,1.031,0.002814
Wheeler,0.003136,0.000584,0.000751,2.3692,1.0,0.001779
Yamhill,0.009727,0.001812,0.002045,2.4884,1.0,0.005088
