Name,Estimated unvaccinated prevalence,Estimated vaccinated prevalence,Reported prevalence,Underreporting factor,Delay factor,Estimated prevalence
Entire state,0.005734,0.004668,0.002155,2.2646,1.0,0.004881
Addison,0.009868,0.008035,0.002719,2.2403,1.375,0.008376
Bennington,0.005591,0.004552,0.002143,2.2439,1.0,0.004808
Caledonia,0.00612,0.004983,0.0019,2.2987,1.2174,0.005318
Chittenden,0.005072,0.00413,0.001722,2.2253,1.1195,0.00429
Essex,0.004045,0.003294,0.00146,2.4751,1.0,0.003614
Franklin,0.004737,0.003856,0.001761,2.332,1.0,0.004107
Grand Isle,0.001868,0.001521,0.000691,2.2868,1.0,0.00158
Lamoille,0.002008,0.001635,0.000749,2.2743,1.0,0.001704
Orange,0.014318,0.011657,0.002665,2.3294,2.0,0.012416
Orleans,0.010813,0.008804,0.003181,2.2987,1.2879,0.009417
Rutland,0.005424,0.004416,0.002028,2.2898,1.0,0.004643
Washington,0.006587,0.005363,0.002448,2.2806,1.0,0.005583
Windham,0.001864,0.001518,0.000734,2.1871,1.0,0.001606
Windsor,0.004761,0.003876,0.001707,2.3294,1.0333,0.004109
