Name,Estimated unvaccinated prevalence,Estimated vaccinated prevalence,Reported prevalence,Underreporting factor,Delay factor,Estimated prevalence
Entire state,0.003762,0.003056,0.001009,3.3004,1.0,0.003329
Adams,0.001671,0.001358,0.00045,3.3004,1.0,0.001486
Asotin,0.01641,0.013331,0.004251,3.3004,1.0795,0.015147
Benton,0.00554,0.004501,0.001502,3.3004,1.0,0.004957
Chelan,0.003346,0.002718,0.000881,3.3004,1.0,0.002907
Clallam,0.002739,0.002225,0.000724,3.3004,1.0,0.00239
Clark,0.013774,0.011189,0.002912,3.3004,1.2609,0.01212
Columbia,0.009063,0.007362,0.001255,3.3004,2.0,0.008282
Cowlitz,0.00553,0.004492,0.001492,3.3004,1.0,0.004924
Douglas,0.002919,0.002372,0.000783,3.3004,1.0,0.002584
Ferry,0.004349,0.003533,0.00118,3.3004,1.0,0.003895
Franklin,0.009073,0.007371,0.001365,3.3004,1.8169,0.008187
Garfield,0.0032,0.002599,0.000899,3.3004,1.0,0.002967
Grant,0.002456,0.001995,0.000665,3.3004,1.0,0.002195
Grays Harbor,0.007299,0.005929,0.001359,3.3004,1.4429,0.006471
Island,0.002214,0.001798,0.000576,3.3004,1.0,0.001899
Jefferson,0.005276,0.004286,0.001303,3.3004,1.0513,0.004523
King,0.002691,0.002186,0.000692,3.3004,1.0,0.002285
Kitsap,0.002515,0.002043,0.000663,3.3004,1.0,0.002188
Kittitas,0.004133,0.003358,0.001127,3.3004,1.0,0.003718
Klickitat,0.002584,0.002099,0.000713,3.3004,1.0,0.002355
Lewis,0.003435,0.002791,0.000942,3.3004,1.0,0.003108
Lincoln,0.002367,0.001923,0.00064,3.3004,1.0,0.002112
Mason,0.003178,0.002582,0.000854,3.3004,1.0,0.002818
Okanogan,0.005987,0.004863,0.001586,3.3004,1.0,0.005235
Pacific,0.002144,0.001742,0.000579,3.3004,1.0,0.001909
Pend Oreille,0.002602,0.002114,0.000729,3.3004,1.0,0.002405
Pierce,0.003396,0.002759,0.000904,3.3004,1.0,0.002983
San Juan,0.008182,0.006647,0.001536,3.3004,1.3684,0.006936
Skagit,0.002452,0.001992,0.00065,3.3004,1.0,0.002146
Skamania,0.005741,0.004663,0.001076,3.3004,1.5,0.005326
Snohomish,0.002307,0.001874,0.000607,3.3004,1.0,0.002003
Spokane,0.006381,0.005184,0.001603,3.3004,1.069,0.005655
Stevens,0.004964,0.004033,0.001115,3.3004,1.25,0.004602
Thurston,0.002581,0.002097,0.000681,3.3004,1.0,0.002249
Wahkiakum,0.008093,0.006575,0.001114,3.3004,2.0,0.007354
Walla Walla,0.002156,0.001752,0.000576,3.3004,1.0,0.001901
Whatcom,0.003489,0.002835,0.000916,3.3004,1.0,0.003023
Whitman,0.002547,0.002069,0.000579,3.3004,1.2174,0.002326
Yakima,0.004595,0.003733,0.001232,3.3004,1.0,0.004065
