Name,Estimated unvaccinated prevalence,Estimated vaccinated prevalence,Reported prevalence,Underreporting factor,Delay factor,Estimated prevalence
Entire state,0.002527,0.002527,0.001035,2.3237,1.0507,0.002527
Adams,0.001397,0.001397,0.000601,2.327,1.0,0.001397
Asotin,0.001967,0.001967,0.000841,2.3381,1.0,0.001967
Benton,0.002028,0.002028,0.000861,2.3549,1.0,0.002028
Chelan,0.002654,0.002654,0.001114,2.3822,1.0,0.002654
Clallam,0.00168,0.00168,0.000737,2.2799,1.0,0.00168
Clark,0.001651,0.001651,0.000709,2.3302,1.0,0.001651
Columbia,0.002305,0.002305,0.001004,2.2964,1.0,0.002305
Cowlitz,0.001198,0.001198,0.000533,2.2456,1.0,0.001198
Douglas,0.002497,0.002497,0.000967,2.3931,1.0789,0.002497
Ferry,0.002684,0.002684,0.00118,2.2741,1.0,0.002684
Franklin,0.001843,0.001843,0.000777,2.3709,1.0,0.001843
Garfield,0.004177,0.004177,0.001798,2.3237,1.0,0.004177
Grant,0.002432,0.002432,0.001044,2.3302,1.0,0.002432
Grays Harbor,0.004917,0.004917,0.001639,2.3121,1.2979,0.004917
Island,0.002086,0.002086,0.000904,2.3069,1.0,0.002086
Jefferson,0.004597,0.004597,0.001552,2.3579,1.2564,0.004597
King,0.002911,0.002911,0.001151,2.3458,1.0782,0.002911
Kitsap,0.002679,0.002679,0.00102,2.3121,1.1358,0.002679
Kittitas,0.00178,0.00178,0.000793,2.2456,1.0,0.00178
Klickitat,0.001162,0.001162,0.000491,2.3695,1.0,0.001162
Lewis,0.004188,0.004188,0.001066,2.3121,1.7,0.004188
Lincoln,0.011408,0.011408,0.00256,2.4759,1.8,0.011408
Mason,0.002832,0.002832,0.001078,2.2562,1.1639,0.002832
Okanogan,0.00269,0.00269,0.001207,2.2277,1.0,0.00269
Pacific,0.004393,0.004393,0.001958,2.2435,1.0,0.004393
Pend Oreille,0.002985,0.002985,0.000729,2.2761,1.8,0.002985
Pierce,0.002705,0.002705,0.001003,2.3154,1.1643,0.002705
San Juan,0.001277,0.001277,0.000398,2.138,1.5,0.001277
Skagit,0.002415,0.002415,0.000975,2.2982,1.0776,0.002415
Skamania,0.000192,0.000192,8.3e-05,2.3253,1.0,0.000192
Snohomish,0.00246,0.00246,0.00104,2.3104,1.024,0.00246
Spokane,0.004466,0.004466,0.001586,2.3945,1.1761,0.004466
Stevens,0.003582,0.003582,0.0014,2.3154,1.1053,0.003582
Thurston,0.002183,0.002183,0.000802,2.2999,1.1837,0.002183
Wahkiakum,0.000591,0.000591,0.000223,2.6507,1.0,0.000591
Walla Walla,0.002472,0.002472,0.001086,2.2761,1.0,0.002472
Whatcom,0.001697,0.001697,0.000715,2.2999,1.0316,0.001697
Whitman,0.000952,0.000952,0.000419,2.2722,1.0,0.000952
Yakima,0.001712,0.001712,0.000745,2.2964,1.0,0.001712
