Name,Estimated unvaccinated prevalence,Estimated vaccinated prevalence,Reported prevalence,Underreporting factor,Delay factor,Estimated prevalence
Entire state,0.004638,0.000864,0.000792,2.4429,1.0,0.001936
Adams,0.003114,0.00058,0.000701,2.4604,1.0,0.001724
Asotin,0.003859,0.000719,0.001063,2.4529,1.0,0.002607
Benton,0.002754,0.000513,0.000636,2.4554,1.0,0.001562
Chelan,0.006735,0.001254,0.001256,2.4454,1.0,0.003073
Clallam,0.003494,0.000651,0.000621,2.6388,1.0,0.001638
Clark,0.004888,0.00091,0.000963,2.5718,1.0,0.002476
Columbia,0.00417,0.000776,0.001004,2.6136,1.0,0.002623
Cowlitz,0.004872,0.000907,0.001004,2.6441,1.0,0.002654
Douglas,0.007271,0.001354,0.001543,2.4795,1.0,0.003825
Ferry,0.002085,0.000388,0.000524,2.2769,1.0,0.001194
Franklin,0.002486,0.000463,0.000609,2.4795,1.0,0.00151
Garfield,0.003195,0.000595,0.000899,2.3887,1.0,0.002147
Grant,0.003765,0.000701,0.000839,2.5517,1.0,0.002141
Grays Harbor,0.00525,0.000978,0.001119,2.5638,1.0,0.002869
Island,0.004995,0.00093,0.00094,2.5757,1.0,0.00242
Jefferson,0.005555,0.001034,0.000869,2.5435,1.0,0.00221
King,0.002642,0.000492,0.000439,2.3457,1.0,0.001031
Kitsap,0.00348,0.000648,0.000659,2.5835,1.0,0.001703
Kittitas,0.003262,0.000607,0.000751,2.5158,1.0,0.001889
Klickitat,0.00493,0.000918,0.001115,2.7744,1.0,0.003093
Lewis,0.005221,0.000972,0.001189,2.6528,1.0,0.003155
Lincoln,0.002823,0.000526,0.000731,2.2769,1.0,0.001665
Mason,0.005116,0.000953,0.001123,2.4403,1.0,0.002741
Okanogan,0.004232,0.000788,0.000805,2.4865,1.0,0.002001
Pacific,0.002013,0.000375,0.000445,2.5698,1.0,0.001144
Pend Oreille,0.002529,0.000471,0.000656,2.6423,1.0,0.001733
Pierce,0.004522,0.000842,0.000892,2.6025,1.0,0.002321
San Juan,0.006276,0.001169,0.00091,2.5873,1.0,0.002355
Skagit,0.008338,0.001553,0.001532,2.6423,1.0,0.004049
Skamania,0.003541,0.000659,0.000745,2.9195,1.1429,0.002485
Snohomish,0.005521,0.001028,0.001029,2.5266,1.0,0.0026
Spokane,0.004898,0.000912,0.001002,2.6025,1.0,0.002608
Stevens,0.003498,0.000651,0.000962,2.5245,1.0,0.002429
Thurston,0.004831,0.0009,0.000912,2.6209,1.0,0.002391
Wahkiakum,0.000857,0.00016,0.000223,2.3553,1.0,0.000525
Walla Walla,0.00426,0.000793,0.000856,2.5287,1.0,0.002164
Whatcom,0.006573,0.001224,0.001178,2.507,1.0,0.002953
Whitman,0.002016,0.000375,0.000519,2.47,1.0,0.001282
Yakima,0.004604,0.000857,0.000977,2.4957,1.0,0.002437
