Name,Estimated unvaccinated prevalence,Estimated vaccinated prevalence,Reported prevalence,Underreporting factor,Delay factor,Estimated prevalence
Entire state,0.003026,0.002458,0.000816,3.2821,1.0,0.002678
Adams,0.002663,0.002163,0.00045,3.2821,1.6,0.002365
Asotin,0.003307,0.002686,0.00093,3.2821,1.0,0.003052
Benton,0.003591,0.002917,0.000979,3.2821,1.0,0.003212
Chelan,0.002644,0.002148,0.000699,3.2821,1.0,0.002296
Clallam,0.002141,0.001739,0.000569,3.2821,1.0,0.001867
Clark,0.005236,0.004253,0.001403,3.2821,1.0,0.004605
Columbia,0.001803,0.001464,0.000502,3.2821,1.0,0.001647
Cowlitz,0.005302,0.004307,0.001438,3.2821,1.0,0.004719
Douglas,0.001965,0.001596,0.00053,3.2821,1.0,0.001738
Ferry,0.002884,0.002343,0.000787,3.2821,1.0,0.002582
Franklin,0.009157,0.007438,0.00188,3.2821,1.3383,0.008257
Garfield,0.003182,0.002585,0.000899,3.2821,1.0,0.00295
Grant,0.001579,0.001283,0.00043,3.2821,1.0,0.00141
Grays Harbor,0.001283,0.001042,0.000346,3.2821,1.0,0.001137
Island,0.003614,0.002935,0.000787,3.2821,1.2,0.003099
Jefferson,0.000713,0.000579,0.000186,3.2821,1.0,0.000611
King,0.002777,0.002256,0.000718,3.2821,1.0,0.002357
Kitsap,0.001529,0.001242,0.000405,3.2821,1.0,0.00133
Kittitas,0.004808,0.003905,0.001085,3.2821,1.2143,0.004323
Klickitat,0.005189,0.004215,0.000936,3.2821,1.5385,0.004728
Lewis,0.004441,0.003607,0.000991,3.2821,1.2344,0.004016
Lincoln,0.002691,0.002186,0.000731,3.2821,1.0,0.0024
Mason,0.007797,0.006334,0.001288,3.2821,1.6346,0.00691
Okanogan,0.010496,0.008526,0.001775,3.2821,1.5745,0.009175
Pacific,0.003284,0.002668,0.000712,3.2821,1.25,0.002921
Pend Oreille,0.001553,0.001262,0.000437,3.2821,1.0,0.001435
Pierce,0.003573,0.002903,0.000956,3.2821,1.0,0.003137
San Juan,0.002203,0.001789,0.000569,3.2821,1.0,0.001867
Skagit,0.001597,0.001297,0.000426,3.2821,1.0,0.001397
Skamania,0.003221,0.002616,0.00091,3.2821,1.0,0.002988
Snohomish,0.002318,0.001883,0.000613,3.2821,1.0,0.002012
Spokane,0.003338,0.002711,0.000901,3.2821,1.0,0.002957
Stevens,0.003253,0.002643,0.000919,3.2821,1.0,0.003015
Thurston,0.001829,0.001486,0.000485,3.2821,1.0,0.001593
Wahkiakum,0.005367,0.00436,0.001114,3.2821,1.3333,0.004875
Walla Walla,0.001593,0.001294,0.000428,3.2821,1.0,0.001404
Whatcom,0.003058,0.002484,0.000807,3.2821,1.0,0.002649
Whitman,0.001292,0.001049,0.000359,3.2821,1.0,0.001179
Yakima,0.004974,0.00404,0.001236,3.2821,1.0842,0.004397
