Name,Estimated unvaccinated prevalence,Estimated vaccinated prevalence,Reported prevalence,Underreporting factor,Delay factor,Estimated prevalence
Entire state,0.000775,0.000775,0.000344,2.253,1.0,0.000775
Adams,0.000225,0.000225,0.0001,2.253,1.0,0.000225
Asotin,0.002544,0.002544,0.000797,2.253,1.4167,0.002544
Benton,0.000507,0.000507,0.000225,2.253,1.0,0.000507
Chelan,0.000876,0.000876,0.000389,2.253,1.0,0.000876
Clallam,0.001253,0.001253,0.000556,2.253,1.0,0.001253
Clark,0.000734,0.000734,0.000326,2.253,1.0,0.000734
Columbia,0.000565,0.000565,0.000251,2.253,1.0,0.000565
Cowlitz,0.000367,0.000367,0.000163,2.253,1.0,0.000367
Douglas,0.000778,0.000778,0.000345,2.253,1.0,0.000778
Ferry,0.002363,0.002363,0.001049,2.253,1.0,0.002363
Franklin,0.000497,0.000497,0.000221,2.253,1.0,0.000497
Garfield,0.002025,0.002025,0.000899,2.253,1.0,0.002025
Grant,0.000576,0.000576,0.000256,2.253,1.0,0.000576
Grays Harbor,0.001021,0.001021,0.000453,2.253,1.0,0.001021
Island,0.000529,0.000529,0.000235,2.253,1.0,0.000529
Jefferson,0.002019,0.002019,0.000683,2.253,1.3125,0.002019
King,0.000815,0.000815,0.000362,2.253,1.0,0.000815
Kitsap,0.000681,0.000681,0.000302,2.253,1.0,0.000681
Kittitas,0.000376,0.000376,0.000167,2.253,1.0,0.000376
Klickitat,0.002411,0.002411,0.000535,2.253,2.0,0.002411
Lewis,0.000475,0.000475,0.000211,2.253,1.0,0.000475
Lincoln,0.000618,0.000618,0.000274,2.253,1.0,0.000618
Mason,0.000641,0.000641,0.000285,2.253,1.0,0.000641
Okanogan,0.000853,0.000853,0.000379,2.253,1.0,0.000853
Pacific,0.0001,0.0001,4.5e-05,2.253,1.0,0.0001
Pend Oreille,0.001532,0.001532,0.000583,2.253,1.1667,0.001532
Pierce,0.001051,0.001051,0.000466,2.253,1.0,0.001051
San Juan,0.000641,0.000641,0.000284,2.253,1.0,0.000641
Skagit,0.000837,0.000837,0.000372,2.253,1.0,0.000837
Skamania,0.000746,0.000746,0.000331,2.253,1.0,0.000746
Snohomish,0.000847,0.000847,0.000376,2.253,1.0,0.000847
Spokane,0.001017,0.001017,0.000451,2.253,1.0,0.001017
Stevens,0.000788,0.000788,0.00035,2.253,1.0,0.000788
Thurston,0.000969,0.000969,0.00043,2.253,1.0,0.000969
Wahkiakum,0.001004,0.001004,0.000446,2.253,1.0,0.001004
Walla Walla,0.000445,0.000445,0.000197,2.253,1.0,0.000445
Whatcom,0.000796,0.000796,0.000353,2.253,1.0,0.000796
Whitman,0.000809,0.000809,0.00018,2.253,2.0,0.000809
Yakima,0.000368,0.000368,0.000163,2.253,1.0,0.000368
