Name,Estimated unvaccinated prevalence,Estimated vaccinated prevalence,Reported prevalence,Underreporting factor,Delay factor,Estimated prevalence
Entire state,0.001756,0.001756,0.000744,2.2718,1.0383,0.001756
Adams,0.000855,0.000855,0.0002,2.1368,2.0,0.000855
Asotin,0.002266,0.002266,0.000886,2.5581,1.0,0.002266
Benton,0.001333,0.001333,0.000597,2.2329,1.0,0.001333
Chelan,0.001348,0.001348,0.000609,2.2141,1.0,0.001348
Clallam,0.003033,0.003033,0.001047,2.2803,1.2698,0.003033
Clark,0.001805,0.001805,0.000774,2.3308,1.0,0.001805
Columbia,0.005701,0.005701,0.001255,2.2718,2.0,0.005701
Cowlitz,0.003235,0.003235,0.000787,2.3433,1.7551,0.003235
Douglas,0.001217,0.001217,0.000553,2.2029,1.0,0.001217
Ferry,0.001502,0.001502,0.000656,2.2917,1.0,0.001502
Franklin,0.000944,0.000944,0.00042,2.2466,1.0,0.000944
Garfield,0.002042,0.002042,0.000899,2.2718,1.0,0.002042
Grant,0.002484,0.002484,0.000788,2.282,1.3818,0.002484
Grays Harbor,0.00131,0.00131,0.000573,2.2869,1.0,0.00131
Island,0.001444,0.001444,0.000611,2.3178,1.02,0.001444
Jefferson,0.005103,0.005103,0.001397,2.3251,1.5714,0.005103
King,0.001796,0.001796,0.000752,2.2869,1.0451,0.001796
Kitsap,0.001363,0.001363,0.000597,2.2836,1.0,0.001363
Kittitas,0.000278,0.000278,0.000125,2.2247,1.0,0.000278
Klickitat,0.00092,0.00092,0.000401,2.2917,1.0,0.00092
Lewis,0.001175,0.001175,0.00052,2.2577,1.0,0.001175
Lincoln,0.001075,0.001075,0.000457,2.3514,1.0,0.001075
Mason,0.001421,0.001421,0.000629,2.2595,1.0,0.001421
Okanogan,0.000476,0.000476,0.000213,2.2329,1.0,0.000476
Pacific,0.001404,0.001404,0.000401,2.191,1.6,0.001404
Pend Oreille,0.001673,0.001673,0.000729,2.2965,1.0,0.001673
Pierce,0.002328,0.002328,0.000881,2.2447,1.1775,0.002328
San Juan,0.000985,0.000985,0.000455,2.1647,1.0,0.000985
Skagit,0.002467,0.002467,0.001053,2.3089,1.015,0.002467
Skamania,0.000751,0.000751,0.000331,2.2684,1.0,0.000751
Snohomish,0.002031,0.002031,0.000849,2.282,1.0481,0.002031
Spokane,0.002433,0.002433,0.000945,2.2769,1.1307,0.002433
Stevens,0.001268,0.001268,0.000547,2.2226,1.0435,0.001268
Thurston,0.001374,0.001374,0.000613,2.2427,1.0,0.001374
Wahkiakum,0.002553,0.002553,0.001114,2.2917,1.0,0.002553
Walla Walla,0.001251,0.001251,0.00056,2.2349,1.0,0.001251
Whatcom,0.002097,0.002097,0.000781,2.354,1.141,0.002097
Whitman,0.000735,0.000735,0.000259,2.3619,1.2,0.000735
Yakima,0.000923,0.000923,0.000411,2.2485,1.0,0.000923
