Name,Estimated unvaccinated prevalence,Estimated vaccinated prevalence,Reported prevalence,Underreporting factor,Delay factor,Estimated prevalence
Entire state,0.002195,0.001786,0.000655,2.2947,1.3217,0.001986
Albany,0.004915,0.003999,0.000977,2.4319,1.85,0.004397
Big Horn,0.002123,0.001727,0.000509,2.318,1.6667,0.001966
Campbell,0.001256,0.001022,0.00041,2.4047,1.2,0.001183
Carbon,0.001097,0.000892,0.000338,2.2232,1.3333,0.001001
Converse,0.00071,0.000577,0.000289,2.2947,1.0,0.000664
Crook,0.000649,0.000528,0.000264,2.318,1.0,0.000611
Fremont,0.004745,0.00386,0.000968,2.2101,2.0,0.004278
Goshen,0.000572,0.000466,0.000227,2.3311,1.0,0.000529
Hot Springs,0.003554,0.002892,0.000906,2.3717,1.5,0.003225
Johnson,0.001199,0.000975,0.000474,2.3246,1.0,0.001101
Laramie,0.002568,0.002089,0.000915,2.3157,1.0843,0.002297
Lincoln,0.002392,0.001946,0.000504,2.177,2.0,0.002196
Natrona,0.001821,0.001482,0.000538,2.2067,1.4,0.001663
Niobrara,0.007996,0.006505,0.003396,2.2168,1.0,0.007527
Park,0.002618,0.00213,0.000719,2.3268,1.4286,0.002391
Platte,0.001762,0.001434,0.000715,2.2747,1.0,0.001626
Sheridan,0.000925,0.000752,0.000361,2.3089,1.0,0.000833
Sublette,0.000484,0.000394,0.000203,2.2135,1.0,0.00045
Sweetwater,0.003874,0.003151,0.000756,2.3224,2.0,0.00351
Teton,0.007896,0.006424,0.001833,2.3202,1.5556,0.006614
Uinta,0.000626,0.000509,0.000247,2.2874,1.0,0.000565
Washakie,0.00314,0.002555,0.000641,2.2503,2.0,0.002883
Weston,0.000352,0.000287,0.000144,2.2668,1.0,0.000327
