Name,Estimated unvaccinated prevalence,Estimated vaccinated prevalence,Reported prevalence,Underreporting factor,Delay factor,Estimated prevalence
Entire state,0.022647,0.004228,0.002921,3.6978,1.0,0.010801
Adams,0.024787,0.004627,0.004204,3.6978,1.0,0.015544
Asotin,0.021158,0.00395,0.004074,3.6978,1.0,0.015065
Benton,0.033786,0.006307,0.005382,3.6978,1.0,0.019901
Chelan,0.034573,0.006454,0.004741,3.6978,1.0,0.017531
Clallam,0.037531,0.007007,0.005056,3.6978,1.0,0.018697
Clark,0.017558,0.003278,0.002538,3.6978,1.0,0.009384
Columbia,0.026545,0.004956,0.004768,3.6978,1.0,0.017631
Cowlitz,0.032167,0.006005,0.004946,3.6978,1.0,0.01829
Douglas,0.039865,0.007442,0.005641,3.6978,1.0991,0.022928
Ferry,0.019899,0.003715,0.003278,3.6978,1.0,0.012121
Franklin,0.040168,0.007499,0.007089,3.6978,1.0,0.026213
Garfield,0.015966,0.002981,0.003146,3.6978,1.0,0.011634
Grant,0.031791,0.005935,0.00531,3.6978,1.0,0.019637
Grays Harbor,0.029791,0.005562,0.004623,3.6978,1.0,0.017095
Island,0.009625,0.001797,0.001339,3.6978,1.0,0.004951
Jefferson,0.030871,0.005763,0.002855,3.6978,1.2466,0.013162
King,0.014864,0.002775,0.001662,3.6978,1.0,0.006146
Kitsap,0.020039,0.003741,0.002858,3.6978,1.0,0.01057
Kittitas,0.012178,0.002274,0.001982,3.6978,1.0,0.007328
Klickitat,0.020605,0.003847,0.003612,3.6978,1.0,0.013357
Lewis,0.04314,0.008054,0.006307,3.6978,1.1598,0.027048
Lincoln,0.082212,0.015348,0.007679,3.6978,1.8444,0.052373
Mason,0.023958,0.004473,0.00361,3.6978,1.0345,0.013807
Okanogan,0.041084,0.00767,0.005658,3.6978,1.0,0.020921
Pacific,0.018218,0.003401,0.002937,3.6978,1.0,0.010861
Pend Oreille,0.026278,0.004906,0.005101,3.6978,1.0,0.018861
Pierce,0.022384,0.004179,0.003264,3.6978,1.0,0.01207
San Juan,0.00845,0.001578,0.00091,3.6978,1.0,0.003365
Skagit,0.021934,0.004095,0.00298,3.6978,1.0267,0.011313
Skamania,0.018265,0.00341,0.002731,3.6978,1.28,0.012927
Snohomish,0.01714,0.0032,0.002247,3.6978,1.0,0.008308
Spokane,0.030993,0.005786,0.004455,3.6978,1.052,0.017329
Stevens,0.038631,0.007212,0.006255,3.6978,1.2076,0.027932
Thurston,0.01623,0.00303,0.00232,3.6978,1.0,0.008578
Wahkiakum,0.018104,0.00338,0.001783,3.6978,1.75,0.011535
Walla Walla,0.029418,0.005492,0.004263,3.6978,1.0198,0.016074
Whatcom,0.01897,0.003542,0.002255,3.6978,1.0,0.008339
Whitman,0.01499,0.002799,0.002654,3.6978,1.0,0.009816
Yakima,0.027654,0.005163,0.004273,3.6978,1.0,0.015801
