Name,Estimated unvaccinated prevalence,Estimated vaccinated prevalence,Reported prevalence,Underreporting factor,Delay factor,Estimated prevalence
Entire state,0.016544,0.003076,0.001738,2.4467,1.4501,0.006165
Adams,0.003544,0.000659,0.000751,2.5442,1.0,0.00191
Asotin,0.006489,0.001207,0.00155,2.7898,1.0,0.004324
Benton,0.003376,0.000628,0.000739,2.5225,1.0,0.001864
Chelan,0.005969,0.00111,0.00114,2.297,1.0,0.002618
Clallam,0.019778,0.003677,0.002263,2.7614,1.438,0.008986
Clark,0.01135,0.00211,0.001665,2.6217,1.2727,0.005556
Columbia,0.01677,0.003118,0.00276,2.6481,1.4286,0.010443
Cowlitz,0.010731,0.001995,0.001872,2.6562,1.1508,0.005722
Douglas,0.004412,0.00082,0.000944,2.3942,1.0,0.00226
Ferry,0.007242,0.001347,0.001836,2.2245,1.0,0.004083
Franklin,0.002442,0.000454,0.000609,2.3723,1.0,0.001445
Garfield,0.01298,0.002413,0.001798,2.4022,2.0,0.008637
Grant,0.005133,0.000954,0.001146,2.485,1.0,0.002848
Grays Harbor,0.00998,0.001856,0.002118,2.5144,1.0,0.005326
Island,0.005966,0.001109,0.001045,2.3916,1.1139,0.002785
Jefferson,0.005708,0.001061,0.000962,2.275,1.0,0.002189
King,0.029844,0.005549,0.002199,2.4396,2.0,0.01073
Kitsap,0.008435,0.001568,0.001201,2.6045,1.2597,0.00394
Kittitas,0.00504,0.000937,0.001064,2.5265,1.0638,0.00286
Klickitat,0.001923,0.000358,0.000491,2.4225,1.0,0.001188
Lewis,0.007882,0.001466,0.001846,2.5325,1.0,0.004675
Lincoln,0.001944,0.000362,0.000457,2.4629,1.0,0.001126
Mason,0.012746,0.00237,0.001962,2.352,1.4444,0.006666
Okanogan,0.005266,0.000979,0.000805,2.3638,1.2692,0.002415
Pacific,0.005604,0.001042,0.001202,2.5779,1.0,0.003097
Pend Oreille,0.003291,0.000612,0.000874,2.5519,1.0,0.002231
Pierce,0.016565,0.00308,0.002242,2.5993,1.4054,0.00819
San Juan,0.005335,0.000992,0.000739,2.548,1.0,0.001884
Skagit,0.015705,0.00292,0.001935,2.4606,1.5466,0.007363
Skamania,0.012742,0.002369,0.001738,2.7938,1.8182,0.008828
Snohomish,0.013217,0.002458,0.001714,2.4957,1.3858,0.005928
Spokane,0.004515,0.00084,0.00096,2.4299,1.0,0.002333
Stevens,0.005158,0.000959,0.001378,2.5669,1.0,0.003537
Thurston,0.019687,0.003661,0.002199,2.5869,1.6401,0.009332
Wahkiakum,0.00166,0.000309,0.000446,2.2552,1.0,0.001005
Walla Walla,0.002966,0.000551,0.000609,2.3862,1.0,0.001453
Whatcom,0.009165,0.001704,0.00157,2.3942,1.0466,0.003935
Whitman,0.002187,0.000407,0.000559,2.42,1.0,0.001352
Yakima,0.003941,0.000733,0.000817,2.4718,1.0,0.00202
