Name,Estimated unvaccinated prevalence,Estimated vaccinated prevalence,Reported prevalence,Underreporting factor,Delay factor,Estimated prevalence
Entire state,0.004261,0.003468,0.001593,2.2683,1.0,0.003613
Addison,0.002545,0.002072,0.000979,2.2019,1.0,0.002155
Bennington,0.006744,0.005489,0.002509,2.3062,1.0,0.005787
Caledonia,0.002259,0.001839,0.000867,2.2553,1.0,0.001955
Chittenden,0.003961,0.003224,0.001453,2.2949,1.0,0.003335
Essex,0.004133,0.003364,0.001623,2.2758,1.0,0.003693
Franklin,0.00213,0.001734,0.00081,2.2758,1.0,0.001843
Grand Isle,0.003121,0.002541,0.001106,2.3722,1.0,0.002623
Lamoille,0.002533,0.002062,0.000946,2.2658,1.0,0.002144
Orange,0.003499,0.002848,0.001315,2.3017,1.0,0.003027
Orleans,0.005993,0.004878,0.002293,2.2708,1.0,0.005207
Rutland,0.005014,0.004081,0.00189,2.2658,1.0,0.004283
Washington,0.004142,0.003372,0.001575,2.2242,1.0,0.003503
Windham,0.004705,0.003829,0.0018,2.2417,1.0,0.004035
Windsor,0.004513,0.003673,0.001671,2.3213,1.0,0.003879
