Name,Estimated unvaccinated prevalence,Estimated vaccinated prevalence,Reported prevalence,Underreporting factor,Delay factor,Estimated prevalence
Entire state,0.013994,0.002639,0.002346,2.2741,1.0,0.005335
Addison,0.008555,0.001614,0.001033,2.2181,1.48,0.003392
Bennington,0.029941,0.005647,0.003975,2.3243,1.4141,0.013066
Caledonia,0.019364,0.003652,0.003167,2.3204,1.2533,0.009212
Chittenden,0.009656,0.001821,0.001667,2.24,1.0,0.003734
Essex,0.040059,0.007556,0.00649,2.6025,1.3448,0.022716
Franklin,0.008894,0.001678,0.001862,2.2786,1.0,0.004243
Grand Isle,0.009572,0.001805,0.001659,2.1872,1.0,0.003628
Lamoille,0.013724,0.002588,0.002366,2.3394,1.0,0.005534
Orange,0.019126,0.003607,0.002977,2.394,1.25,0.008907
Orleans,0.035871,0.006766,0.006879,2.5176,1.0,0.01732
Rutland,0.011353,0.002141,0.002097,2.283,1.0,0.004787
Washington,0.009521,0.001796,0.001695,2.2451,1.0,0.003805
Windham,0.016399,0.003093,0.002629,2.2695,1.2222,0.007292
Windsor,0.011319,0.002135,0.002179,2.3084,1.0,0.005031
