Name,Estimated unvaccinated prevalence,Estimated vaccinated prevalence,Reported prevalence,Underreporting factor,Delay factor,Estimated prevalence
Entire state,0.002258,0.001837,0.000895,2.2845,1.0,0.002045
Albany,0.002082,0.001694,0.000797,2.3397,1.0,0.001865
Big Horn,0.001516,0.001234,0.000679,2.0719,1.0,0.001406
Campbell,0.001234,0.001004,0.000496,2.3447,1.0,0.001164
Carbon,0.00331,0.002693,0.001351,2.242,1.0,0.00303
Converse,0.00066,0.000537,0.000289,2.1376,1.0,0.000619
Crook,0.004955,0.004031,0.001055,2.2156,2.0,0.004674
Fremont,0.004369,0.003554,0.001681,2.305,1.0,0.003875
Goshen,0.004632,0.003769,0.001892,2.2657,1.0,0.004288
Hot Springs,0.00322,0.002619,0.00136,2.1496,1.0,0.002923
Johnson,0.001797,0.001462,0.000474,2.3268,1.5,0.001653
Laramie,0.002628,0.002138,0.001015,2.3215,1.0,0.002356
Lincoln,0.000968,0.000788,0.000403,2.2075,1.0,0.000891
Natrona,0.001656,0.001347,0.000689,2.199,1.0,0.001515
Niobrara,0.00592,0.004816,0.002547,2.1902,1.0,0.005578
Park,0.002004,0.001631,0.000891,2.0587,1.0,0.001833
Platte,0.002167,0.001763,0.000834,2.4002,1.0,0.002002
Sheridan,0.001171,0.000953,0.000459,2.3021,1.0,0.001057
Sublette,0.003642,0.002963,0.000712,2.3826,2.0,0.003393
Sweetwater,0.001581,0.001287,0.000614,2.3397,1.0,0.001437
Teton,0.006252,0.005087,0.002259,2.3188,1.0,0.005238
Uinta,0.001486,0.001209,0.000593,2.2689,1.0,0.001346
Washakie,0.002524,0.002053,0.001025,2.2625,1.0,0.002319
Weston,0.015284,0.012435,0.003176,2.2384,2.0,0.014218
