Name,Estimated unvaccinated prevalence,Estimated vaccinated prevalence,Reported prevalence,Underreporting factor,Delay factor,Estimated prevalence
Entire state,0.022513,0.004215,0.005619,2.5538,1.0,0.01435
Albany,0.016509,0.003091,0.003729,2.5731,1.0435,0.010013
Big Horn,0.034343,0.00643,0.009754,2.594,1.0,0.025302
Campbell,0.025165,0.004712,0.007207,2.7815,1.0,0.020047
Carbon,0.016355,0.003062,0.004392,2.5051,1.0,0.011002
Converse,0.021067,0.003944,0.00615,2.623,1.0,0.01613
Crook,0.020529,0.003844,0.005802,2.8037,1.0,0.016266
Fremont,0.04006,0.0075,0.00894,2.521,1.0,0.022538
Goshen,0.019294,0.003612,0.005601,2.4859,1.0,0.013925
Hot Springs,0.016931,0.00317,0.004532,2.439,1.0,0.011054
Johnson,0.009694,0.001815,0.002842,2.3572,1.0,0.006699
Laramie,0.011146,0.002087,0.002804,2.4359,1.0,0.00683
Lincoln,0.022462,0.004206,0.006152,2.612,1.0,0.01607
Natrona,0.023889,0.004473,0.006399,2.5562,1.0,0.016357
Niobrara,0.015808,0.00296,0.005093,2.4482,1.0,0.012469
Park,0.029783,0.005576,0.00733,2.7086,1.0,0.019855
Platte,0.067899,0.012713,0.008102,2.9677,2.0,0.048088
Sheridan,0.018519,0.003467,0.004855,2.42,1.0,0.011749
Sublette,0.035515,0.006649,0.008443,2.8887,1.1081,0.027025
Sweetwater,0.023381,0.004378,0.005644,2.8254,1.0,0.015947
Teton,0.022392,0.004192,0.003069,2.4296,1.0,0.007455
Uinta,0.024686,0.004622,0.005636,2.6793,1.0865,0.016408
Washakie,0.083553,0.015644,0.015503,2.5051,1.519,0.058992
Weston,0.024501,0.004587,0.004908,2.5825,1.4348,0.018187
