Name,Estimated unvaccinated prevalence,Estimated vaccinated prevalence,Reported prevalence,Underreporting factor,Delay factor,Estimated prevalence
Entire state,0.022699,0.004286,0.003832,2.3275,1.0,0.008918
Addison,0.028942,0.005465,0.003644,2.3342,1.2788,0.010877
Bennington,0.057332,0.010826,0.008712,2.3569,1.1579,0.023774
Caledonia,0.027824,0.005254,0.005335,2.4039,1.0,0.012824
Chittenden,0.014359,0.002711,0.002302,2.2796,1.0,0.005248
Essex,0.026737,0.005049,0.005841,2.5389,1.0,0.014831
Franklin,0.017569,0.003318,0.003441,2.3342,1.0,0.008032
Grand Isle,0.020864,0.00394,0.003179,2.3811,1.0,0.007569
Lamoille,0.02919,0.005512,0.003864,2.3506,1.2278,0.011152
Orange,0.013103,0.002474,0.002527,2.3241,1.0,0.005872
Orleans,0.016446,0.003105,0.003292,2.3309,1.0,0.007673
Rutland,0.042094,0.007949,0.006788,2.4066,1.0368,0.016938
Washington,0.014663,0.002769,0.002397,2.2545,1.0,0.005404
Windham,0.014934,0.00282,0.002747,2.2875,1.0,0.006285
Windsor,0.029692,0.005607,0.005249,2.3926,1.0,0.012558
