Name,Estimated unvaccinated prevalence,Estimated vaccinated prevalence,Reported prevalence,Underreporting factor,Delay factor,Estimated prevalence
Entire state,0.011332,0.009205,0.002482,2.4229,1.6783,0.010094
Adams,0.001724,0.0014,0.00035,2.1814,2.0,0.001528
Asotin,0.004425,0.003594,0.000841,2.4229,2.0,0.004077
Benton,0.00456,0.003704,0.000905,2.3232,1.9368,0.004073
Chelan,0.007431,0.006036,0.001839,2.2856,1.5326,0.006443
Clallam,0.017959,0.014588,0.003259,2.4003,2.0,0.015644
Clark,0.009452,0.007678,0.001979,2.4074,1.7419,0.008297
Columbia,0.001247,0.001013,0.000502,2.2675,1.0,0.001138
Cowlitz,0.007254,0.005893,0.001402,2.3002,2.0,0.006448
Douglas,0.010058,0.00817,0.001911,2.3254,2.0,0.008888
Ferry,0.00332,0.002697,0.000656,2.2621,2.0,0.002966
Franklin,0.001373,0.001115,0.000557,2.2206,1.0,0.001236
Garfield,0.002611,0.002121,0.000899,2.6903,1.0,0.002418
Grant,0.00297,0.002413,0.001013,2.2422,1.1667,0.00265
Grays Harbor,0.004108,0.003337,0.001519,2.3931,1.0,0.003635
Island,0.006469,0.005255,0.001914,2.428,1.1912,0.005537
Jefferson,0.008453,0.006866,0.002545,2.4555,1.1571,0.007231
King,0.016294,0.013235,0.003638,2.4539,1.5466,0.013806
Kitsap,0.008018,0.006513,0.002221,2.4144,1.2974,0.006958
Kittitas,0.004549,0.003695,0.000897,2.278,2.0,0.004087
Klickitat,0.011772,0.009562,0.002363,2.2675,2.0,0.010718
Lewis,0.004757,0.003864,0.001289,2.2978,1.4507,0.004296
Lincoln,0.00583,0.004736,0.001188,2.1853,2.0,0.005194
Mason,0.009185,0.007461,0.001902,2.4411,1.75,0.008126
Okanogan,0.000648,0.000527,0.00026,2.1733,1.0,0.000566
Pacific,0.003611,0.002933,0.001024,2.278,1.375,0.003206
Pend Oreille,0.000342,0.000278,0.000146,2.1649,1.0,0.000315
Pierce,0.014005,0.011376,0.002554,2.4109,1.9931,0.012271
San Juan,0.019441,0.015791,0.0062,2.3569,1.125,0.016438
Skagit,0.005907,0.004798,0.00154,2.3002,1.4559,0.005158
Skamania,0.003556,0.002888,0.001076,2.2978,1.3333,0.003296
Snohomish,0.014433,0.011724,0.003,2.4395,1.7094,0.012509
Spokane,0.006566,0.005334,0.001335,2.321,1.8737,0.005806
Stevens,0.002252,0.001829,0.000919,2.2701,1.0,0.002085
Thurston,0.010486,0.008518,0.00244,2.4161,1.5459,0.009114
Wahkiakum,0.000569,0.000462,0.000223,2.3187,1.0,0.000517
Walla Walla,0.007915,0.006429,0.002288,2.2509,1.3529,0.006967
Whatcom,0.008778,0.007131,0.00219,2.4212,1.4314,0.007589
Whitman,0.002125,0.001726,0.000818,2.3667,1.0,0.001937
Yakima,0.002156,0.001751,0.000626,2.2206,1.3684,0.001902
