Name,Estimated unvaccinated prevalence,Estimated vaccinated prevalence,Reported prevalence,Underreporting factor,Delay factor,Estimated prevalence
Entire state,0.001599,0.001599,0.0007,2.2828,1.0,0.001599
Addison,0.001261,0.001261,0.000571,2.2089,1.0,0.001261
Bennington,0.002314,0.002314,0.001015,2.2796,1.0,0.002314
Caledonia,0.000642,0.000642,0.000267,2.4078,1.0,0.000642
Chittenden,0.000997,0.000997,0.00044,2.2679,1.0,0.000997
Essex,0.002593,0.002593,0.001136,2.2828,1.0,0.002593
Franklin,0.001399,0.001399,0.000628,2.2296,1.0,0.001399
Grand Isle,0.003851,0.003851,0.000829,2.3219,2.0,0.003851
Lamoille,0.004729,0.004729,0.000907,2.6074,2.0,0.004729
Orange,0.00135,0.00135,0.000588,2.2938,1.0,0.00135
Orleans,0.000809,0.000809,0.000333,2.4316,1.0,0.000809
Rutland,0.003653,0.003653,0.001272,2.3219,1.2373,0.003653
Washington,0.001536,0.001536,0.000599,2.1858,1.1724,0.001536
Windham,0.002873,0.002873,0.001184,2.2779,1.0652,0.002873
Windsor,0.001331,0.001331,0.000581,2.2907,1.0,0.001331
