Name,Estimated unvaccinated prevalence,Estimated vaccinated prevalence,Reported prevalence,Underreporting factor,Delay factor,Estimated prevalence
Entire state,0.022775,0.004266,0.00573,2.569,1.0,0.014719
Albany,0.019581,0.003668,0.003524,2.4949,1.36,0.011956
Big Horn,0.024208,0.004534,0.006022,2.7834,1.0769,0.018051
Campbell,0.036455,0.006828,0.007488,3.0585,1.2815,0.029349
Carbon,0.018794,0.00352,0.004932,2.5836,1.0,0.012744
Converse,0.029654,0.005554,0.008392,2.7236,1.0,0.022858
Crook,0.025763,0.004826,0.006725,3.0598,1.0,0.020576
Fremont,0.034171,0.0064,0.007845,2.5061,1.0,0.019661
Goshen,0.017075,0.003198,0.004769,2.6119,1.0,0.012456
Hot Springs,0.052105,0.00976,0.012463,2.6669,1.0385,0.034517
Johnson,0.020645,0.003867,0.004026,2.3826,1.5,0.014389
Laramie,0.011516,0.002157,0.002905,2.4595,1.0,0.007144
Lincoln,0.043189,0.00809,0.008321,2.5463,1.4775,0.031303
Natrona,0.024241,0.00454,0.006549,2.559,1.0,0.016759
Niobrara,0.03511,0.006577,0.010187,2.3714,1.15,0.027781
Park,0.030155,0.005648,0.006988,2.7906,1.041,0.0203
Platte,0.014767,0.002766,0.004051,2.6096,1.0,0.010571
Sheridan,0.021479,0.004023,0.005445,2.5279,1.0,0.013765
Sublette,0.039447,0.007389,0.005493,2.7466,2.0,0.030173
Sweetwater,0.026773,0.005015,0.006802,2.7236,1.0,0.018525
Teton,0.050408,0.009442,0.005668,2.4949,1.211,0.017126
Uinta,0.02244,0.004203,0.006081,2.492,1.0,0.015155
Washakie,0.032054,0.006004,0.006919,2.4892,1.325,0.022819
Weston,0.01318,0.002469,0.003753,2.6278,1.0,0.009863
