Name,Estimated unvaccinated prevalence,Estimated vaccinated prevalence,Reported prevalence,Underreporting factor,Delay factor,Estimated prevalence
Entire state,0.001595,0.001595,0.0007,2.2777,1.0,0.001595
Addison,0.001261,0.001261,0.000571,2.2087,1.0,0.001261
Bennington,0.002313,0.002313,0.001015,2.2793,1.0,0.002313
Caledonia,0.000642,0.000642,0.000267,2.4074,1.0,0.000642
Chittenden,0.000997,0.000997,0.00044,2.2677,1.0,0.000997
Essex,0.002587,0.002587,0.001136,2.2777,1.0,0.002587
Franklin,0.001399,0.001399,0.000628,2.2294,1.0,0.001399
Grand Isle,0.003851,0.003851,0.000829,2.3216,2.0,0.003851
Lamoille,0.004728,0.004728,0.000907,2.6068,2.0,0.004728
Orange,0.00135,0.00135,0.000588,2.2935,1.0,0.00135
Orleans,0.000809,0.000809,0.000333,2.4312,1.0,0.000809
Rutland,0.003653,0.003653,0.001272,2.3216,1.2373,0.003653
Washington,0.001536,0.001536,0.000599,2.1857,1.1724,0.001536
Windham,0.002873,0.002873,0.001184,2.2777,1.0652,0.002873
Windsor,0.001331,0.001331,0.000581,2.2904,1.0,0.001331
