Name,Estimated unvaccinated prevalence,Estimated vaccinated prevalence,Reported prevalence,Underreporting factor,Delay factor,Estimated prevalence
Entire state,0.002517,0.002517,0.001018,2.3646,1.0462,0.002517
Addison,0.00245,0.00245,0.000761,2.3837,1.35,0.00245
Bennington,0.00446,0.00446,0.001833,2.3955,1.0159,0.00446
Caledonia,0.001577,0.001577,0.000667,2.3646,1.0,0.001577
Chittenden,0.001811,0.001811,0.000727,2.3229,1.0727,0.001811
Essex,0.002061,0.002061,0.000811,2.5407,1.0,0.002061
Franklin,0.002034,0.002034,0.00087,2.3369,1.0,0.002034
Grand Isle,0.000643,0.000643,0.000276,2.3245,1.0,0.000643
Lamoille,0.000478,0.000478,0.000197,2.4266,1.0,0.000478
Orange,0.001889,0.001889,0.000761,2.4807,1.0,0.001889
Orleans,0.005567,0.005567,0.001221,2.2806,2.0,0.005567
Rutland,0.004879,0.004879,0.001873,2.412,1.08,0.004879
Washington,0.004135,0.004135,0.00113,2.3084,1.5854,0.004135
Windham,0.002593,0.002593,0.001137,2.2806,1.0,0.002593
Windsor,0.001408,0.001408,0.000563,2.5005,1.0,0.001408
