Name,Estimated unvaccinated prevalence,Estimated vaccinated prevalence,Reported prevalence,Underreporting factor,Delay factor,Estimated prevalence
Entire state,0.001265,0.001265,0.000555,2.28,1.0,0.001265
Adams,0.001064,0.001064,0.00045,2.3622,1.0,0.001064
Asotin,0.000704,0.000704,0.00031,2.2698,1.0,0.000704
Benton,0.000971,0.000971,0.000411,2.3633,1.0,0.000971
Chelan,0.001093,0.001093,0.000466,2.3441,1.0,0.001093
Clallam,0.001099,0.001099,0.000491,2.2367,1.0,0.001099
Clark,0.001142,0.001142,0.000426,2.3046,1.1629,0.001142
Columbia,0.00346,0.00346,0.001004,2.298,1.5,0.00346
Cowlitz,0.001259,0.001259,0.000434,2.2829,1.2703,0.001259
Douglas,0.000768,0.000768,0.000345,2.2227,1.0,0.000768
Ferry,0.000898,0.000898,0.000393,2.2829,1.0,0.000898
Franklin,0.000783,0.000783,0.000347,2.2608,1.0,0.000783
Garfield,0.001025,0.001025,0.000449,2.28,1.0,0.001025
Grant,0.003878,0.003878,0.001422,2.351,1.1597,0.003878
Grays Harbor,0.002047,0.002047,0.000786,2.3347,1.1154,0.002047
Island,0.000748,0.000748,0.000329,2.2742,1.0,0.000748
Jefferson,0.003735,0.003735,0.001179,2.3111,1.3704,0.003735
King,0.001192,0.001192,0.000524,2.2742,1.0,0.001192
Kitsap,0.001264,0.001264,0.000553,2.2885,1.0,0.001264
Kittitas,0.000406,0.000406,0.000188,2.16,1.0,0.000406
Klickitat,0.000389,0.000389,0.000178,2.1811,1.0,0.000389
Lewis,0.003183,0.003183,0.000818,2.2757,1.7105,0.003183
Lincoln,0.003049,0.003049,0.000823,2.3162,1.6,0.003049
Mason,0.001345,0.001345,0.000584,2.302,1.0,0.001345
Okanogan,0.001802,0.001802,0.000781,2.3073,1.0,0.001802
Pacific,0.000934,0.000934,0.000401,2.3311,1.0,0.000934
Pend Oreille,0.000621,0.000621,0.000291,2.1296,1.0,0.000621
Pierce,0.00145,0.00145,0.000632,2.2939,1.0,0.00145
San Juan,0.000908,0.000908,0.000398,2.28,1.0,0.000908
Skagit,0.001434,0.001434,0.000627,2.2871,1.0,0.001434
Skamania,0.000943,0.000943,0.000414,2.28,1.0,0.000943
Snohomish,0.001337,0.001337,0.000581,2.2993,1.0,0.001337
Spokane,0.001632,0.001632,0.00071,2.2993,1.0,0.001632
Stevens,0.001661,0.001661,0.000722,2.302,1.0,0.001661
Thurston,0.001407,0.001407,0.000609,2.3098,1.0,0.001407
Wahkiakum,0.001016,0.001016,0.000446,2.28,1.0,0.001016
Walla Walla,0.001946,0.001946,0.000856,2.2742,1.0,0.001946
Whatcom,0.000758,0.000758,0.000327,2.3175,1.0,0.000758
Whitman,0.000315,0.000315,0.00014,2.2514,1.0,0.000315
Yakima,0.00129,0.00129,0.000558,2.3124,1.0,0.00129
