Name,Estimated unvaccinated prevalence,Estimated vaccinated prevalence,Reported prevalence,Underreporting factor,Delay factor,Estimated prevalence
Entire state,0.005645,0.004592,0.002011,2.4352,1.0421,0.005104
Albany,0.005065,0.00412,0.001749,2.5892,1.0,0.004528
Big Horn,0.004084,0.003322,0.001357,2.2275,1.25,0.003779
Campbell,0.005887,0.004789,0.001489,2.7368,1.36,0.005542
Carbon,0.0046,0.003743,0.001689,2.4846,1.0,0.004197
Converse,0.00217,0.001766,0.000941,2.1589,1.0,0.002031
Crook,0.005262,0.004281,0.001187,2.6092,1.6,0.004954
Fremont,0.008122,0.006608,0.0027,2.3481,1.1538,0.007315
Goshen,0.011723,0.009538,0.002119,2.5562,2.0,0.010835
Hot Springs,0.008812,0.007171,0.003626,2.2041,1.0,0.007991
Johnson,0.011033,0.008973,0.002605,2.5924,1.5,0.01013
Laramie,0.00642,0.005223,0.002382,2.4082,1.0,0.005736
Lincoln,0.006279,0.005108,0.00237,2.4293,1.0,0.005758
Natrona,0.004159,0.003384,0.001691,2.2462,1.0,0.003797
Niobrara,0.005492,0.004467,0.002122,2.4352,1.0,0.005168
Park,0.003408,0.002772,0.001267,2.455,1.0,0.003111
Platte,0.015643,0.012725,0.002621,2.7521,2.0,0.014428
Sheridan,0.009742,0.007925,0.00187,2.3445,2.0,0.008767
Sublette,0.004225,0.003437,0.001424,2.547,1.0833,0.003929
Sweetwater,0.004478,0.003643,0.001677,2.3827,1.0145,0.004053
Teton,0.01339,0.010894,0.004475,2.5075,1.0,0.011221
Uinta,0.007316,0.005952,0.002077,2.4051,1.3226,0.006605
Washakie,0.005513,0.004485,0.002178,2.3217,1.0,0.005057
Weston,0.021487,0.017478,0.003609,2.7637,2.0,0.019949
