Name,Estimated unvaccinated prevalence,Estimated vaccinated prevalence,Reported prevalence,Underreporting factor,Delay factor,Estimated prevalence
Entire state,0.007342,0.001377,0.001795,2.3605,1.0,0.004238
Albany,0.006545,0.001227,0.001569,2.4287,1.0,0.00381
Big Horn,0.004829,0.000906,0.001527,2.2367,1.0,0.003415
Campbell,0.007189,0.001348,0.002136,2.5875,1.0,0.005528
Carbon,0.004627,0.000868,0.001351,2.2008,1.0,0.002974
Converse,0.003811,0.000715,0.001302,2.1707,1.0,0.002827
Crook,0.00497,0.000932,0.001582,2.4154,1.0,0.003822
Fremont,0.00285,0.000534,0.000637,2.246,1.0,0.00143
Goshen,0.002919,0.000547,0.000908,2.246,1.0,0.00204
Hot Springs,0.001547,0.00029,0.000453,2.1497,1.0,0.000974
Johnson,0.0082,0.001538,0.002605,2.1059,1.0,0.005486
Laramie,0.010451,0.00196,0.002462,2.4662,1.0,0.006073
Lincoln,0.003495,0.000655,0.001009,2.3479,1.0,0.002368
Natrona,0.007402,0.001388,0.002079,2.3314,1.0,0.004846
Niobrara,0.024392,0.004575,0.00764,2.41,1.0,0.018412
Park,0.008142,0.001527,0.002295,2.2636,1.0,0.005195
Platte,0.010345,0.00194,0.002621,2.6974,1.0,0.00707
Sheridan,0.009786,0.001835,0.002493,2.3667,1.0,0.0059
Sublette,0.009162,0.001718,0.001628,2.459,1.6667,0.00667
Sweetwater,0.005341,0.001002,0.00137,2.4734,1.0,0.003388
Teton,0.008233,0.001544,0.001065,2.2319,1.0,0.002378
Uinta,0.007243,0.001358,0.001829,2.4662,1.0,0.004512
Washakie,0.009774,0.001833,0.002691,2.4516,1.0,0.006596
Weston,0.002302,0.000432,0.000722,2.2956,1.0,0.001657
