Name,Estimated unvaccinated prevalence,Estimated vaccinated prevalence,Reported prevalence,Underreporting factor,Delay factor,Estimated prevalence
Entire state,0.025185,0.004742,0.004412,2.3232,1.0,0.01025
Addison,0.02936,0.005528,0.004541,2.3062,1.0,0.010472
Bennington,0.042745,0.008049,0.007217,2.3297,1.0,0.016814
Caledonia,0.022384,0.004215,0.004201,2.3424,1.0,0.00984
Chittenden,0.023317,0.00439,0.003242,2.2883,1.0643,0.007896
Essex,0.013021,0.002452,0.002921,2.4129,1.0,0.007047
Franklin,0.033651,0.006336,0.005769,2.4404,1.048,0.014754
Grand Isle,0.04355,0.0082,0.004838,2.3664,1.3077,0.01497
Lamoille,0.019516,0.003675,0.003036,2.2846,1.0,0.006936
Orange,0.015318,0.002884,0.002873,2.2883,1.0,0.006574
Orleans,0.013749,0.002589,0.002663,2.2992,1.0,0.006123
Rutland,0.038173,0.007188,0.006118,2.3917,1.0,0.014632
Washington,0.018244,0.003435,0.002808,2.2354,1.0,0.006277
Windham,0.036931,0.006954,0.005613,2.3165,1.1346,0.014753
Windsor,0.036505,0.006874,0.006139,2.4206,1.0,0.014859
