Name,Estimated unvaccinated prevalence,Estimated vaccinated prevalence,Reported prevalence,Underreporting factor,Delay factor,Estimated prevalence
Entire state,0.001377,0.001377,0.000596,2.31,1.0,0.001377
Adams,0.000585,0.000585,0.00025,2.3385,1.0,0.000585
Asotin,0.002062,0.002062,0.000841,2.1782,1.125,0.002062
Benton,0.001149,0.001149,0.000509,2.2589,1.0,0.001149
Chelan,0.000858,0.000858,0.000376,2.2833,1.0,0.000858
Clallam,0.001066,0.001066,0.000466,2.2909,1.0,0.001066
Clark,0.000755,0.000755,0.000328,2.3043,1.0,0.000755
Columbia,0.001159,0.001159,0.000502,2.31,1.0,0.001159
Cowlitz,0.001202,0.001202,0.000543,2.2162,1.0,0.001202
Douglas,0.0007,0.0007,0.000299,2.3398,1.0,0.0007
Ferry,0.00212,0.00212,0.000918,2.31,1.0,0.00212
Franklin,0.001113,0.001113,0.000431,2.2622,1.1429,0.001113
Garfield,0.002076,0.002076,0.000899,2.31,1.0,0.002076
Grant,0.001411,0.001411,0.000614,2.2984,1.0,0.001411
Grays Harbor,0.001113,0.001113,0.00048,2.3212,1.0,0.001113
Island,0.001543,0.001543,0.000658,2.3463,1.0,0.001543
Jefferson,0.001716,0.001716,0.000745,2.3043,1.0,0.001716
King,0.001408,0.001408,0.000615,2.2909,1.0,0.001408
Kitsap,0.001097,0.001097,0.000483,2.2738,1.0,0.001097
Kittitas,0.001418,0.001418,0.000647,2.1924,1.0,0.001418
Klickitat,0.002141,0.002141,0.000669,2.2863,1.4,0.002141
Lewis,0.000887,0.000887,0.000384,2.31,1.0,0.000887
Lincoln,0.003321,0.003321,0.000731,2.2705,2.0,0.003321
Mason,0.000864,0.000864,0.000374,2.3071,1.0,0.000864
Okanogan,0.005952,0.005952,0.001515,2.2449,1.75,0.005952
Pacific,0.001587,0.001587,0.00049,2.2689,1.4286,0.001587
Pend Oreille,0.003024,0.003024,0.00102,2.2801,1.3,0.003024
Pierce,0.001777,0.001777,0.000766,2.3212,1.0,0.001777
San Juan,0.000931,0.000931,0.000398,2.3385,1.0,0.000931
Skagit,0.001537,0.001537,0.000673,2.2833,1.0,0.001537
Skamania,0.002582,0.002582,0.000579,2.2281,2.0,0.002582
Snohomish,0.001583,0.001583,0.000685,2.3114,1.0,0.001583
Spokane,0.001536,0.001536,0.000677,2.2689,1.0,0.001536
Stevens,0.000783,0.000783,0.00035,2.2375,1.0,0.000783
Thurston,0.001734,0.001734,0.000743,2.332,1.0,0.001734
Wahkiakum,0.001493,0.001493,0.000668,2.2338,1.0,0.001493
Walla Walla,0.002221,0.002221,0.000955,2.3266,1.0,0.002221
Whatcom,0.000854,0.000854,0.000375,2.277,1.0,0.000854
Whitman,0.000425,0.000425,0.00018,2.3649,1.0,0.000425
Yakima,0.001041,0.001041,0.000454,2.2909,1.0,0.001041
