Name,Estimated unvaccinated prevalence,Estimated vaccinated prevalence,Reported prevalence,Underreporting factor,Delay factor,Estimated prevalence
Entire state,0.004635,0.000863,0.000792,2.4417,1.0,0.001935
Adams,0.003116,0.00058,0.000701,2.4617,1.0,0.001725
Asotin,0.003862,0.000719,0.001063,2.4543,1.0,0.002608
Benton,0.002756,0.000513,0.000636,2.4568,1.0,0.001563
Chelan,0.006739,0.001255,0.001256,2.4468,1.0,0.003074
Clallam,0.003496,0.000651,0.000621,2.6407,1.0,0.001639
Clark,0.004891,0.000911,0.000963,2.5735,1.0,0.002477
Columbia,0.004172,0.000777,0.001004,2.6154,1.0,0.002625
Cowlitz,0.004875,0.000908,0.001004,2.646,1.0,0.002656
Douglas,0.007275,0.001355,0.001543,2.481,1.0,0.003828
Ferry,0.002086,0.000388,0.000524,2.2777,1.0,0.001195
Franklin,0.002488,0.000463,0.000609,2.481,1.0,0.001511
Garfield,0.003196,0.000595,0.000899,2.3898,1.0,0.002148
Grant,0.003767,0.000702,0.000839,2.5533,1.0,0.002142
Grays Harbor,0.005253,0.000978,0.001119,2.5655,1.0,0.002871
Island,0.004998,0.000931,0.00094,2.5774,1.0,0.002422
Jefferson,0.005558,0.001035,0.000869,2.5451,1.0,0.002212
King,0.002643,0.000492,0.000439,2.3467,1.0,0.001031
Kitsap,0.003483,0.000649,0.000659,2.5852,1.0,0.001705
Kittitas,0.003264,0.000608,0.000751,2.5173,1.0,0.001891
Klickitat,0.004934,0.000919,0.001115,2.7767,1.0,0.003096
Lewis,0.005225,0.000973,0.001189,2.6547,1.0,0.003158
Lincoln,0.002824,0.000526,0.000731,2.2777,1.0,0.001666
Mason,0.005118,0.000953,0.001123,2.4417,1.0,0.002743
Okanogan,0.004234,0.000789,0.000805,2.488,1.0,0.002003
Pacific,0.002015,0.000375,0.000445,2.5715,1.0,0.001144
Pend Oreille,0.002531,0.000471,0.000656,2.6443,1.0,0.001734
Pierce,0.004525,0.000843,0.000892,2.6043,1.0,0.002322
San Juan,0.006281,0.00117,0.00091,2.5891,1.0,0.002356
Skagit,0.008344,0.001554,0.001532,2.6443,1.0,0.004052
Skamania,0.003545,0.00066,0.000745,2.9222,1.1429,0.002488
Snohomish,0.005524,0.001029,0.001029,2.5282,1.0,0.002602
Spokane,0.004902,0.000913,0.001002,2.6043,1.0,0.00261
Stevens,0.003501,0.000652,0.000962,2.526,1.0,0.002431
Thurston,0.004835,0.0009,0.000912,2.6228,1.0,0.002392
Wahkiakum,0.000857,0.00016,0.000223,2.3564,1.0,0.000525
Walla Walla,0.004263,0.000794,0.000856,2.5303,1.0,0.002166
Whatcom,0.006577,0.001225,0.001178,2.5085,1.0,0.002954
Whitman,0.002017,0.000376,0.000519,2.4715,1.0,0.001282
Yakima,0.004607,0.000858,0.000977,2.4972,1.0,0.002439
