Name,Estimated unvaccinated prevalence,Estimated vaccinated prevalence,Reported prevalence,Underreporting factor,Delay factor,Estimated prevalence
Entire state,0.001773,0.001443,0.000718,2.238,1.0,0.001607
Addison,0.00104,0.000847,0.000408,2.1595,1.0,0.000881
Bennington,0.00579,0.004712,0.00172,2.306,1.25,0.004957
Caledonia,0.002292,0.001865,0.0005,2.2656,1.75,0.001983
Chittenden,0.001236,0.001006,0.000464,2.2428,1.0,0.001041
Essex,0.000893,0.000727,0.000325,2.4587,1.0,0.000798
Franklin,0.001515,0.001233,0.000587,2.2281,1.0,0.001308
Grand Isle,0.001886,0.001535,0.000691,2.2925,1.0,0.001584
Lamoille,0.000397,0.000323,0.000158,2.1317,1.0,0.000336
Orange,0.001146,0.000932,0.00045,2.1983,1.0,0.000989
Orleans,0.00027,0.000219,0.000111,2.1075,1.0,0.000234
Rutland,0.003339,0.002718,0.001272,2.2428,1.0,0.002852
Washington,0.001746,0.001421,0.000668,2.2068,1.0,0.001474
Windham,0.001967,0.001601,0.000758,2.2256,1.0,0.001687
Windsor,0.003409,0.002775,0.00109,2.2783,1.18,0.00293
