Name,Estimated unvaccinated prevalence,Estimated vaccinated prevalence,Reported prevalence,Underreporting factor,Delay factor,Estimated prevalence
Entire state,0.017218,0.003201,0.002244,3.626,1.0,0.008136
Adams,0.019966,0.003712,0.003253,3.626,1.0,0.011795
Asotin,0.018006,0.003348,0.003454,3.626,1.0,0.012525
Benton,0.020122,0.003741,0.003307,3.626,1.0,0.011993
Chelan,0.034408,0.006397,0.004003,3.626,1.145,0.016618
Clallam,0.017849,0.003319,0.002418,3.626,1.0,0.008768
Clark,0.014767,0.002746,0.002157,3.626,1.0,0.00782
Columbia,0.061769,0.011485,0.006775,3.626,1.625,0.039923
Cowlitz,0.021644,0.004024,0.0034,3.626,1.0,0.012328
Douglas,0.019714,0.003665,0.002993,3.626,1.0,0.010854
Ferry,0.051583,0.009591,0.007211,3.626,1.1739,0.030695
Franklin,0.019859,0.003692,0.003508,3.626,1.0,0.012719
Garfield,0.038601,0.007177,0.005393,3.626,1.375,0.02689
Grant,0.032833,0.006105,0.00531,3.626,1.0197,0.019635
Grays Harbor,0.027232,0.005063,0.00429,3.626,1.0,0.015555
Island,0.011512,0.00214,0.001621,3.626,1.0,0.005877
Jefferson,0.0089,0.001655,0.001024,3.626,1.0,0.003714
King,0.011738,0.002182,0.001353,3.626,1.0,0.004906
Kitsap,0.013566,0.002522,0.001945,3.626,1.0,0.007052
Kittitas,0.023364,0.004344,0.003588,3.626,1.0755,0.013993
Klickitat,0.039855,0.00741,0.005485,3.626,1.2842,0.025541
Lewis,0.020266,0.003768,0.003507,3.626,1.0,0.012715
Lincoln,0.027011,0.005022,0.004571,3.626,1.0,0.016574
Mason,0.02823,0.005249,0.004104,3.626,1.0664,0.015868
Okanogan,0.035983,0.00669,0.0049,3.626,1.0,0.017768
Pacific,0.013796,0.002565,0.002225,3.626,1.0,0.008068
Pend Oreille,0.033586,0.006245,0.005683,3.626,1.1493,0.023684
Pierce,0.016517,0.003071,0.002465,3.626,1.0,0.008939
San Juan,0.003683,0.000685,0.000398,3.626,1.0,0.001444
Skagit,0.018737,0.003484,0.002639,3.626,1.0,0.00957
Skamania,0.012566,0.002336,0.002483,3.626,1.0,0.009003
Snohomish,0.012949,0.002408,0.001775,3.626,1.0,0.006435
Spokane,0.020825,0.003872,0.0032,3.626,1.0,0.011604
Stevens,0.023504,0.00437,0.004615,3.626,1.0,0.016733
Thurston,0.014891,0.002769,0.002141,3.626,1.0,0.007763
Wahkiakum,0.01548,0.002878,0.002674,3.626,1.0,0.009695
Walla Walla,0.021436,0.003986,0.003144,3.626,1.0,0.011398
Whatcom,0.016358,0.003041,0.002116,3.626,1.0,0.007671
Whitman,0.013804,0.002566,0.002495,3.626,1.0,0.009046
Yakima,0.016189,0.00301,0.002499,3.626,1.0,0.009062
