Name,Population,Cases in past week,Reported prevalence,Underreporting factor,Delay factor,Estimated prevalence
Entire state,623989,497,0.0007980909919886409,6,2.5357142857142856,0.012142384378112893
Addison,36777,18,0.0005166272398509939,6,2.5714285714285716,0.007970820271986763
Bennington,35470,18,0.0005356639413588948,6,3.0,0.009641950944460107
Caledonia,29993,15,0.0005334578068215917,6,2.142857142857143,0.006858743230563322
Chittenden,163774,84,0.0005190079011320478,6,1.0,0.003114047406792287
Essex,6163,7,0.0012980691221807562,6,1.0,0.007788414733084537
Franklin,49402,17,0.00036435771831099954,6,5.666666666666667,0.012388162422573986
Grand Isle,7235,12,0.001796821008984105,6,4.0,0.04312370421561852
Lamoille,25362,33,0.0013405882816812553,6,33.0,0.2654364797728886
Orange,28892,42,0.0014883012598643224,6,3.8181818181818183,0.0340956288623463
Orleans,27037,16,0.0006287679846136775,6,1.4545454545454546,0.005487429683901185
Rutland,58191,38,0.0006702067329999484,6,19.0,0.07640356756199411
Washington,58409,168,0.0028933897173380814,6,6.461538461538462,0.11217449365679948
Windham,42222,14,0.00035526502771067214,6,2.0,0.004263180332528066
Windsor,55062,14,0.0002724201808870001,6,1.5555555555555556,0.0025425883549453345
