Name,Estimated unvaccinated prevalence,Estimated vaccinated prevalence,Reported prevalence,Underreporting factor,Delay factor,Estimated prevalence
Entire state,0.003244,0.002639,0.001256,2.3327,1.0,0.00293
Albany,0.005044,0.004103,0.001312,2.61,1.3158,0.004505
Big Horn,0.005015,0.00408,0.001442,2.211,1.4545,0.004637
Campbell,0.004568,0.003716,0.00164,2.6211,1.0,0.004299
Carbon,0.002694,0.002191,0.000946,2.3969,1.0833,0.002456
Converse,0.003252,0.002645,0.001447,2.1014,1.0,0.003041
Crook,0.00434,0.003531,0.00145,2.5342,1.1111,0.004084
Fremont,0.004472,0.003638,0.001757,2.2887,1.0,0.004022
Goshen,0.004291,0.00349,0.001741,2.2765,1.0,0.003963
Hot Springs,0.002755,0.002241,0.001133,2.2027,1.0,0.002496
Johnson,0.003936,0.003202,0.001421,2.5427,1.0,0.003613
Laramie,0.00291,0.002367,0.001116,2.3276,1.0,0.002597
Lincoln,0.007319,0.005954,0.001866,2.2965,1.5652,0.006707
Natrona,0.002396,0.001949,0.001014,2.1548,1.0,0.002186
Niobrara,0.008414,0.006851,0.001698,2.3327,2.0,0.007921
Park,0.001625,0.001322,0.000651,2.2786,1.0,0.001483
Platte,0.002508,0.00204,0.000953,2.4247,1.0,0.002311
Sheridan,0.003571,0.002905,0.001476,2.1756,1.0,0.003211
Sublette,0.002598,0.002112,0.001017,2.3732,1.0,0.002414
Sweetwater,0.00283,0.002302,0.001016,2.5201,1.0,0.002559
Teton,0.005454,0.004437,0.001918,2.3852,1.0,0.004574
Uinta,0.001219,0.000992,0.000494,2.2241,1.0,0.0011
Washakie,0.008098,0.006587,0.002434,2.3716,1.2857,0.007423
Weston,0.014401,0.011716,0.002743,2.7071,1.8,0.013365
