Name,Estimated unvaccinated prevalence,Estimated vaccinated prevalence,Reported prevalence,Underreporting factor,Delay factor,Estimated prevalence
Entire state,0.026903,0.005022,0.003218,3.7182,1.0873,0.013009
Adams,0.039992,0.007465,0.004954,3.7182,1.3803,0.025426
Asotin,0.0363,0.006776,0.006244,3.7182,1.12,0.026002
Benton,0.039739,0.007418,0.005876,3.7182,1.0879,0.02377
Chelan,0.039038,0.007287,0.005389,3.7182,1.0,0.020036
Clallam,0.049621,0.009263,0.005703,3.7182,1.1828,0.02508
Clark,0.03209,0.00599,0.003347,3.7182,1.3922,0.017324
Columbia,0.049514,0.009243,0.007779,3.7182,1.1538,0.033375
Cowlitz,0.04118,0.007687,0.006004,3.7182,1.0608,0.023681
Douglas,0.032822,0.006127,0.005135,3.7182,1.0,0.019092
Ferry,0.034137,0.006372,0.003802,3.7182,1.4737,0.020834
Franklin,0.048764,0.009103,0.007278,3.7182,1.1952,0.032341
Garfield,0.030059,0.005611,0.005393,3.7182,1.1,0.022059
Grant,0.043782,0.008173,0.006078,3.7182,1.2127,0.027405
Grays Harbor,0.041455,0.007738,0.004849,3.7182,1.3346,0.024064
Island,0.009785,0.001826,0.001374,3.7182,1.0,0.00511
Jefferson,0.039658,0.007403,0.002297,3.7182,2.0,0.017079
King,0.017217,0.003214,0.001919,3.7182,1.0091,0.007198
Kitsap,0.024092,0.004497,0.003021,3.7182,1.1439,0.012847
Kittitas,0.020713,0.003866,0.002858,3.7182,1.1826,0.012567
Klickitat,0.025964,0.004847,0.004548,3.7182,1.0,0.016912
Lewis,0.035302,0.00659,0.005439,3.7182,1.1089,0.022427
Lincoln,0.02426,0.004528,0.004205,3.7182,1.0,0.015636
Mason,0.0223,0.004163,0.00349,3.7182,1.0,0.012975
Okanogan,0.079493,0.014839,0.007149,3.7182,1.5436,0.041032
Pacific,0.026985,0.005037,0.003649,3.7182,1.1912,0.016162
Pend Oreille,0.054808,0.010231,0.005392,3.7182,1.973,0.039555
Pierce,0.024674,0.004606,0.00347,3.7182,1.0453,0.013485
San Juan,0.016872,0.003149,0.00091,3.7182,2.0,0.006767
Skagit,0.020685,0.003861,0.002902,3.7182,1.0,0.010792
Skamania,0.01126,0.002102,0.002152,3.7182,1.0,0.008001
Snohomish,0.01743,0.003254,0.002299,3.7182,1.0,0.008548
Spokane,0.030214,0.00564,0.004235,3.7182,1.0864,0.017107
Stevens,0.030491,0.005692,0.005183,3.7182,1.1512,0.022187
Thurston,0.017078,0.003188,0.002458,3.7182,1.0,0.009138
Wahkiakum,0.006473,0.001208,0.001114,3.7182,1.0,0.004142
Walla Walla,0.030054,0.00561,0.00418,3.7182,1.072,0.016663
Whatcom,0.02687,0.005016,0.0028,3.7182,1.1467,0.01194
Whitman,0.032181,0.006007,0.002854,3.7182,2.0,0.021224
Yakima,0.061126,0.01141,0.006366,3.7182,1.4958,0.035404
