Name,Estimated unvaccinated prevalence,Estimated vaccinated prevalence,Reported prevalence,Underreporting factor,Delay factor,Estimated prevalence
Entire state,0.001986,0.001986,0.00071,2.2911,1.221,0.001986
Addison,0.002028,0.002028,0.00087,2.3304,1.0,0.002028
Bennington,0.002417,0.002417,0.000902,2.2473,1.1923,0.002417
Caledonia,0.001153,0.001153,0.0003,2.402,1.6,0.001153
Chittenden,0.001575,0.001575,0.00058,2.3114,1.175,0.001575
Essex,0.001557,0.001557,0.000649,2.3987,1.0,0.001557
Franklin,0.001332,0.001332,0.000587,2.2692,1.0,0.001332
Grand Isle,0.002122,0.002122,0.000691,2.3028,1.3333,0.002122
Lamoille,0.001028,0.001028,0.000394,2.6064,1.0,0.001028
Orange,0.000698,0.000698,0.000312,2.2401,1.0,0.000698
Orleans,0.000856,0.000856,0.000296,2.4811,1.1667,0.000856
Rutland,0.005854,0.005854,0.001254,2.3331,2.0,0.005854
Washington,0.001428,0.001428,0.000565,2.2111,1.1429,0.001428
Windham,0.002646,0.002646,0.000876,2.2643,1.3333,0.002646
Windsor,0.000991,0.000991,0.000436,2.2741,1.0,0.000991
