Name,Estimated unvaccinated prevalence,Estimated vaccinated prevalence,Reported prevalence,Underreporting factor,Delay factor,Estimated prevalence
Entire state,0.002409,0.00196,0.000783,2.3288,1.1958,0.00218
Albany,0.004513,0.003672,0.001235,2.5744,1.2703,0.004037
Big Horn,0.000404,0.000329,0.00017,2.2052,1.0,0.000374
Campbell,0.00086,0.000699,0.000324,2.5013,1.0,0.00081
Carbon,0.004383,0.003566,0.000878,2.2779,2.0,0.004002
Converse,0.000506,0.000411,0.000217,2.1797,1.0,0.000473
Crook,0.000636,0.000518,0.000264,2.2728,1.0,0.000599
Fremont,0.002913,0.00237,0.00107,2.2152,1.1081,0.002626
Goshen,0.000551,0.000448,0.000227,2.2428,1.0,0.000509
Hot Springs,0.002229,0.001813,0.000906,2.231,1.0,0.002022
Johnson,0.003142,0.002556,0.00071,2.4369,1.6667,0.002886
Laramie,0.003799,0.003091,0.001156,2.3201,1.2667,0.003397
Lincoln,0.0005,0.000407,0.000202,2.2753,1.0,0.000459
Natrona,0.002298,0.00187,0.000701,2.2853,1.3095,0.002099
Niobrara,0.003821,0.00311,0.001698,2.1185,1.0,0.003597
Park,0.00271,0.002205,0.000856,2.4087,1.2,0.002475
Platte,0.002489,0.002025,0.000834,2.295,1.2,0.002297
Sheridan,0.003238,0.002634,0.000656,2.3393,1.9,0.002916
Sublette,0.001994,0.001622,0.000407,2.2804,2.0,0.001856
Sweetwater,0.001999,0.001626,0.000732,2.4739,1.0,0.001811
Teton,0.007664,0.006235,0.002216,2.3858,1.2143,0.00642
Uinta,0.003001,0.002442,0.000593,2.2853,2.0,0.002712
Washakie,0.001292,0.001051,0.000512,2.3135,1.0,0.001186
Weston,0.00107,0.00087,0.000433,2.295,1.0,0.000994
