Name,Estimated unvaccinated prevalence,Estimated vaccinated prevalence,Reported prevalence,Underreporting factor,Delay factor,Estimated prevalence
Entire state,0.002364,0.002364,0.000866,2.3053,1.1848,0.002364
Albany,0.002496,0.002496,0.000746,2.3904,1.4,0.002496
Big Horn,0.001574,0.001574,0.000679,2.3192,1.0,0.001574
Campbell,0.003494,0.003494,0.000842,2.5129,1.6522,0.003494
Carbon,0.000291,0.000291,0.000135,2.1526,1.0,0.000291
Converse,0.006004,0.006004,0.001302,2.3053,2.0,0.006004
Crook,0.003716,0.003716,0.000791,2.3483,2.0,0.003716
Fremont,0.008696,0.008696,0.001885,2.3384,1.973,0.008696
Goshen,0.001551,0.001551,0.000681,2.2769,1.0,0.001551
Hot Springs,0.015628,0.015628,0.003399,2.2988,2.0,0.015628
Johnson,0.002403,0.002403,0.001066,2.255,1.0,0.002403
Laramie,0.001553,0.001553,0.000653,2.3777,1.0,0.001553
Lincoln,0.002137,0.002137,0.000555,2.3116,1.6667,0.002137
Natrona,0.003683,0.003683,0.001114,2.2531,1.4667,0.003683
Niobrara,0.001957,0.001957,0.000849,2.3053,1.0,0.001957
Park,0.001285,0.001285,0.000582,2.2067,1.0,0.001285
Platte,0.002164,0.002164,0.000834,2.5944,1.0,0.002164
Sheridan,0.005443,0.005443,0.001443,2.2804,1.6538,0.005443
Sublette,0.005865,0.005865,0.001221,2.4026,2.0,0.005865
Sweetwater,0.002151,0.002151,0.000472,2.3965,1.9,0.002151
Teton,0.00174,0.00174,0.000767,2.268,1.0,0.00174
Uinta,0.001861,0.001861,0.000692,2.2752,1.1818,0.001861
Washakie,0.005654,0.005654,0.001153,2.4515,2.0,0.005654
Weston,0.001994,0.001994,0.000866,2.3021,1.0,0.001994
