Name,Estimated unvaccinated prevalence,Estimated vaccinated prevalence,Reported prevalence,Underreporting factor,Delay factor,Estimated prevalence
Entire state,0.001388,0.001388,0.000605,2.295,1.0,0.001388
Adams,0.001715,0.001715,0.0004,2.1424,2.0,0.001715
Asotin,0.000728,0.000728,0.00031,2.3476,1.0,0.000728
Benton,0.000931,0.000931,0.000411,2.2664,1.0,0.000931
Chelan,0.001789,0.001789,0.000699,2.3642,1.0816,0.001789
Clallam,0.001381,0.001381,0.000491,2.2035,1.2759,0.001381
Clark,0.001185,0.001185,0.000514,2.3048,1.0,0.001185
Columbia,0.001728,0.001728,0.000753,2.295,1.0,0.001728
Cowlitz,0.000547,0.000547,0.000253,2.1592,1.0,0.000547
Douglas,0.002939,0.002939,0.000829,2.3301,1.5217,0.002939
Ferry,0.004157,0.004157,0.000918,2.2648,2.0,0.004157
Franklin,0.000943,0.000943,0.00042,2.2449,1.0,0.000943
Garfield,0.002063,0.002063,0.000899,2.295,1.0,0.002063
Grant,0.001006,0.001006,0.00044,2.2863,1.0,0.001006
Grays Harbor,0.000871,0.000871,0.000386,2.255,1.0,0.000871
Island,0.001003,0.001003,0.000446,2.2466,1.0,0.001003
Jefferson,0.001318,0.001318,0.00059,2.2343,1.0,0.001318
King,0.001344,0.001344,0.000581,2.3144,1.0,0.001344
Kitsap,0.001437,0.001437,0.000541,2.2175,1.1967,0.001437
Kittitas,0.001172,0.001172,0.000501,2.3414,1.0,0.001172
Klickitat,0.000936,0.000936,0.000401,2.3327,1.0,0.000936
Lewis,0.00111,0.00111,0.000483,2.2978,1.0,0.00111
Lincoln,0.001353,0.001353,0.000457,2.2194,1.3333,0.001353
Mason,0.001993,0.001993,0.000674,2.2175,1.3333,0.001993
Okanogan,0.000782,0.000782,0.000355,2.2035,1.0,0.000782
Pacific,0.00222,0.00222,0.00049,2.268,2.0,0.00222
Pend Oreille,0.000663,0.000663,0.000291,2.2757,1.0,0.000663
Pierce,0.002772,0.002772,0.000957,2.3144,1.2518,0.002772
San Juan,0.000522,0.000522,0.000228,2.295,1.0,0.000522
Skagit,0.001045,0.001045,0.000457,2.2892,1.0,0.001045
Skamania,0.002262,0.002262,0.000497,2.2773,2.0,0.002262
Snohomish,0.001582,0.001582,0.000685,2.3103,1.0,0.001582
Spokane,0.001646,0.001646,0.000713,2.3076,1.0,0.001646
Stevens,0.000779,0.000779,0.00035,2.2251,1.0,0.000779
Thurston,0.001647,0.001647,0.000706,2.3339,1.0,0.001647
Wahkiakum,0.000511,0.000511,0.000223,2.295,1.0,0.000511
Walla Walla,0.001943,0.001943,0.000823,2.3607,1.0,0.001943
Whatcom,0.0009,0.0009,0.000393,2.2921,1.0,0.0009
Whitman,0.000186,0.000186,8e-05,2.3275,1.0,0.000186
Yakima,0.000913,0.000913,0.000407,2.2466,1.0,0.000913
