Name,Estimated unvaccinated prevalence,Estimated vaccinated prevalence,Reported prevalence,Underreporting factor,Delay factor,Estimated prevalence
Entire state,0.00178,0.001448,0.000718,2.2467,1.0,0.001613
Addison,0.001035,0.000842,0.000408,2.1477,1.0,0.000876
Bennington,0.005733,0.004666,0.00172,2.2836,1.25,0.004909
Caledonia,0.00224,0.001823,0.0005,2.2144,1.75,0.001938
Chittenden,0.001258,0.001024,0.000464,2.2815,1.0,0.001059
Essex,0.00083,0.000676,0.000325,2.2856,1.0,0.000742
Franklin,0.00155,0.001261,0.000587,2.2795,1.0,0.001338
Grand Isle,0.001988,0.001618,0.000691,2.4165,1.0,0.00167
Lamoille,0.000413,0.000336,0.000158,2.2144,1.0,0.000349
Orange,0.001125,0.000916,0.00045,2.159,1.0,0.000971
Orleans,0.000273,0.000222,0.000111,2.1313,1.0,0.000236
Rutland,0.003359,0.002734,0.001272,2.2559,1.0,0.002869
Washington,0.001766,0.001438,0.000668,2.2324,1.0,0.001491
Windham,0.001962,0.001596,0.000758,2.2197,1.0,0.001682
Windsor,0.003385,0.002755,0.00109,2.2625,1.18,0.002909
