Name,Estimated unvaccinated prevalence,Estimated vaccinated prevalence,Reported prevalence,Underreporting factor,Delay factor,Estimated prevalence
Entire state,0.065544,0.053241,0.011877,2.4685,2.0,0.058638
Adams,0.016767,0.01362,0.003353,2.483,1.7838,0.01485
Asotin,0.012555,0.010199,0.002436,2.3731,2.0,0.01156
Benton,0.005504,0.004471,0.001957,2.4725,1.0153,0.004913
Chelan,0.009298,0.007552,0.002293,2.5554,1.375,0.008056
Clallam,0.005897,0.00479,0.001927,2.3397,1.1385,0.005132
Clark,0.004845,0.003936,0.001755,2.4205,1.0,0.004249
Columbia,0.005733,0.004656,0.002258,2.3147,1.0,0.005228
Cowlitz,0.005035,0.00409,0.001745,2.3488,1.0909,0.004472
Douglas,0.011366,0.009232,0.002763,2.5335,1.4337,0.010037
Ferry,0.001781,0.001446,0.000656,2.4235,1.0,0.001589
Franklin,0.0081,0.00658,0.002384,2.4205,1.2626,0.007285
Garfield,0.001357,0.001101,0.000449,2.7918,1.0,0.001255
Grant,0.008476,0.006885,0.002599,2.4711,1.1767,0.007557
Grays Harbor,0.004075,0.00331,0.001532,2.3506,1.0,0.003601
Island,0.003258,0.002647,0.001198,2.3341,1.0,0.002796
Jefferson,0.012483,0.01014,0.002545,2.4323,1.7234,0.010668
King,0.008974,0.007289,0.003051,2.4894,1.0,0.007595
Kitsap,0.00453,0.00368,0.001624,2.422,1.0,0.003934
Kittitas,0.006062,0.004924,0.002441,2.2295,1.0,0.005442
Klickitat,0.001737,0.001411,0.000669,2.3629,1.0,0.001581
Lewis,0.004973,0.004039,0.001797,2.3764,1.0511,0.004488
Lincoln,0.005621,0.004565,0.002011,2.4907,1.0,0.005009
Mason,0.004392,0.003568,0.001662,2.3359,1.0,0.003883
Okanogan,0.010489,0.00852,0.002107,2.4175,1.7959,0.009147
Pacific,0.005762,0.00468,0.001825,2.4507,1.1429,0.00511
Pend Oreille,0.003318,0.002695,0.001312,2.3341,1.0,0.003061
Pierce,0.005296,0.004302,0.001903,2.438,1.0,0.004639
San Juan,0.008975,0.00729,0.001649,2.2984,2.0,0.007582
Skagit,0.00654,0.005312,0.002066,2.4293,1.1368,0.005707
Skamania,0.002064,0.001677,0.000828,2.3107,1.0,0.001912
Snohomish,0.007889,0.006408,0.002717,2.4803,1.0136,0.006832
Spokane,0.00751,0.0061,0.002364,2.459,1.1414,0.006636
Stevens,0.003238,0.00263,0.001247,2.4038,1.0,0.002997
Thurston,0.005871,0.004769,0.002072,2.4631,1.0,0.005104
Wahkiakum,0.003018,0.002452,0.001114,2.4576,1.0,0.002738
Walla Walla,0.007375,0.005991,0.002469,2.292,1.1462,0.006485
Whatcom,0.00676,0.005491,0.002063,2.4817,1.1401,0.005838
Whitman,0.00221,0.001795,0.000659,2.5775,1.1852,0.002012
Yakima,0.009091,0.007385,0.002599,2.4337,1.2665,0.008011
