Name,Estimated unvaccinated prevalence,Estimated vaccinated prevalence,Reported prevalence,Underreporting factor,Delay factor,Estimated prevalence
Entire state,0.007438,0.006041,0.002718,2.4402,1.0,0.006632
Adams,0.002928,0.002378,0.000701,2.2794,1.625,0.002595
Asotin,0.002438,0.001981,0.000974,2.3056,1.0,0.002246
Benton,0.004597,0.003734,0.001365,2.3581,1.2752,0.004105
Chelan,0.004729,0.003841,0.001749,2.3442,1.0,0.004099
Clallam,0.008424,0.006843,0.003039,2.4141,1.0,0.007336
Clark,0.006869,0.00558,0.002392,2.4141,1.0438,0.006028
Columbia,0.004027,0.003269,0.001506,2.4402,1.0,0.003674
Cowlitz,0.004767,0.003872,0.001664,2.3233,1.0958,0.004236
Douglas,0.004796,0.003896,0.001773,2.3898,1.0,0.004237
Ferry,0.004375,0.003553,0.001704,2.2916,1.0,0.003906
Franklin,0.003902,0.003169,0.001113,2.3734,1.3291,0.003511
Garfield,0.004741,0.003847,0.001798,2.4402,1.0,0.004387
Grant,0.005123,0.004161,0.001545,2.2477,1.3158,0.004569
Grays Harbor,0.005021,0.004078,0.001839,2.4157,1.0,0.004441
Island,0.005477,0.004449,0.001973,2.3752,1.0,0.004687
Jefferson,0.009463,0.007687,0.003104,2.5023,1.0421,0.008093
King,0.011919,0.009681,0.004074,2.4781,1.0,0.010096
Kitsap,0.005834,0.004739,0.002092,2.4191,1.0,0.005061
Kittitas,0.003742,0.003039,0.001273,2.2448,1.1765,0.003361
Klickitat,0.004533,0.003682,0.00165,2.5009,1.0,0.004126
Lewis,0.00353,0.002867,0.001388,2.2963,1.0,0.003187
Lincoln,0.003143,0.002553,0.001188,2.3562,1.0,0.0028
Mason,0.004722,0.003835,0.001857,2.2301,1.0082,0.004176
Okanogan,0.008783,0.007135,0.001633,2.3462,2.0,0.007665
Pacific,0.002911,0.002365,0.001068,2.4191,1.0,0.002584
Pend Oreille,0.001831,0.001487,0.000729,2.319,1.0,0.00169
Pierce,0.007635,0.006202,0.002708,2.4693,1.0,0.006688
San Juan,0.007517,0.006106,0.002673,2.3771,1.0,0.006354
Skagit,0.004969,0.004036,0.001765,2.3826,1.0318,0.004338
Skamania,0.003954,0.003212,0.001655,2.2145,1.0,0.003665
Snohomish,0.008572,0.006962,0.00304,2.4433,1.0,0.007427
Spokane,0.00714,0.0058,0.0022,2.4124,1.1894,0.006312
Stevens,0.006028,0.004897,0.001509,2.2843,1.619,0.005581
Thurston,0.007296,0.005926,0.00263,2.4107,1.0,0.006339
Wahkiakum,0.006819,0.005539,0.001337,2.3146,2.0,0.006189
Walla Walla,0.00697,0.005661,0.002567,2.3734,1.0065,0.006133
Whatcom,0.00937,0.007611,0.002857,2.4618,1.1514,0.008099
Whitman,0.002181,0.001772,0.000798,2.4896,1.0,0.001988
Yakima,0.003123,0.002537,0.001044,2.3033,1.1447,0.002754
