Name,Estimated unvaccinated prevalence,Estimated vaccinated prevalence,Reported prevalence,Underreporting factor,Delay factor,Estimated prevalence
Entire state,0.000693,0.000564,0.000283,2.2151,1.0,0.000628
Albany,0.000451,0.000367,0.00018,2.2439,1.0,0.000404
Big Horn,0.000788,0.000641,0.000339,2.1521,1.0,0.00073
Campbell,0.000298,0.000243,0.000129,2.1724,1.0,0.000281
Carbon,0.000809,0.000658,0.000338,2.1906,1.0,0.00074
Converse,0.000496,0.000404,0.000217,2.1408,1.0,0.000465
Crook,0.000315,0.000256,0.000132,2.2506,1.0,0.000297
Fremont,0.000918,0.000747,0.000382,2.1285,1.0,0.000813
Goshen,0.00384,0.003124,0.001438,2.4705,1.0,0.003553
Hot Springs,0.001052,0.000856,0.000453,2.1075,1.0,0.000955
Johnson,0.000591,0.000481,0.000237,2.2959,1.0,0.000544
Laramie,0.000875,0.000712,0.000352,2.2299,1.0,0.000784
Lincoln,0.000122,0.0001,5e-05,2.2299,1.0,0.000112
Natrona,0.000529,0.00043,0.000225,2.1466,1.0,0.000484
Niobrara,0.001962,0.001596,0.000849,2.1772,1.0,0.001848
Park,0.000702,0.000571,0.000308,2.0813,1.0,0.000642
Platte,0.000302,0.000246,0.000119,2.3425,1.0,0.000279
Sheridan,0.001237,0.001007,0.000394,2.32,1.2222,0.001116
Sublette,0.000244,0.000198,0.000102,2.2299,1.0,0.000227
Sweetwater,0.000643,0.000523,0.00026,2.2472,1.0,0.000584
Teton,0.00255,0.002075,0.000938,2.2787,1.0,0.002136
Uinta,0.000347,0.000282,0.000148,2.115,1.0,0.000314
Washakie,0.000297,0.000242,0.000128,2.1285,1.0,0.000273
Weston,0.002067,0.001682,0.000866,2.2189,1.0,0.001922
