Name,Estimated unvaccinated prevalence,Estimated vaccinated prevalence,Reported prevalence,Underreporting factor,Delay factor,Estimated prevalence
Entire state,0.001942,0.001942,0.000835,2.3246,1.0,0.001942
Adams,0.000799,0.000799,0.00035,2.2797,1.0,0.000799
Asotin,0.002151,0.002151,0.000886,2.3013,1.0556,0.002151
Benton,0.001638,0.001638,0.000714,2.2925,1.0,0.001638
Chelan,0.002312,0.002312,0.000959,2.4124,1.0,0.002312
Clallam,0.002971,0.002971,0.00097,2.3181,1.3214,0.002971
Clark,0.001442,0.001442,0.000625,2.3081,1.0,0.001442
Columbia,0.005873,0.005873,0.001506,2.3403,1.6667,0.005873
Cowlitz,0.001016,0.001016,0.000452,2.2481,1.0,0.001016
Douglas,0.002172,0.002172,0.000898,2.4187,1.0,0.002172
Ferry,0.000599,0.000599,0.000262,2.2834,1.0,0.000599
Franklin,0.001126,0.001126,0.000494,2.2816,1.0,0.001126
Garfield,0.00209,0.00209,0.000899,2.3246,1.0,0.00209
Grant,0.001458,0.001458,0.000624,2.3357,1.0,0.001458
Grays Harbor,0.003464,0.003464,0.001545,2.2417,1.0,0.003464
Island,0.001515,0.001515,0.000658,2.303,1.0,0.001515
Jefferson,0.001873,0.001873,0.000807,2.3214,1.0,0.001873
King,0.002177,0.002177,0.000931,2.3372,1.0,0.002177
Kitsap,0.001268,0.001268,0.000553,2.2943,1.0,0.001268
Kittitas,0.000823,0.000823,0.000355,2.3198,1.0,0.000823
Klickitat,0.001922,0.001922,0.000624,2.3683,1.3,0.001922
Lewis,0.001596,0.001596,0.000681,2.3418,1.0,0.001596
Lincoln,0.004243,0.004243,0.001737,2.4429,1.0,0.004243
Mason,0.012629,0.012629,0.002681,2.3553,2.0,0.012629
Okanogan,0.002268,0.002268,0.000994,2.2816,1.0,0.002268
Pacific,0.003402,0.003402,0.001469,2.3165,1.0,0.003402
Pend Oreille,0.004478,0.004478,0.001166,2.3047,1.6667,0.004478
Pierce,0.001545,0.001545,0.000672,2.2995,1.0,0.001545
San Juan,0.004476,0.004476,0.000967,2.3148,2.0,0.004476
Skagit,0.00222,0.00222,0.000967,2.2943,1.0,0.00222
Skamania,0.000961,0.000961,0.000414,2.323,1.0,0.000961
Snohomish,0.002163,0.002163,0.000931,2.3246,1.0,0.002163
Spokane,0.002658,0.002658,0.001129,2.3553,1.0,0.002658
Stevens,0.002703,0.002703,0.001181,2.2889,1.0,0.002703
Thurston,0.001667,0.001667,0.000726,2.296,1.0,0.001667
Wahkiakum,0.001554,0.001554,0.000668,2.3246,1.0,0.001554
Walla Walla,0.00489,0.00489,0.001498,2.3582,1.3846,0.00489
Whatcom,0.001605,0.001605,0.000702,2.2853,1.0,0.001605
Whitman,0.000673,0.000673,0.000279,2.4099,1.0,0.000673
Yakima,0.001067,0.001067,0.000466,2.2889,1.0,0.001067
