Name,Estimated unvaccinated prevalence,Estimated vaccinated prevalence,Reported prevalence,Underreporting factor,Delay factor,Estimated prevalence
Entire state,0.002406,0.001958,0.000783,2.3262,1.1958,0.002177
Albany,0.004484,0.003648,0.001235,2.5576,1.2703,0.004011
Big Horn,0.000403,0.000328,0.00017,2.2015,1.0,0.000373
Campbell,0.00086,0.0007,0.000324,2.5035,1.0,0.00081
Carbon,0.004392,0.003573,0.000878,2.2825,2.0,0.00401
Converse,0.000506,0.000411,0.000217,2.1795,1.0,0.000473
Crook,0.000631,0.000513,0.000264,2.2538,1.0,0.000594
Fremont,0.002904,0.002362,0.00107,2.2084,1.1081,0.002618
Goshen,0.000543,0.000442,0.000227,2.2117,1.0,0.000502
Hot Springs,0.002238,0.00182,0.000906,2.2396,1.0,0.00203
Johnson,0.003107,0.002527,0.00071,2.41,1.6667,0.002854
Laramie,0.003827,0.003113,0.001156,2.3368,1.2667,0.003421
Lincoln,0.000483,0.000393,0.000202,2.198,1.0,0.000443
Natrona,0.00228,0.001855,0.000701,2.2673,1.3095,0.002082
Niobrara,0.00382,0.00311,0.001698,2.1183,1.0,0.003597
Park,0.002667,0.00217,0.000856,2.3705,1.2,0.002436
Platte,0.002511,0.002043,0.000834,2.3153,1.2,0.002317
Sheridan,0.003204,0.002607,0.000656,2.3153,1.9,0.002886
Sublette,0.001981,0.001611,0.000407,2.2646,2.0,0.001843
Sweetwater,0.001955,0.001591,0.000732,2.4201,1.0,0.001772
Teton,0.007715,0.006276,0.002216,2.4013,1.2143,0.006462
Uinta,0.003031,0.002466,0.000593,2.3086,2.0,0.002739
Washakie,0.001247,0.001014,0.000512,2.2337,1.0,0.001145
Weston,0.00108,0.000878,0.000433,2.3153,1.0,0.001003
