Name,Estimated unvaccinated prevalence,Estimated vaccinated prevalence,Reported prevalence,Underreporting factor,Delay factor,Estimated prevalence
Entire state,0.000791,0.000644,0.000275,2.2079,1.1791,0.000715
Albany,0.000745,0.000606,0.000309,2.1592,1.0,0.000666
Big Horn,0.001618,0.001316,0.000339,2.2079,2.0,0.001498
Campbell,0.000215,0.000175,8.6e-05,2.3454,1.0,0.000202
Carbon,0.000649,0.000528,0.00027,2.1931,1.0,0.000593
Converse,0.000683,0.000555,0.000289,2.2079,1.0,0.000639
Crook,0.000645,0.000524,0.000264,2.304,1.0,0.000608
Fremont,0.000933,0.000759,0.000357,2.1338,1.0833,0.000824
Goshen,0.00468,0.003807,0.000908,2.3822,2.0,0.004328
Hot Springs,0.001103,0.000898,0.000453,2.2079,1.0,0.001001
Johnson,0.000285,0.000231,0.000118,2.2079,1.0,0.000261
Laramie,0.000444,0.000361,0.000181,2.1931,1.0,0.000397
Lincoln,0.000121,9.9e-05,5e-05,2.2079,1.0,0.000111
Natrona,0.00134,0.00109,0.000401,2.1683,1.4091,0.001224
Niobrara,0.007064,0.005746,0.001273,2.6105,2.0,0.006648
Park,0.003342,0.002719,0.000685,2.2284,2.0,0.003053
Platte,0.00057,0.000464,0.000238,2.2079,1.0,0.000526
Sheridan,0.000235,0.000191,9.8e-05,2.1495,1.0,0.000212
Sublette,0.000241,0.000196,0.000102,2.2079,1.0,0.000225
Sweetwater,5.9e-05,4.8e-05,2.4e-05,2.2703,1.0,5.4e-05
Teton,0.004692,0.003817,0.001492,2.3253,1.1333,0.003931
Uinta,0.000696,0.000566,0.000148,2.1221,2.0,0.00063
Washakie,0.000601,0.000489,0.000256,2.1544,1.0,0.000552
Weston,0.000686,0.000558,0.000289,2.2079,1.0,0.000637
