Name,Estimated unvaccinated prevalence,Estimated vaccinated prevalence,Reported prevalence,Underreporting factor,Delay factor,Estimated prevalence
Entire state,0.003912,0.003184,0.001484,2.2414,1.0,0.003326
Addison,0.003474,0.002828,0.001332,2.2129,1.0,0.002948
Bennington,0.001645,0.001339,0.000592,2.1505,1.1111,0.001415
Caledonia,0.007328,0.005966,0.002734,2.3244,1.0,0.006355
Chittenden,0.004772,0.003885,0.001716,2.238,1.0487,0.004027
Essex,0.00881,0.007172,0.00357,2.2051,1.0,0.007872
Franklin,0.005217,0.004247,0.001437,2.248,1.4,0.004523
Grand Isle,0.002102,0.001711,0.000829,2.1394,1.0,0.001774
Lamoille,0.002529,0.002059,0.000946,2.2669,1.0,0.002145
Orange,0.002293,0.001866,0.0009,2.2091,1.0,0.001988
Orleans,0.004737,0.003856,0.001812,2.2758,1.0,0.004125
Rutland,0.003355,0.002731,0.001169,2.2012,1.1167,0.002872
Washington,0.00619,0.005039,0.002106,2.2669,1.0991,0.005247
Windham,0.002102,0.001711,0.000829,2.1799,1.0,0.001807
Windsor,0.003593,0.002925,0.001326,2.3342,1.0,0.003095
