Name,Estimated unvaccinated prevalence,Estimated vaccinated prevalence,Reported prevalence,Underreporting factor,Delay factor,Estimated prevalence
Entire state,0.004438,0.003613,0.001574,2.249,1.0663,0.003774
Addison,0.003546,0.002887,0.00136,2.2137,1.0,0.00301
Bennington,0.001415,0.001152,0.000536,2.1456,1.0588,0.001217
Caledonia,0.012826,0.010442,0.003434,2.318,1.3973,0.011123
Chittenden,0.005157,0.004198,0.001673,2.2389,1.1617,0.004352
Essex,0.022896,0.01864,0.005679,2.2249,1.619,0.020457
Franklin,0.00261,0.002125,0.001012,2.2355,1.0,0.002263
Grand Isle,0.001048,0.000854,0.000415,2.1339,1.0,0.000885
Lamoille,0.004531,0.003688,0.001341,2.2586,1.2692,0.003843
Orange,0.002524,0.002055,0.000969,2.2586,1.0,0.002189
Orleans,0.007947,0.00647,0.002367,2.2739,1.2857,0.006921
Rutland,0.002785,0.002267,0.001083,2.2019,1.0,0.002384
Washington,0.010072,0.008199,0.002209,2.2648,1.7067,0.008537
Windham,0.003616,0.002944,0.001113,2.1851,1.2778,0.003108
Windsor,0.003906,0.00318,0.001398,2.4059,1.0,0.003364
