Name,Estimated unvaccinated prevalence,Estimated vaccinated prevalence,Reported prevalence,Underreporting factor,Delay factor,Estimated prevalence
Entire state,0.001492,0.001492,0.000633,2.2419,1.0505,0.001492
Adams,0.00044,0.00044,0.0002,2.1959,1.0,0.00044
Asotin,0.005957,0.005957,0.001328,2.2419,2.0,0.005957
Benton,0.001897,0.001897,0.000592,2.2168,1.4458,0.001897
Chelan,0.00146,0.00146,0.000648,2.2535,1.0,0.00146
Clallam,0.000774,0.000774,0.000349,2.2168,1.0,0.000774
Clark,0.00102,0.00102,0.000449,2.2735,1.0,0.00102
Columbia,0.001125,0.001125,0.000502,2.2419,1.0,0.001125
Cowlitz,0.000818,0.000818,0.000371,2.2078,1.0,0.000818
Douglas,0.001227,0.001227,0.000507,2.4224,1.0,0.001227
Ferry,0.014109,0.014109,0.003147,2.2419,2.0,0.014109
Franklin,0.001076,0.001076,0.000378,2.1959,1.2963,0.001076
Garfield,0.003023,0.003023,0.001348,2.2419,1.0,0.003023
Grant,0.000828,0.000828,0.000379,2.1884,1.0,0.000828
Grays Harbor,0.001498,0.001498,0.000653,2.2955,1.0,0.001498
Island,0.00098,0.00098,0.000446,2.1959,1.0,0.00098
Jefferson,0.00138,0.00138,0.000621,2.2233,1.0,0.00138
King,0.001214,0.001214,0.000541,2.2458,1.0,0.001214
Kitsap,0.001011,0.001011,0.000449,2.2497,1.0,0.001011
Kittitas,0.00096,0.00096,0.000417,2.3003,1.0,0.00096
Klickitat,0.001365,0.001365,0.000357,2.1858,1.75,0.001365
Lewis,0.000827,0.000827,0.000372,2.2255,1.0,0.000827
Lincoln,0.000407,0.000407,0.000183,2.2276,1.0,0.000407
Mason,0.000815,0.000815,0.000374,2.1779,1.0,0.000815
Okanogan,0.001178,0.001178,0.000544,2.1639,1.0,0.001178
Pacific,0.000827,0.000827,0.000356,2.3219,1.0,0.000827
Pend Oreille,0.000504,0.000504,0.000219,2.3066,1.0,0.000504
Pierce,0.005837,0.005837,0.001313,2.2233,2.0,0.005837
San Juan,0.001753,0.001753,0.000626,2.2419,1.25,0.001753
Skagit,0.004905,0.004905,0.001215,2.2255,1.814,0.004905
Skamania,0.000835,0.000835,0.000331,2.5238,1.0,0.000835
Snohomish,0.001393,0.001393,0.00062,2.2458,1.0,0.001393
Spokane,0.00151,0.00151,0.000666,2.2682,1.0,0.00151
Stevens,0.000701,0.000701,0.000306,2.2905,1.0,0.000701
Thurston,0.001233,0.001233,0.000537,2.2971,1.0,0.001233
Wahkiakum,0.000528,0.000528,0.000223,2.3704,1.0,0.000528
Walla Walla,0.001562,0.001562,0.000625,2.2276,1.1212,0.001562
Whatcom,0.002028,0.002028,0.000702,2.2735,1.2698,0.002028
Whitman,0.001296,0.001296,0.000299,2.1639,2.0,0.001296
Yakima,0.000738,0.000738,0.000303,2.2399,1.087,0.000738
