Name,Estimated unvaccinated prevalence,Estimated vaccinated prevalence,Reported prevalence,Underreporting factor,Delay factor,Estimated prevalence
Entire state,0.002518,0.002518,0.001064,2.3666,1.0,0.002518
Addison,0.001967,0.001967,0.000816,2.4111,1.0,0.001967
Bennington,0.004836,0.004836,0.002002,2.4161,1.0,0.004836
Caledonia,0.001013,0.001013,0.000433,2.3377,1.0,0.001013
Chittenden,0.00158,0.00158,0.000672,2.3525,1.0,0.00158
Essex,0.002032,0.002032,0.000811,2.5045,1.0,0.002032
Franklin,0.002223,0.002223,0.000931,2.3869,1.0,0.002223
Grand Isle,0.001685,0.001685,0.000691,2.4387,1.0,0.001685
Lamoille,0.000979,0.000979,0.000394,2.4829,1.0,0.000979
Orange,0.002252,0.002252,0.0009,2.5025,1.0,0.002252
Orleans,0.000689,0.000689,0.000296,2.327,1.0,0.000689
Rutland,0.003961,0.003961,0.00165,2.4011,1.0,0.003961
Washington,0.002275,0.002275,0.000976,2.3316,1.0,0.002275
Windham,0.002995,0.002995,0.001303,2.2993,1.0,0.002995
Windsor,0.005515,0.005515,0.001725,2.5165,1.2703,0.005515
