Name,Estimated unvaccinated prevalence,Estimated vaccinated prevalence,Reported prevalence,Underreporting factor,Delay factor,Estimated prevalence
Entire state,0.00773,0.001438,0.001258,2.4119,1.0,0.003034
Adams,0.004163,0.000775,0.000951,2.393,1.0,0.002275
Asotin,0.005968,0.00111,0.001461,2.7375,1.0,0.004
Benton,0.004819,0.000896,0.00114,2.3613,1.0,0.002692
Chelan,0.008291,0.001542,0.00158,2.3427,1.0,0.003702
Clallam,0.008504,0.001582,0.001435,2.7241,1.0,0.00391
Clark,0.007167,0.001333,0.001346,2.648,1.0,0.003563
Columbia,0.005266,0.00098,0.001506,2.1866,1.0,0.003292
Cowlitz,0.006868,0.001278,0.001465,2.5235,1.0,0.003697
Douglas,0.007191,0.001338,0.001543,2.4172,1.0,0.003729
Ferry,0.014012,0.002607,0.001836,2.1682,2.0,0.00796
Franklin,0.004274,0.000795,0.001061,2.4146,1.0,0.002561
Garfield,0.035004,0.006512,0.004494,2.6027,2.0,0.023395
Grant,0.007246,0.001348,0.001617,2.5131,1.0,0.004063
Grays Harbor,0.012984,0.002416,0.002651,2.6429,1.0,0.007007
Island,0.005548,0.001032,0.001092,2.4066,1.0,0.002629
Jefferson,0.006855,0.001275,0.001086,2.4594,1.0,0.002671
King,0.0054,0.001005,0.000868,2.3058,1.0,0.002002
Kitsap,0.005412,0.001007,0.001039,2.4779,1.0,0.002574
Kittitas,0.007191,0.001338,0.001502,2.7404,1.0,0.004116
Klickitat,0.007015,0.001305,0.001382,2.6344,1.2,0.00437
Lewis,0.011845,0.002204,0.002701,2.6223,1.0,0.007083
Lincoln,0.004695,0.000873,0.001097,2.5002,1.0,0.002743
Mason,0.00752,0.001399,0.001647,2.4146,1.0,0.003978
Okanogan,0.005158,0.00096,0.000994,2.4039,1.0,0.00239
Pacific,0.0059,0.001098,0.001246,2.6513,1.0,0.003304
Pend Oreille,0.005986,0.001114,0.001603,2.5439,1.0,0.004078
Pierce,0.007853,0.001461,0.001582,2.4958,1.0,0.003949
San Juan,0.004341,0.000808,0.000739,2.1319,1.0,0.001576
Skagit,0.008162,0.001518,0.001579,2.4594,1.0,0.003883
Skamania,0.005516,0.001026,0.001407,2.7375,1.0,0.003851
Snohomish,0.007388,0.001374,0.001388,2.44,1.0,0.003387
Spokane,0.006337,0.001179,0.001329,2.4936,1.0,0.003315
Stevens,0.006785,0.001262,0.001706,2.457,1.1159,0.004677
Thurston,0.007588,0.001412,0.001446,2.5399,1.0,0.003672
Wahkiakum,0.004535,0.000844,0.001114,2.4779,1.0,0.002761
Walla Walla,0.004311,0.000802,0.000889,2.4066,1.0,0.002139
Whatcom,0.010242,0.001905,0.001845,2.435,1.0,0.004493
Whitman,0.003572,0.000665,0.000838,2.6563,1.0,0.002227
Yakima,0.005531,0.001029,0.001184,2.4275,1.0,0.002874
