Name,Estimated unvaccinated prevalence,Estimated vaccinated prevalence,Reported prevalence,Underreporting factor,Delay factor,Estimated prevalence
Entire state,0.000898,0.000898,0.000392,2.2903,1.0,0.000898
Albany,0.001186,0.001186,0.000489,2.4264,1.0,0.001186
Big Horn,0.002879,0.002879,0.000594,2.4246,2.0,0.002879
Campbell,0.000854,0.000854,0.000345,2.4724,1.0,0.000854
Carbon,0.000619,0.000619,0.00027,2.2903,1.0,0.000619
Converse,0.003008,0.003008,0.000723,2.079,2.0,0.003008
Crook,0.001601,0.001601,0.000659,2.4282,1.0,0.001601
Fremont,0.004224,0.004224,0.001324,2.3136,1.3784,0.004224
Goshen,0.000172,0.000172,7.6e-05,2.2665,1.0,0.000172
Hot Springs,0.000509,0.000509,0.000227,2.2451,1.0,0.000509
Johnson,0.004649,0.004649,0.001895,2.2903,1.0714,0.004649
Laramie,0.000472,0.000472,0.000211,2.237,1.0,0.000472
Lincoln,0.000577,0.000577,0.000252,2.2903,1.0,0.000577
Natrona,0.000363,0.000363,0.000163,2.2287,1.0,0.000363
Niobrara,0.000972,0.000972,0.000424,2.2903,1.0,0.000972
Park,0.001509,0.001509,0.00048,2.1789,1.4444,0.001509
Platte,0.012422,0.012422,0.00274,2.2665,2.0,0.012422
Sheridan,0.002388,0.002388,0.00105,2.2751,1.0,0.002388
Sublette,0.001165,0.001165,0.000509,2.2903,1.0,0.001165
Sweetwater,0.000477,0.000477,0.000213,2.2451,1.0,0.000477
Teton,0.000517,0.000517,0.000213,2.4246,1.0,0.000517
Uinta,0.000707,0.000707,0.000297,2.383,1.0,0.000707
Washakie,0.003589,0.003589,0.000769,2.3341,2.0,0.003589
Weston,0.000323,0.000323,0.000144,2.2354,1.0,0.000323
