Name,Estimated unvaccinated prevalence,Estimated vaccinated prevalence,Reported prevalence,Underreporting factor,Delay factor,Estimated prevalence
Entire state,0.002384,0.002384,0.000808,2.283,1.2931,0.002384
Addison,0.001638,0.001638,0.000625,2.2613,1.1579,0.001638
Bennington,0.004211,0.004211,0.001156,2.277,1.6,0.004211
Caledonia,0.000995,0.000995,0.000433,2.2961,1.0,0.000995
Chittenden,0.001764,0.001764,0.000598,2.31,1.2763,0.001764
Essex,0.002223,0.002223,0.000487,2.283,2.0,0.002223
Franklin,0.002821,0.002821,0.000951,2.2565,1.3143,0.002821
Grand Isle,0.003012,0.003012,0.000691,2.179,2.0,0.003012
Lamoille,0.00119,0.00119,0.000473,2.5146,1.0,0.00119
Orange,0.003085,0.003085,0.000692,2.2286,2.0,0.003085
Orleans,0.000484,0.000484,0.000185,2.6187,1.0,0.000484
Rutland,0.009774,0.009774,0.002148,2.3485,1.9375,0.009774
Washington,0.000858,0.000858,0.000394,2.179,1.0,0.000858
Windham,0.001286,0.001286,0.000568,2.263,1.0,0.001286
Windsor,0.001402,0.001402,0.000599,2.2661,1.0323,0.001402
