Name,Estimated unvaccinated prevalence,Estimated vaccinated prevalence,Reported prevalence,Underreporting factor,Delay factor,Estimated prevalence
Entire state,0.000627,0.00051,0.000259,2.1892,1.0,0.000567
Albany,0.002281,0.001856,0.000463,2.2057,2.0,0.002042
Big Horn,0.000191,0.000156,8.5e-05,2.0902,1.0,0.000177
Campbell,0.001216,0.000989,0.000259,2.2134,2.0,0.001146
Carbon,0.000315,0.000256,0.000135,2.1338,1.0,0.000288
Converse,0.000331,0.000269,0.000145,2.1397,1.0,0.00031
Crook,0.000314,0.000256,0.000132,2.2486,1.0,0.000296
Fremont,0.000547,0.000445,0.000229,2.1141,1.0,0.000485
Goshen,0.000696,0.000566,0.000303,2.1276,1.0,0.000644
Hot Springs,0.00053,0.000431,0.000227,2.121,1.0,0.000481
Johnson,0.000579,0.000471,0.000237,2.2486,1.0,0.000533
Laramie,0.000697,0.000567,0.000281,2.2209,1.0,0.000625
Lincoln,0.000122,9.9e-05,5e-05,2.2282,1.0,0.000112
Natrona,0.000507,0.000413,0.000225,2.057,1.0,0.000464
Niobrara,0.001962,0.001596,0.000849,2.1758,1.0,0.001847
Park,0.000586,0.000477,0.00024,2.2352,1.0,0.000536
Platte,0.000579,0.000471,0.000238,2.2453,1.0,0.000535
Sheridan,0.000159,0.000129,6.6e-05,2.1804,1.0,0.000143
Sublette,0.000239,0.000195,0.000102,2.1892,1.0,0.000223
Sweetwater,0.000521,0.000424,0.000213,2.2246,1.0,0.000473
Teton,0.010106,0.008221,0.001833,2.3098,2.0,0.008466
Uinta,0.000115,9.4e-05,4.9e-05,2.1067,1.0,0.000104
Washakie,0.002537,0.002064,0.001025,2.2736,1.0,0.00233
Weston,0.000674,0.000548,0.000289,2.1711,1.0,0.000627
