Name,Estimated unvaccinated prevalence,Estimated vaccinated prevalence,Reported prevalence,Underreporting factor,Delay factor,Estimated prevalence
Entire state,0.020498,0.003809,0.002731,3.6556,1.0,0.009984
Adams,0.029427,0.005468,0.004904,3.6556,1.0,0.017928
Asotin,0.023738,0.00441,0.004561,3.6556,1.0,0.016674
Benton,0.029621,0.005503,0.004932,3.6556,1.0,0.018029
Chelan,0.026839,0.004987,0.003614,3.6556,1.0,0.013211
Clallam,0.019918,0.003701,0.002729,3.6556,1.0,0.009974
Clark,0.016286,0.003026,0.002398,3.6556,1.0,0.008768
Columbia,0.033432,0.006212,0.004015,3.6556,1.5,0.022016
Cowlitz,0.032572,0.006052,0.005172,3.6556,1.0,0.018907
Douglas,0.02446,0.004545,0.003753,3.6556,1.0,0.01372
Ferry,0.030326,0.005634,0.004196,3.6556,1.1923,0.018287
Franklin,0.033801,0.00628,0.00607,3.6556,1.0,0.02219
Garfield,0.018343,0.003408,0.003596,3.6556,1.0,0.013144
Grant,0.0357,0.006633,0.005628,3.6556,1.0598,0.021803
Grays Harbor,0.041911,0.007787,0.006168,3.6556,1.082,0.024397
Island,0.016612,0.003086,0.002208,3.6556,1.0686,0.008626
Jefferson,0.019048,0.003539,0.001769,3.6556,1.2444,0.008048
King,0.01315,0.002443,0.001537,3.6556,1.0,0.005619
Kitsap,0.017851,0.003317,0.002494,3.6556,1.0384,0.009467
Kittitas,0.022007,0.004089,0.003338,3.6556,1.0966,0.01338
Klickitat,0.036849,0.006846,0.004771,3.6556,1.359,0.023704
Lewis,0.020152,0.003744,0.003531,3.6556,1.0,0.012909
Lincoln,0.035305,0.00656,0.006033,3.6556,1.0,0.022056
Mason,0.018077,0.003359,0.002831,3.6556,1.0,0.010348
Okanogan,0.044337,0.008238,0.006131,3.6556,1.0,0.022413
Pacific,0.017328,0.003219,0.002804,3.6556,1.0,0.010249
Pend Oreille,0.025432,0.004725,0.004955,3.6556,1.0,0.018113
Pierce,0.02748,0.005106,0.003292,3.6556,1.2613,0.015178
San Juan,0.011556,0.002147,0.000626,3.6556,2.0,0.004574
Skagit,0.027421,0.005095,0.00339,3.6556,1.15,0.014251
Skamania,0.01176,0.002185,0.002317,3.6556,1.0,0.008471
Snohomish,0.015816,0.002938,0.002188,3.6556,1.0,0.008
Spokane,0.02334,0.004337,0.003642,3.6556,1.0,0.013314
Stevens,0.033817,0.006283,0.006343,3.6556,1.0509,0.024366
Thurston,0.019226,0.003572,0.002578,3.6556,1.0856,0.010231
Wahkiakum,0.020777,0.00386,0.003342,3.6556,1.0769,0.013158
Walla Walla,0.030111,0.005595,0.004477,3.6556,1.0,0.016365
Whatcom,0.014011,0.002603,0.001823,3.6556,1.0,0.006666
Whitman,0.020458,0.003801,0.003293,3.6556,1.1233,0.013523
Yakima,0.022976,0.004269,0.003595,3.6556,1.0,0.013144
