Name,Estimated unvaccinated prevalence,Estimated vaccinated prevalence,Reported prevalence,Underreporting factor,Delay factor,Estimated prevalence
Entire state,0.000924,0.000924,0.000406,2.2757,1.0,0.000924
Albany,0.00047,0.00047,0.000206,2.2865,1.0,0.00047
Big Horn,0.001259,0.001259,0.000424,2.2257,1.3333,0.001259
Campbell,0.001269,0.001269,0.000453,2.3809,1.1765,0.001269
Carbon,0.001318,0.001318,0.000541,2.4379,1.0,0.001318
Converse,0.001153,0.001153,0.000506,2.2757,1.0,0.001153
Crook,0.000941,0.000941,0.000396,2.3798,1.0,0.000941
Fremont,0.000491,0.000491,0.000229,2.1409,1.0,0.000491
Goshen,0.005328,0.005328,0.001211,2.3465,1.875,0.005328
Hot Springs,0.002515,0.002515,0.001133,2.2199,1.0,0.002515
Johnson,0.000815,0.000815,0.000355,2.2939,1.0,0.000815
Laramie,0.000805,0.000805,0.000352,2.288,1.0,0.000805
Lincoln,0.00093,0.00093,0.000353,2.6351,1.0,0.00093
Natrona,0.001808,0.001808,0.000639,2.4349,1.1628,0.001808
Niobrara,0.001932,0.001932,0.000849,2.2757,1.0,0.001932
Park,0.000824,0.000824,0.000377,2.1882,1.0,0.000824
Platte,0.004285,0.004285,0.000834,2.5691,2.0,0.004285
Sheridan,0.001199,0.001199,0.000525,2.2849,1.0,0.001199
Sublette,0.000231,0.000231,0.000102,2.2757,1.0,0.000231
Sweetwater,0.000412,0.000412,0.000189,2.1812,1.0,0.000412
Teton,0.001077,0.001077,0.000469,2.2983,1.0,0.001077
Uinta,0.002011,0.002011,0.000791,2.2036,1.1538,0.002011
Washakie,0.001492,0.001492,0.000641,2.3286,1.0,0.001492
Weston,0.000649,0.000649,0.000289,2.2476,1.0,0.000649
