Name,Estimated unvaccinated prevalence,Estimated vaccinated prevalence,Reported prevalence,Underreporting factor,Delay factor,Estimated prevalence
Entire state,0.025755,0.004848,0.004563,2.3122,1.0,0.01055
Addison,0.021469,0.004041,0.003372,2.2563,1.0,0.007607
Bennington,0.050026,0.009417,0.007922,2.3595,1.0526,0.019676
Caledonia,0.023955,0.004509,0.004568,2.3053,1.0,0.01053
Chittenden,0.042302,0.007963,0.004079,2.2947,1.5056,0.014092
Essex,0.017123,0.003223,0.003894,2.3796,1.0,0.009267
Franklin,0.034569,0.006507,0.006032,2.4194,1.0385,0.015155
Grand Isle,0.041068,0.007731,0.004976,2.3768,1.1667,0.013797
Lamoille,0.031161,0.005866,0.004258,2.3088,1.1263,0.011073
Orange,0.020912,0.003937,0.003392,2.2911,1.1548,0.008974
Orleans,0.016825,0.003167,0.003255,2.3018,1.0,0.007492
Rutland,0.039229,0.007385,0.006341,2.3711,1.0,0.015036
Washington,0.021283,0.004006,0.00315,2.2479,1.0339,0.007321
Windham,0.041392,0.007792,0.005968,2.3287,1.1896,0.016534
Windsor,0.036364,0.006845,0.006157,2.4039,1.0,0.0148
