Name,Estimated unvaccinated prevalence,Estimated vaccinated prevalence,Reported prevalence,Underreporting factor,Delay factor,Estimated prevalence
Entire state,0.017178,0.013953,0.003134,2.4544,2.0,0.015382
Adams,0.028319,0.023004,0.004904,2.5565,2.0,0.025075
Asotin,0.00547,0.004443,0.001683,2.3453,1.2759,0.005035
Benton,0.019196,0.015593,0.003391,2.5259,2.0,0.017128
Chelan,0.020539,0.016684,0.003588,2.4794,2.0,0.017793
Clallam,0.014699,0.01194,0.00269,2.3776,2.0,0.01279
Clark,0.014786,0.01201,0.002599,2.4933,2.0,0.012961
Columbia,0.001199,0.000974,0.000502,2.1788,1.0,0.001093
Cowlitz,0.009388,0.007625,0.002025,2.3435,1.7559,0.008335
Douglas,0.016372,0.013299,0.002809,2.5729,2.0,0.014455
Ferry,0.005426,0.004408,0.002098,2.3076,1.0,0.004841
Franklin,0.01859,0.0151,0.003319,2.5188,2.0,0.016718
Garfield,0.001193,0.000968,0.000449,2.4544,1.0,0.001103
Grant,0.022648,0.018397,0.00398,2.5363,2.0,0.02019
Grays Harbor,0.017124,0.013909,0.003184,2.376,2.0,0.01513
Island,0.009402,0.007637,0.001668,2.4178,2.0,0.008065
Jefferson,0.017286,0.014041,0.002948,2.5044,2.0,0.014768
King,0.020519,0.016667,0.00361,2.4743,1.9436,0.017361
Kitsap,0.012862,0.010448,0.002288,2.4407,2.0,0.011166
Kittitas,0.012878,0.010461,0.002441,2.3677,2.0,0.011558
Klickitat,0.02251,0.018284,0.00388,2.6398,2.0,0.020482
Lewis,0.01334,0.010836,0.002466,2.4407,2.0,0.012036
Lincoln,0.017112,0.013899,0.0032,2.3824,2.0,0.015246
Mason,0.012934,0.010506,0.002576,2.2189,2.0,0.011432
Okanogan,0.013324,0.010823,0.002462,2.3592,2.0,0.011617
Pacific,0.012803,0.010399,0.002314,2.4531,2.0,0.011353
Pend Oreille,0.009776,0.007941,0.00204,2.2104,2.0,0.009019
Pierce,0.017538,0.014246,0.003137,2.4476,2.0,0.015357
San Juan,0.005857,0.004758,0.001422,2.3194,1.5,0.004947
Skagit,0.01717,0.013947,0.003042,2.4625,2.0,0.01498
Skamania,0.001606,0.001305,0.000662,2.2479,1.0,0.001488
Snohomish,0.016966,0.013781,0.003165,2.4625,1.8848,0.01469
Spokane,0.015366,0.012481,0.002978,2.4222,1.8815,0.013573
Stevens,0.010542,0.008564,0.002056,2.3727,2.0,0.009756
Thurston,0.017744,0.014413,0.003136,2.4584,2.0,0.015417
Wahkiakum,0.003065,0.00249,0.001114,2.4958,1.0,0.002781
Walla Walla,0.01882,0.015287,0.003621,2.2848,2.0,0.016546
Whatcom,0.013545,0.011002,0.00239,2.4462,2.0,0.011695
Whitman,0.00374,0.003038,0.000738,2.3056,2.0,0.003405
Yakima,0.022225,0.018053,0.003942,2.4832,2.0,0.019579
