Name,Estimated unvaccinated prevalence,Estimated vaccinated prevalence,Reported prevalence,Underreporting factor,Delay factor,Estimated prevalence
Entire state,0.013085,0.010645,0.002481,2.3852,2.0,0.011836
Albany,0.01074,0.008737,0.002469,2.5799,1.5079,0.009606
Big Horn,0.006527,0.005311,0.001781,2.2054,1.5385,0.006044
Campbell,0.007105,0.00578,0.001338,2.5005,2.0,0.006691
Carbon,0.003195,0.002599,0.001149,2.3799,1.0667,0.002916
Converse,0.001186,0.000965,0.000506,2.1917,1.0,0.00111
Crook,0.004682,0.003808,0.000923,2.3888,2.0,0.00441
Fremont,0.017931,0.014587,0.003566,2.2661,2.0,0.016161
Goshen,0.004967,0.004041,0.001135,2.3109,1.75,0.004592
Hot Springs,0.009068,0.007375,0.001813,2.2686,2.0,0.008225
Johnson,0.019099,0.015539,0.003908,2.2448,2.0,0.017543
Laramie,0.011267,0.009166,0.002472,2.4109,1.6897,0.010071
Lincoln,0.00918,0.007468,0.001815,2.3196,2.0,0.008422
Natrona,0.00661,0.005377,0.00149,2.2998,1.7612,0.006036
Niobrara,0.004831,0.003933,0.002122,2.1429,1.0,0.004548
Park,0.008541,0.006949,0.001747,2.3217,1.9231,0.0078
Platte,0.011927,0.009703,0.002145,2.5657,2.0,0.011005
Sheridan,0.016254,0.013223,0.003149,2.3238,2.0,0.014636
Sublette,0.006315,0.005137,0.001322,2.2214,2.0,0.005875
Sweetwater,0.006787,0.005522,0.001346,2.3653,1.931,0.006148
Teton,0.044283,0.036025,0.007458,2.4867,2.0,0.037093
Uinta,0.002678,0.002179,0.001088,2.2245,1.0,0.00242
Washakie,0.000913,0.000743,0.000384,2.1808,1.0,0.000838
Weston,0.008472,0.00689,0.001588,2.4768,2.0,0.007866
