Name,Estimated unvaccinated prevalence,Estimated vaccinated prevalence,Reported prevalence,Underreporting factor,Delay factor,Estimated prevalence
Entire state,0.002059,0.001675,0.0008,2.3251,1.0,0.00186
Albany,0.004495,0.003657,0.001132,2.3919,1.4828,0.004014
Big Horn,0.001146,0.000932,0.000509,2.0817,1.0,0.001059
Campbell,0.001634,0.001329,0.000626,2.4574,1.0,0.001538
Carbon,0.002123,0.001727,0.000811,2.3876,1.0,0.001936
Converse,0.003671,0.002986,0.001592,2.1565,1.0,0.003432
Crook,0.002652,0.002157,0.001055,2.3654,1.0,0.002495
Fremont,0.004205,0.00342,0.00163,2.32,1.0,0.003782
Goshen,0.00297,0.002416,0.001211,2.2648,1.0,0.002743
Hot Springs,0.002168,0.001764,0.000906,2.1668,1.0,0.001964
Johnson,0.001168,0.00095,0.000474,2.2627,1.0,0.001072
Laramie,0.00174,0.001416,0.000673,2.3057,1.0,0.001553
Lincoln,0.001136,0.000924,0.000454,2.2927,1.0,0.001041
Natrona,0.001999,0.001626,0.000814,2.2405,1.0,0.001824
Niobrara,0.001048,0.000854,0.000424,2.3251,1.0,0.000987
Park,0.00108,0.000879,0.000445,2.2136,1.0,0.000986
Platte,0.001701,0.001383,0.000596,2.6303,1.0,0.001567
Sheridan,0.001201,0.000977,0.000492,2.1945,1.0,0.00108
Sublette,0.003358,0.002732,0.000712,2.1916,2.0,0.003121
Sweetwater,0.002311,0.00188,0.00085,2.4574,1.0,0.002089
Teton,0.00293,0.002384,0.001023,2.4031,1.0,0.002458
Uinta,0.000739,0.000601,0.000297,2.2451,1.0,0.000666
Washakie,0.003163,0.002573,0.001281,2.2627,1.0,0.002899
Weston,0.014358,0.011681,0.002599,2.5641,2.0,0.013326
