Name,Estimated unvaccinated prevalence,Estimated vaccinated prevalence,Reported prevalence,Underreporting factor,Delay factor,Estimated prevalence
Entire state,0.001781,0.001781,0.000744,2.2862,1.0475,0.001781
Addison,0.001401,0.001401,0.000625,2.2403,1.0,0.001401
Bennington,0.001899,0.001899,0.000846,2.2457,1.0,0.001899
Caledonia,0.001293,0.001293,0.0004,2.3511,1.375,0.001293
Chittenden,0.001445,0.001445,0.000604,2.2936,1.0426,0.001445
Essex,0.002592,0.002592,0.000811,2.3961,1.3333,0.002592
Franklin,0.001527,0.001527,0.000628,2.2707,1.0714,0.001527
Grand Isle,0.002407,0.002407,0.000829,2.3216,1.25,0.002407
Lamoille,0.001015,0.001015,0.000394,2.5739,1.0,0.001015
Orange,0.002389,0.002389,0.000554,2.3009,1.875,0.002389
Orleans,0.001404,0.001404,0.000407,2.4152,1.4286,0.001404
Rutland,0.003078,0.003078,0.001272,2.3873,1.0139,0.003078
Washington,0.002,0.002,0.000719,2.1712,1.2812,0.002
Windham,0.002015,0.002015,0.000876,2.2994,1.0,0.002015
Windsor,0.002366,0.002366,0.000672,2.2491,1.5652,0.002366
