Name,Estimated unvaccinated prevalence,Estimated vaccinated prevalence,Reported prevalence,Underreporting factor,Delay factor,Estimated prevalence
Entire state,0.001252,0.001252,0.000557,2.2478,1.0,0.001252
Adams,0.000337,0.000337,0.00015,2.2478,1.0,0.000337
Asotin,0.001593,0.001593,0.000709,2.2478,1.0,0.001593
Benton,0.000737,0.000737,0.000328,2.2478,1.0,0.000737
Chelan,0.001783,0.001783,0.000648,2.2478,1.225,0.001783
Clallam,0.001424,0.001424,0.000634,2.2478,1.0,0.001424
Clark,0.001068,0.001068,0.000475,2.2478,1.0,0.001068
Columbia,0.001128,0.001128,0.000502,2.2478,1.0,0.001128
Cowlitz,0.000922,0.000922,0.000344,2.2478,1.1935,0.000922
Douglas,0.002403,0.002403,0.000599,2.2478,1.7857,0.002403
Ferry,0.000589,0.000589,0.000262,2.2478,1.0,0.000589
Franklin,0.001071,0.001071,0.000399,2.2478,1.1935,0.001071
Garfield,0.00202,0.00202,0.000899,2.2478,1.0,0.00202
Grant,0.000851,0.000851,0.000379,2.2478,1.0,0.000851
Grays Harbor,0.001288,0.001288,0.000573,2.2478,1.0,0.001288
Island,0.000845,0.000845,0.000376,2.2478,1.0,0.000845
Jefferson,0.001325,0.001325,0.00059,2.2478,1.0,0.001325
King,0.001203,0.001203,0.000535,2.2478,1.0,0.001203
Kitsap,0.001296,0.001296,0.000505,2.2478,1.1429,0.001296
Kittitas,0.000813,0.000813,0.000271,2.2478,1.3333,0.000813
Klickitat,0.001403,0.001403,0.000624,2.2478,1.0,0.001403
Lewis,0.000585,0.000585,0.00026,2.2478,1.0,0.000585
Lincoln,0.000822,0.000822,0.000366,2.2478,1.0,0.000822
Mason,0.001111,0.001111,0.000494,2.2478,1.0,0.001111
Okanogan,0.000905,0.000905,0.000402,2.2478,1.0,0.000905
Pacific,0.0007,0.0007,0.000312,2.2478,1.0,0.0007
Pend Oreille,0.001638,0.001638,0.000729,2.2478,1.0,0.001638
Pierce,0.002158,0.002158,0.000849,2.2478,1.1313,0.002158
San Juan,0.000511,0.000511,0.000228,2.2478,1.0,0.000511
Skagit,0.000992,0.000992,0.000441,2.2478,1.0,0.000992
Skamania,0.000744,0.000744,0.000331,2.2478,1.0,0.000744
Snohomish,0.00131,0.00131,0.000583,2.2478,1.0,0.00131
Spokane,0.002077,0.002077,0.00083,2.2478,1.1131,0.002077
Stevens,0.001131,0.001131,0.000503,2.2478,1.0,0.001131
Thurston,0.001269,0.001269,0.000564,2.2478,1.0,0.001269
Wahkiakum,0.003005,0.003005,0.000668,2.2478,2.0,0.003005
Walla Walla,0.003108,0.003108,0.000691,2.2478,2.0,0.003108
Whatcom,0.001391,0.001391,0.000571,2.2478,1.0833,0.001391
Whitman,0.000135,0.000135,6e-05,2.2478,1.0,0.000135
Yakima,0.000475,0.000475,0.000211,2.2478,1.0,0.000475
