Name,Estimated unvaccinated prevalence,Estimated vaccinated prevalence,Reported prevalence,Underreporting factor,Delay factor,Estimated prevalence
Entire state,0.013305,0.002509,0.002353,2.3227,1.0,0.005464
Addison,0.007355,0.001387,0.00106,2.2962,1.2258,0.002985
Bennington,0.012005,0.002264,0.002284,2.3352,1.0,0.005333
Caledonia,0.008785,0.001657,0.0019,2.2618,1.0,0.004298
Chittenden,0.010475,0.001975,0.00185,2.2565,1.0,0.004175
Essex,0.041431,0.007813,0.004706,2.5339,2.0,0.023847
Franklin,0.010047,0.001895,0.002105,2.3311,1.0,0.004907
Grand Isle,0.01435,0.002706,0.002073,2.3053,1.1667,0.005576
Lamoille,0.006696,0.001263,0.001222,2.2618,1.0,0.002765
Orange,0.007169,0.001352,0.001384,2.3311,1.0541,0.003402
Orleans,0.038345,0.007231,0.006953,2.4827,1.1,0.01899
Rutland,0.036752,0.00693,0.004107,2.4317,1.5867,0.015847
Washington,0.012065,0.002275,0.002174,2.267,1.0,0.004929
Windham,0.012461,0.00235,0.002132,2.327,1.141,0.00566
Windsor,0.013046,0.00246,0.002488,2.3589,1.0074,0.005913
