Name,Estimated unvaccinated prevalence,Estimated vaccinated prevalence,Reported prevalence,Underreporting factor,Delay factor,Estimated prevalence
Entire state,0.007718,0.001435,0.00123,2.3977,1.0,0.002948
Adams,0.004785,0.00089,0.000901,2.3727,1.2143,0.002595
Asotin,0.008424,0.001567,0.001771,2.6081,1.2188,0.00563
Benton,0.003129,0.000582,0.000724,2.3977,1.0,0.001736
Chelan,0.007139,0.001328,0.001347,2.3397,1.0,0.003152
Clallam,0.010194,0.001896,0.001616,2.695,1.069,0.004657
Clark,0.006882,0.00128,0.001354,2.5064,1.0,0.003393
Columbia,0.017691,0.00329,0.002509,2.441,1.8,0.011026
Cowlitz,0.010912,0.002029,0.001908,2.5662,1.1932,0.005842
Douglas,0.004674,0.000869,0.001059,2.2696,1.0,0.002404
Ferry,0.026554,0.004938,0.003409,2.2015,2.0,0.01501
Franklin,0.00362,0.000673,0.000861,2.5001,1.0,0.002153
Garfield,0.004901,0.000911,0.001348,2.4212,1.0,0.003265
Grant,0.005762,0.001072,0.00133,2.4135,1.0,0.00321
Grays Harbor,0.011638,0.002164,0.002518,2.4782,1.0,0.00624
Island,0.004466,0.00083,0.000893,2.349,1.0,0.002097
Jefferson,0.006686,0.001243,0.001055,2.4553,1.0,0.002591
King,0.008718,0.001621,0.001107,2.3067,1.2434,0.003175
Kitsap,0.004693,0.000873,0.000914,2.4161,1.0,0.002207
Kittitas,0.003968,0.000738,0.000897,2.519,1.0,0.00226
Klickitat,0.003197,0.000594,0.000803,2.4692,1.0,0.001982
Lewis,0.007781,0.001447,0.001871,2.476,1.0,0.004632
Lincoln,0.003262,0.000607,0.000823,2.3032,1.0,0.001895
Mason,0.010474,0.001948,0.002112,2.3269,1.12,0.005504
Okanogan,0.003759,0.000699,0.000758,2.285,1.0,0.001731
Pacific,0.007487,0.001392,0.001424,2.5411,1.1481,0.004155
Pend Oreille,0.005471,0.001017,0.001384,2.6842,1.0,0.003716
Pierce,0.00766,0.001425,0.00154,2.476,1.0,0.003814
San Juan,0.005721,0.001064,0.000796,2.3727,1.0833,0.002047
Skagit,0.006489,0.001207,0.001254,2.4434,1.0,0.003064
Skamania,0.003749,0.000697,0.001076,2.4212,1.0,0.002605
Snohomish,0.006722,0.00125,0.001277,2.3812,1.0,0.003041
Spokane,0.00515,0.000958,0.001086,2.4623,1.0,0.002675
Stevens,0.00569,0.001058,0.001575,2.4482,1.0143,0.00391
Thurston,0.00718,0.001335,0.001401,2.4482,1.0,0.00343
Wahkiakum,0.003529,0.000656,0.000891,2.4057,1.0,0.002144
Walla Walla,0.007042,0.00131,0.001169,2.5022,1.1864,0.003469
Whatcom,0.007188,0.001337,0.001322,2.3581,1.0,0.003117
Whitman,0.002219,0.000413,0.000579,2.3812,1.0,0.001378
Yakima,0.004378,0.000814,0.000941,2.4004,1.0,0.002258
