Name,Estimated unvaccinated prevalence,Estimated vaccinated prevalence,Reported prevalence,Underreporting factor,Delay factor,Estimated prevalence
Entire state,0.002137,0.001739,0.000865,2.2387,1.0,0.001937
Addison,0.001173,0.000955,0.000462,2.1495,1.0,0.000994
Bennington,0.002792,0.002272,0.001071,2.2316,1.0,0.002391
Caledonia,0.002227,0.001812,0.000533,2.1671,1.6667,0.001927
Chittenden,0.002756,0.002243,0.000763,2.2797,1.3333,0.00232
Essex,0.001796,0.001462,0.000649,2.4727,1.0,0.001605
Franklin,0.000884,0.000719,0.000344,2.2166,1.0,0.000763
Grand Isle,0.002666,0.00217,0.000968,2.3154,1.0,0.00224
Lamoille,0.000861,0.000701,0.000315,2.31,1.0,0.000729
Orange,0.00097,0.00079,0.000381,2.2006,1.0,0.000838
Orleans,0.000635,0.000516,0.000259,2.1251,1.0,0.00055
Rutland,0.007203,0.005862,0.001804,2.3275,1.4648,0.006152
Washington,0.002685,0.002186,0.00101,2.2434,1.0,0.002266
Windham,0.003624,0.002949,0.001232,2.1769,1.1591,0.003108
Windsor,0.002916,0.002374,0.000944,2.2895,1.1591,0.002506
