Name,Estimated unvaccinated prevalence,Estimated vaccinated prevalence,Reported prevalence,Underreporting factor,Delay factor,Estimated prevalence
Entire state,0.006513,0.005298,0.002341,2.3995,1.048,0.005887
Albany,0.004587,0.003732,0.001569,2.6136,1.0,0.0041
Big Horn,0.004914,0.003997,0.00212,2.1439,1.0,0.004546
Campbell,0.005073,0.004127,0.001834,2.6035,1.0,0.004775
Carbon,0.013128,0.01068,0.004797,2.4961,1.0,0.011974
Converse,0.003064,0.002492,0.001302,2.2005,1.0,0.002866
Crook,0.004583,0.003727,0.001582,2.7263,1.0,0.004314
Fremont,0.011849,0.00964,0.004432,2.407,1.0,0.010668
Goshen,0.010277,0.008362,0.004088,2.3237,1.0,0.009498
Hot Springs,0.014445,0.01175,0.004079,2.2658,1.4167,0.013093
Johnson,0.025528,0.020767,0.0045,2.6046,2.0,0.023439
Laramie,0.006195,0.00504,0.002342,2.3627,1.0,0.005533
Lincoln,0.005235,0.004258,0.002017,2.3792,1.0,0.004799
Natrona,0.007084,0.005763,0.002454,2.3102,1.1404,0.006466
Niobrara,0.015152,0.012329,0.002971,2.3995,2.0,0.014258
Park,0.002002,0.001629,0.000788,2.3199,1.0,0.001828
Platte,0.004709,0.003832,0.001787,2.4303,1.0,0.004343
Sheridan,0.008997,0.007319,0.002329,2.1352,1.6279,0.008095
Sublette,0.005093,0.004142,0.002034,2.3274,1.0,0.004735
Sweetwater,0.004865,0.003958,0.001323,2.6025,1.2791,0.004402
Teton,0.010572,0.008601,0.003495,2.5362,1.0,0.008863
Uinta,0.011267,0.009167,0.002126,2.3918,2.0,0.01017
Washakie,0.006839,0.005563,0.002691,2.3311,1.0,0.006272
Weston,0.00542,0.00441,0.002021,2.4899,1.0,0.005032
