Name,Estimated unvaccinated prevalence,Estimated vaccinated prevalence,Reported prevalence,Underreporting factor,Delay factor,Estimated prevalence
Entire state,0.00139,0.00139,0.000605,2.2972,1.0,0.00139
Adams,0.001716,0.001716,0.0004,2.1428,2.0,0.001716
Asotin,0.000728,0.000728,0.00031,2.3485,1.0,0.000728
Benton,0.000932,0.000932,0.000411,2.2671,1.0,0.000932
Chelan,0.001789,0.001789,0.000699,2.3652,1.0816,0.001789
Clallam,0.001382,0.001382,0.000491,2.204,1.2759,0.001382
Clark,0.001185,0.001185,0.000514,2.3057,1.0,0.001185
Columbia,0.001729,0.001729,0.000753,2.2972,1.0,0.001729
Cowlitz,0.000547,0.000547,0.000253,2.1596,1.0,0.000547
Douglas,0.00294,0.00294,0.000829,2.331,1.5217,0.00294
Ferry,0.004159,0.004159,0.000918,2.2655,2.0,0.004159
Franklin,0.000943,0.000943,0.00042,2.2456,1.0,0.000943
Garfield,0.002065,0.002065,0.000899,2.2972,1.0,0.002065
Grant,0.001006,0.001006,0.00044,2.287,1.0,0.001006
Grays Harbor,0.000872,0.000872,0.000386,2.2557,1.0,0.000872
Island,0.001003,0.001003,0.000446,2.2473,1.0,0.001003
Jefferson,0.001318,0.001318,0.00059,2.235,1.0,0.001318
King,0.001344,0.001344,0.000581,2.3153,1.0,0.001344
Kitsap,0.001437,0.001437,0.000541,2.2181,1.1967,0.001437
Kittitas,0.001173,0.001173,0.000501,2.3424,1.0,0.001173
Klickitat,0.000937,0.000937,0.000401,2.3336,1.0,0.000937
Lewis,0.001111,0.001111,0.000483,2.2987,1.0,0.001111
Lincoln,0.001353,0.001353,0.000457,2.22,1.3333,0.001353
Mason,0.001993,0.001993,0.000674,2.2181,1.3333,0.001993
Okanogan,0.000783,0.000783,0.000355,2.204,1.0,0.000783
Pacific,0.002221,0.002221,0.00049,2.2687,2.0,0.002221
Pend Oreille,0.000664,0.000664,0.000291,2.2765,1.0,0.000664
Pierce,0.002773,0.002773,0.000957,2.3153,1.2518,0.002773
San Juan,0.000523,0.000523,0.000228,2.2972,1.0,0.000523
Skagit,0.001046,0.001046,0.000457,2.29,1.0,0.001046
Skamania,0.002262,0.002262,0.000497,2.278,2.0,0.002262
Snohomish,0.001583,0.001583,0.000685,2.3112,1.0,0.001583
Spokane,0.001647,0.001647,0.000713,2.3084,1.0,0.001647
Stevens,0.000779,0.000779,0.00035,2.2258,1.0,0.000779
Thurston,0.001647,0.001647,0.000706,2.3349,1.0,0.001647
Wahkiakum,0.000512,0.000512,0.000223,2.2972,1.0,0.000512
Walla Walla,0.001943,0.001943,0.000823,2.3617,1.0,0.001943
Whatcom,0.0009,0.0009,0.000393,2.2929,1.0,0.0009
Whitman,0.000186,0.000186,8e-05,2.3285,1.0,0.000186
Yakima,0.000914,0.000914,0.000407,2.2473,1.0,0.000914
