Name,Estimated unvaccinated prevalence,Estimated vaccinated prevalence,Reported prevalence,Underreporting factor,Delay factor,Estimated prevalence
Entire state,0.008984,0.007314,0.002064,2.2439,1.65,0.007642
Addison,0.171908,0.139958,0.030889,2.3618,2.0,0.145906
Bennington,0.029036,0.023639,0.011362,2.1977,1.0,0.02497
Caledonia,0.153019,0.12458,0.029974,2.2182,2.0,0.132973
Chittenden,0.13296,0.108249,0.025248,2.222,2.0,0.112204
Essex,0.096141,0.078273,0.017686,2.4285,2.0,0.085901
Franklin,0.097678,0.079524,0.018785,2.2542,2.0,0.084687
Grand Isle,0.093762,0.076336,0.017554,2.2542,2.0,0.079137
Lamoille,0.103983,0.084657,0.020148,2.1889,2.0,0.088206
Orange,0.285316,0.232288,0.052921,2.3375,2.0,0.247404
Orleans,0.185817,0.151282,0.03584,2.2575,2.0,0.161815
Rutland,0.077374,0.062994,0.01483,2.2332,2.0,0.06624
Washington,0.069466,0.056555,0.013423,2.1934,2.0,0.058882
Windham,0.115199,0.093789,0.022713,2.1844,2.0,0.099229
Windsor,0.096522,0.078583,0.018506,2.2508,2.0,0.083308
