Name,Estimated unvaccinated prevalence,Estimated vaccinated prevalence,Reported prevalence,Underreporting factor,Delay factor,Estimated prevalence
Entire state,0.004203,0.003414,0.001574,2.3936,1.0,0.003767
Adams,0.004195,0.003407,0.001501,2.4723,1.0,0.003712
Asotin,0.003327,0.002703,0.001328,2.3045,1.0,0.003062
Benton,0.005037,0.004091,0.001849,2.4293,1.0,0.004493
Chelan,0.006919,0.00562,0.002422,2.4735,1.0,0.005991
Clallam,0.004211,0.00342,0.001539,2.38,1.0,0.003662
Clark,0.003281,0.002665,0.001182,2.432,1.0,0.002874
Columbia,0.001285,0.001043,0.000502,2.3339,1.0,0.001171
Cowlitz,0.003228,0.002622,0.001212,2.3642,1.0,0.002865
Douglas,0.010233,0.008312,0.002878,2.5308,1.24,0.009032
Ferry,0.004945,0.004017,0.001967,2.2423,1.0,0.00441
Franklin,0.005632,0.004574,0.002027,2.4977,1.0,0.005062
Garfield,0.006979,0.005662,0.002697,2.3936,1.0,0.006455
Grant,0.009706,0.007884,0.003458,2.5012,1.0,0.00865
Grays Harbor,0.002841,0.002307,0.001092,2.2967,1.0,0.002509
Island,0.002966,0.002409,0.001116,2.2783,1.0,0.002542
Jefferson,0.003525,0.002864,0.001241,2.4252,1.0,0.003011
King,0.005042,0.004095,0.001762,2.4182,1.0,0.004262
Kitsap,0.003226,0.00262,0.001171,2.3891,1.0,0.002799
Kittitas,0.002346,0.001906,0.000897,2.346,1.0,0.002104
Klickitat,0.002731,0.002219,0.00107,2.3214,1.0,0.002484
Lewis,0.003865,0.00314,0.001462,2.3846,1.0,0.003486
Lincoln,0.002959,0.002403,0.001097,2.4025,1.0,0.002635
Mason,0.003923,0.003187,0.001453,2.3861,1.0,0.003467
Okanogan,0.004509,0.003662,0.001728,2.2741,1.0,0.00393
Pacific,0.003233,0.002626,0.001202,2.3846,1.0,0.002865
Pend Oreille,0.00389,0.00316,0.001457,2.4622,1.0,0.003588
Pierce,0.003278,0.002663,0.001197,2.3966,1.0,0.002868
San Juan,0.001902,0.001545,0.000739,2.1713,1.0,0.001605
Skagit,0.00334,0.002713,0.001246,2.3374,1.0,0.002913
Skamania,0.001653,0.001342,0.000662,2.3121,1.0,0.001531
Snohomish,0.0046,0.003737,0.001647,2.4168,1.0,0.003981
Spokane,0.00432,0.003509,0.001578,2.4168,1.0,0.003814
Stevens,0.004551,0.003697,0.001575,2.4857,1.0758,0.004211
Thurston,0.003831,0.003112,0.001384,2.4039,1.0,0.003326
Wahkiakum,0.003097,0.002516,0.001114,2.5207,1.0,0.002808
Walla Walla,0.004489,0.003646,0.001712,2.3045,1.0,0.003945
Whatcom,0.003563,0.002894,0.001291,2.3815,1.0,0.003075
Whitman,0.001802,0.001464,0.000699,2.3477,1.0,0.00164
Yakima,0.006587,0.00535,0.002384,2.4334,1.0,0.0058
