Name,Estimated unvaccinated prevalence,Estimated vaccinated prevalence,Reported prevalence,Underreporting factor,Delay factor,Estimated prevalence
Entire state,0.015408,0.002866,0.00196,3.5723,1.0,0.007002
Adams,0.009059,0.001685,0.001451,3.5723,1.0,0.005184
Asotin,0.015237,0.002835,0.002923,3.5723,1.0,0.010441
Benton,0.010615,0.001975,0.001727,3.5723,1.0,0.00617
Chelan,0.020697,0.00385,0.00272,3.5723,1.0,0.009717
Clallam,0.011064,0.002058,0.001487,3.5723,1.0,0.005312
Clark,0.014093,0.002622,0.002044,3.5723,1.0,0.007302
Columbia,0.005627,0.001047,0.001004,3.5723,1.0,0.003586
Cowlitz,0.016337,0.003039,0.002541,3.5723,1.0,0.009077
Douglas,0.017692,0.003291,0.002464,3.5723,1.0816,0.00952
Ferry,0.029708,0.005527,0.004851,3.5723,1.0,0.01733
Franklin,0.008801,0.001637,0.001533,3.5723,1.0,0.005477
Garfield,0.01967,0.003659,0.003146,3.5723,1.2,0.013487
Grant,0.020954,0.003898,0.003417,3.5723,1.0,0.012208
Grays Harbor,0.01134,0.00211,0.001772,3.5723,1.0,0.00633
Island,0.010374,0.00193,0.001445,3.5723,1.0,0.005161
Jefferson,0.00922,0.001715,0.001055,3.5723,1.0,0.00377
King,0.011045,0.002055,0.001247,3.5723,1.0097,0.004499
Kitsap,0.0094,0.001749,0.00133,3.5723,1.0,0.00475
Kittitas,0.009488,0.001765,0.001565,3.5723,1.0,0.005589
Klickitat,0.021607,0.00402,0.003835,3.5723,1.0,0.0137
Lewis,0.015909,0.00296,0.002738,3.5723,1.0,0.009782
Lincoln,0.042005,0.007814,0.004297,3.5723,1.6429,0.025216
Mason,0.018436,0.00343,0.002831,3.5723,1.0,0.010112
Okanogan,0.035008,0.006513,0.00393,3.5723,1.2044,0.016907
Pacific,0.006074,0.00113,0.000979,3.5723,1.0,0.003497
Pend Oreille,0.012365,0.0023,0.002405,3.5723,1.0,0.00859
Pierce,0.013717,0.002552,0.002025,3.5723,1.0,0.007236
San Juan,0.003676,0.000684,0.000398,3.5723,1.0,0.001422
Skagit,0.029315,0.005454,0.003746,3.5723,1.0928,0.014623
Skamania,0.014175,0.002637,0.002814,3.5723,1.0,0.010052
Snohomish,0.017545,0.003264,0.002219,3.5723,1.0755,0.008525
Spokane,0.021571,0.004013,0.003181,3.5723,1.0342,0.011752
Stevens,0.014569,0.00271,0.002865,3.5723,1.0,0.010235
Thurston,0.016717,0.00311,0.002199,3.5723,1.085,0.008525
Wahkiakum,0.017981,0.003345,0.00156,3.5723,2.0,0.011144
Walla Walla,0.017431,0.003243,0.002321,3.5723,1.0938,0.009067
Whatcom,0.016564,0.003081,0.002024,3.5723,1.0547,0.007626
Whitman,0.009147,0.001702,0.001657,3.5723,1.0,0.005918
Yakima,0.017867,0.003324,0.002615,3.5723,1.043,0.009743
