Name,Estimated unvaccinated prevalence,Estimated vaccinated prevalence,Reported prevalence,Underreporting factor,Delay factor,Estimated prevalence
Entire state,0.009262,0.001745,0.001655,2.3449,1.0,0.003882
Addison,0.005392,0.001016,0.000761,2.2639,1.2857,0.002216
Bennington,0.040144,0.007563,0.003665,2.4603,2.0,0.018034
Caledonia,0.005815,0.001095,0.001234,2.3364,1.0,0.002882
Chittenden,0.00723,0.001362,0.001282,2.2799,1.0,0.002923
Essex,0.007283,0.001372,0.001298,2.3232,1.4,0.004222
Franklin,0.008407,0.001584,0.001559,2.3533,1.1343,0.004161
Grand Isle,0.010976,0.002068,0.001797,2.4173,1.0,0.004343
Lamoille,0.008767,0.001652,0.00138,2.4242,1.0968,0.003669
Orange,0.005166,0.000973,0.001073,2.3095,1.0,0.002478
Orleans,0.005526,0.001041,0.001147,2.4173,1.0,0.002772
Rutland,0.014086,0.002654,0.002148,2.4571,1.1698,0.006174
Washington,0.012704,0.002393,0.002243,2.3449,1.0,0.005259
Windham,0.013992,0.002636,0.002297,2.3614,1.1852,0.00643
Windsor,0.011868,0.002236,0.001689,2.4507,1.3143,0.00544
