Name,Estimated unvaccinated prevalence,Estimated vaccinated prevalence,Reported prevalence,Underreporting factor,Delay factor,Estimated prevalence
Entire state,0.003445,0.002804,0.001018,2.2423,1.2782,0.002917
Addison,0.00281,0.002287,0.000897,2.2374,1.1852,0.002379
Bennington,0.004368,0.003556,0.001381,2.2564,1.2,0.00374
Caledonia,0.00076,0.000618,0.0003,2.1908,1.0,0.000657
Chittenden,0.003618,0.002945,0.000885,2.2698,1.5158,0.003046
Essex,0.003246,0.002642,0.000974,2.383,1.25,0.0029
Franklin,0.003388,0.002757,0.00083,2.2907,1.5385,0.002925
Grand Isle,0.007798,0.006348,0.001382,2.3706,2.0,0.006553
Lamoille,0.000592,0.000482,0.000237,2.1187,1.0,0.000501
Orange,0.003153,0.002566,0.000727,2.2471,1.6667,0.002722
Orleans,0.001816,0.001478,0.00037,2.1282,2.0,0.001574
Rutland,0.006193,0.005041,0.001718,2.2698,1.3562,0.00529
Washington,0.003237,0.002635,0.000942,2.2027,1.3171,0.002732
Windham,0.005547,0.004515,0.001492,2.2112,1.4419,0.004757
Windsor,0.002449,0.001993,0.000926,2.2719,1.0,0.002104
