Name,Estimated unvaccinated prevalence,Estimated vaccinated prevalence,Reported prevalence,Underreporting factor,Delay factor,Estimated prevalence
Entire state,0.003434,0.002795,0.001018,2.2351,1.2782,0.002907
Addison,0.00284,0.002311,0.000897,2.2612,1.1852,0.002405
Bennington,0.004391,0.003574,0.001381,2.2679,1.2,0.00376
Caledonia,0.000752,0.000612,0.0003,2.168,1.0,0.000651
Chittenden,0.003642,0.002964,0.000885,2.2849,1.5158,0.003066
Essex,0.00317,0.00258,0.000974,2.3272,1.25,0.002832
Franklin,0.003344,0.002722,0.00083,2.2612,1.5385,0.002887
Grand Isle,0.007789,0.00634,0.001382,2.3678,2.0,0.006545
Lamoille,0.000596,0.000485,0.000237,2.1328,1.0,0.000505
Orange,0.003143,0.002558,0.000727,2.2401,1.6667,0.002714
Orleans,0.001827,0.001487,0.00037,2.1414,2.0,0.001584
Rutland,0.006125,0.004986,0.001718,2.2449,1.3562,0.005232
Washington,0.003242,0.002638,0.000942,2.2058,1.3171,0.002736
Windham,0.005581,0.004543,0.001492,2.2249,1.4419,0.004787
Windsor,0.002456,0.001999,0.000926,2.2786,1.0,0.002111
