Name,Estimated unvaccinated prevalence,Estimated vaccinated prevalence,Reported prevalence,Underreporting factor,Delay factor,Estimated prevalence
Entire state,0.025281,0.004735,0.00635,2.573,1.0,0.016338
Albany,0.014728,0.002759,0.003627,2.4797,1.0,0.008993
Big Horn,0.034838,0.006526,0.008482,2.7839,1.1,0.025973
Campbell,0.032046,0.006003,0.008481,3.042,1.0,0.025798
Carbon,0.015613,0.002925,0.004189,2.527,1.0,0.010586
Converse,0.028053,0.005255,0.008031,2.6927,1.0,0.021624
Crook,0.029231,0.005475,0.007648,3.0527,1.0,0.023346
Fremont,0.041483,0.00777,0.009602,2.4855,1.0,0.023867
Goshen,0.019015,0.003562,0.005374,2.5803,1.0,0.013867
Hot Springs,0.041756,0.007821,0.010197,2.7126,1.0,0.027661
Johnson,0.012919,0.00242,0.003908,2.3043,1.0,0.009004
Laramie,0.013092,0.002452,0.003307,2.4557,1.0,0.00812
Lincoln,0.036499,0.006837,0.008573,2.629,1.1736,0.026451
Natrona,0.028779,0.005391,0.007801,2.5505,1.0,0.019897
Niobrara,0.042678,0.007994,0.011885,2.4204,1.1739,0.033768
Park,0.031061,0.005818,0.00757,2.7621,1.0,0.020909
Platte,0.00983,0.001841,0.00274,2.568,1.0,0.007037
Sheridan,0.022129,0.004145,0.005642,2.5136,1.0,0.014182
Sublette,0.035322,0.006616,0.0059,2.812,1.6286,0.027018
Sweetwater,0.030079,0.005634,0.007628,2.7282,1.0,0.020811
Teton,0.047088,0.00882,0.006393,2.5025,1.0,0.015998
Uinta,0.022639,0.004241,0.00618,2.4738,1.0,0.015288
Washakie,0.031093,0.005824,0.007559,2.4738,1.1837,0.022135
Weston,0.012525,0.002346,0.003609,2.5969,1.0,0.009373
