Name,Estimated unvaccinated prevalence,Estimated vaccinated prevalence,Reported prevalence,Underreporting factor,Delay factor,Estimated prevalence
Entire state,0.002516,0.002048,0.000913,2.2552,1.0345,0.002131
Addison,0.003917,0.003188,0.001142,2.267,1.2812,0.003317
Bennington,0.002496,0.002032,0.000959,2.2299,1.0,0.002137
Caledonia,0.005285,0.004302,0.001067,2.3506,1.8235,0.004573
Chittenden,0.001969,0.001603,0.000727,2.2624,1.0085,0.001658
Essex,0.010636,0.00866,0.001785,2.6624,2.0,0.009504
Franklin,0.002451,0.001995,0.000628,2.2479,1.5,0.002116
Grand Isle,0.001866,0.001519,0.000691,2.2693,1.0,0.001568
Lamoille,0.001147,0.000933,0.000434,2.2378,1.0,0.000971
Orange,0.001045,0.00085,0.000415,2.1718,1.0,0.000902
Orleans,0.000458,0.000373,0.000185,2.1487,1.0,0.000397
Rutland,0.001541,0.001255,0.000601,2.1888,1.0,0.001316
Washington,0.000828,0.000674,0.000325,2.1487,1.0,0.000699
Windham,0.005682,0.004625,0.001516,2.2454,1.4318,0.004873
Windsor,0.006011,0.004893,0.001834,2.4222,1.1628,0.005166
