Name,Estimated unvaccinated prevalence,Estimated vaccinated prevalence,Reported prevalence,Underreporting factor,Delay factor,Estimated prevalence
Entire state,0.011338,0.00921,0.002482,2.4234,1.6783,0.010096
Adams,0.001767,0.001436,0.00035,2.2365,2.0,0.001567
Asotin,0.004235,0.00344,0.000841,2.3191,2.0,0.003902
Benton,0.004472,0.003632,0.000905,2.2783,1.9368,0.003994
Chelan,0.00723,0.005873,0.001839,2.2241,1.5326,0.00627
Clallam,0.018028,0.014644,0.003259,2.4096,2.0,0.015705
Clark,0.009547,0.007755,0.001979,2.4318,1.7419,0.008381
Columbia,0.001247,0.001013,0.000502,2.2678,1.0,0.001138
Cowlitz,0.007232,0.005875,0.001402,2.2934,2.0,0.006428
Douglas,0.009854,0.008004,0.001911,2.2783,2.0,0.008708
Ferry,0.003253,0.002643,0.000656,2.2176,2.0,0.002908
Franklin,0.001379,0.00112,0.000557,2.2304,1.0,0.001241
Garfield,0.002612,0.002121,0.000899,2.6911,1.0,0.002419
Grant,0.002933,0.002383,0.001013,2.2142,1.1667,0.002617
Grays Harbor,0.004053,0.003292,0.001519,2.3613,1.0,0.003586
Island,0.006425,0.005219,0.001914,2.4114,1.1912,0.005499
Jefferson,0.008319,0.006757,0.002545,2.4166,1.1571,0.007116
King,0.016349,0.01328,0.003638,2.4623,1.5466,0.013853
Kitsap,0.008064,0.00655,0.002221,2.4285,1.2974,0.006998
Kittitas,0.00449,0.003647,0.000897,2.2483,2.0,0.004034
Klickitat,0.011442,0.009294,0.002363,2.2039,2.0,0.010418
Lewis,0.00485,0.00394,0.001289,2.3429,1.4507,0.00438
Lincoln,0.006589,0.005352,0.001188,2.47,2.0,0.005871
Mason,0.008674,0.007046,0.001902,2.3053,1.75,0.007674
Okanogan,0.000636,0.000516,0.00026,2.1312,1.0,0.000555
Pacific,0.003636,0.002953,0.001024,2.2934,1.375,0.003228
Pend Oreille,0.000342,0.000278,0.000146,2.1651,1.0,0.000316
Pierce,0.013935,0.011319,0.002554,2.399,1.9931,0.01221
San Juan,0.019376,0.015739,0.0062,2.3492,1.125,0.016384
Skagit,0.005994,0.004869,0.00154,2.3345,1.4559,0.005235
Skamania,0.003924,0.003187,0.001076,2.5356,1.3333,0.003637
Snohomish,0.014483,0.011765,0.003,2.4481,1.7094,0.012553
Spokane,0.006622,0.005379,0.001335,2.3408,1.8737,0.005856
Stevens,0.002242,0.001821,0.000919,2.2596,1.0,0.002076
Thurston,0.01045,0.008488,0.00244,2.4079,1.5459,0.009083
Wahkiakum,0.000569,0.000462,0.000223,2.3191,1.0,0.000517
Walla Walla,0.008056,0.006544,0.002288,2.2909,1.3529,0.007091
Whatcom,0.008834,0.007176,0.00219,2.4368,1.4314,0.007638
Whitman,0.002076,0.001686,0.000818,2.3123,1.0,0.001892
Yakima,0.002133,0.001732,0.000626,2.1968,1.3684,0.001881
