Name,Estimated unvaccinated prevalence,Estimated vaccinated prevalence,Reported prevalence,Underreporting factor,Delay factor,Estimated prevalence
Entire state,0.017735,0.003343,0.002405,2.3178,1.3169,0.007343
Addison,0.004732,0.000892,0.00087,2.2184,1.0,0.00193
Bennington,0.017378,0.003276,0.00327,2.3308,1.0177,0.007757
Caledonia,0.031129,0.005867,0.003267,2.3473,2.0,0.01534
Chittenden,0.016304,0.003073,0.002192,2.2901,1.3018,0.006535
Essex,0.009373,0.001767,0.002272,2.382,1.0,0.005411
Franklin,0.014075,0.002653,0.002348,2.3308,1.2637,0.006916
Grand Isle,0.015419,0.002906,0.001797,2.2369,1.5,0.006029
Lamoille,0.009166,0.001728,0.001301,2.2852,1.28,0.003806
Orange,0.007773,0.001465,0.001315,2.2852,1.2333,0.003707
Orleans,0.062174,0.011719,0.006325,2.4495,2.0,0.030984
Rutland,0.016207,0.003055,0.002595,2.335,1.1628,0.007045
Washington,0.01795,0.003383,0.002688,2.3043,1.1908,0.007376
Windham,0.009223,0.001738,0.001871,2.254,1.0,0.004217
Windsor,0.018529,0.003492,0.00247,2.4069,1.4211,0.008448
