Name,Estimated unvaccinated prevalence,Estimated vaccinated prevalence,Reported prevalence,Underreporting factor,Delay factor,Estimated prevalence
Entire state,0.010649,0.002006,0.001683,2.3174,1.1515,0.00449
Addison,0.002501,0.000471,0.000462,2.2309,1.0,0.001031
Bennington,0.009655,0.001818,0.001833,2.3771,1.0,0.004356
Caledonia,0.00567,0.001068,0.0012,2.3485,1.0,0.002819
Chittenden,0.007629,0.001437,0.00138,2.2434,1.0,0.003096
Essex,0.004242,0.000799,0.000974,2.5333,1.0,0.002466
Franklin,0.015711,0.002959,0.00164,2.381,2.0,0.007808
Grand Isle,0.015383,0.002897,0.00235,2.4388,1.0667,0.006112
Lamoille,0.00891,0.001678,0.001419,2.3355,1.129,0.003743
Orange,0.011608,0.002186,0.00135,2.5047,1.6522,0.005586
Orleans,0.014104,0.002656,0.002108,2.3691,1.4359,0.007172
Rutland,0.014676,0.002764,0.001908,2.4354,1.3924,0.006469
Washington,0.036973,0.006963,0.003544,2.4216,1.7913,0.015373
Windham,0.015536,0.002926,0.002037,2.4,1.4655,0.007164
Windsor,0.007492,0.001411,0.001453,2.3691,1.0,0.003442
