Name,Estimated unvaccinated prevalence,Estimated vaccinated prevalence,Reported prevalence,Underreporting factor,Delay factor,Estimated prevalence
Entire state,0.003028,0.00246,0.000816,3.2837,1.0,0.00268
Adams,0.002663,0.002163,0.00045,3.2837,1.6,0.002366
Asotin,0.003309,0.002688,0.00093,3.2837,1.0,0.003054
Benton,0.003592,0.002918,0.000979,3.2837,1.0,0.003213
Chelan,0.002645,0.002149,0.000699,3.2837,1.0,0.002297
Clallam,0.002141,0.00174,0.000569,3.2837,1.0,0.001868
Clark,0.005238,0.004255,0.001403,3.2837,1.0,0.004607
Columbia,0.001804,0.001465,0.000502,3.2837,1.0,0.001648
Cowlitz,0.005304,0.004309,0.001438,3.2837,1.0,0.004721
Douglas,0.001966,0.001597,0.00053,3.2837,1.0,0.001739
Ferry,0.002886,0.002344,0.000787,3.2837,1.0,0.002583
Franklin,0.00916,0.007441,0.00188,3.2837,1.3383,0.008261
Garfield,0.003184,0.002586,0.000899,3.2837,1.0,0.002952
Grant,0.001579,0.001283,0.00043,3.2837,1.0,0.001411
Grays Harbor,0.001283,0.001043,0.000346,3.2837,1.0,0.001137
Island,0.003615,0.002937,0.000787,3.2837,1.2,0.003101
Jefferson,0.000714,0.00058,0.000186,3.2837,1.0,0.000611
King,0.002778,0.002257,0.000718,3.2837,1.0,0.002358
Kitsap,0.00153,0.001243,0.000405,3.2837,1.0,0.001331
Kittitas,0.00481,0.003907,0.001085,3.2837,1.2143,0.004325
Klickitat,0.005191,0.004217,0.000936,3.2837,1.5385,0.004731
Lewis,0.004443,0.003609,0.000991,3.2837,1.2344,0.004018
Lincoln,0.002692,0.002187,0.000731,3.2837,1.0,0.002401
Mason,0.0078,0.006337,0.001288,3.2837,1.6346,0.006914
Okanogan,0.0105,0.00853,0.001775,3.2837,1.5745,0.009179
Pacific,0.003286,0.002669,0.000712,3.2837,1.25,0.002923
Pend Oreille,0.001554,0.001262,0.000437,3.2837,1.0,0.001436
Pierce,0.003575,0.002904,0.000956,3.2837,1.0,0.003139
San Juan,0.002204,0.00179,0.000569,3.2837,1.0,0.001868
Skagit,0.001598,0.001298,0.000426,3.2837,1.0,0.001398
Skamania,0.003222,0.002618,0.00091,3.2837,1.0,0.002989
Snohomish,0.002319,0.001884,0.000613,3.2837,1.0,0.002013
Spokane,0.003339,0.002713,0.000901,3.2837,1.0,0.002958
Stevens,0.003255,0.002644,0.000919,3.2837,1.0,0.003016
Thurston,0.00183,0.001486,0.000485,3.2837,1.0,0.001594
Wahkiakum,0.005369,0.004362,0.001114,3.2837,1.3333,0.004878
Walla Walla,0.001594,0.001295,0.000428,3.2837,1.0,0.001405
Whatcom,0.003059,0.002485,0.000807,3.2837,1.0,0.00265
Whitman,0.001292,0.00105,0.000359,3.2837,1.0,0.00118
Yakima,0.004976,0.004042,0.001236,3.2837,1.0842,0.004399
