Name,Estimated unvaccinated prevalence,Estimated vaccinated prevalence,Reported prevalence,Underreporting factor,Delay factor,Estimated prevalence
Entire state,0.002043,0.002043,0.000726,2.3119,1.2178,0.002043
Adams,0.000345,0.000345,0.00015,2.2991,1.0,0.000345
Asotin,0.013413,0.013413,0.002923,2.2947,2.0,0.013413
Benton,0.001601,0.001601,0.000592,2.3215,1.165,0.001601
Chelan,0.000852,0.000852,0.000376,2.2685,1.0,0.000852
Clallam,0.001232,0.001232,0.000504,2.2501,1.0857,0.001232
Clark,0.001513,0.001513,0.000463,2.3105,1.4151,0.001513
Columbia,0.006962,0.006962,0.001506,2.3119,2.0,0.006962
Cowlitz,0.001633,0.001633,0.000633,2.2063,1.1695,0.001633
Douglas,0.002957,0.002957,0.000599,2.4697,2.0,0.002957
Ferry,0.002082,0.002082,0.000918,2.2685,1.0,0.002082
Franklin,0.000647,0.000647,0.000284,2.2827,1.0,0.000647
Garfield,0.006234,0.006234,0.001348,2.3119,2.0,0.006234
Grant,0.001508,0.001508,0.000624,2.3751,1.0169,0.001508
Grays Harbor,0.000473,0.000473,0.000213,2.2186,1.0,0.000473
Island,0.001369,0.001369,0.000611,2.2412,1.0,0.001369
Jefferson,0.005644,0.005644,0.001335,2.316,1.8261,0.005644
King,0.002019,0.002019,0.000732,2.316,1.1908,0.002019
Kitsap,0.002103,0.002103,0.00067,2.2535,1.3923,0.002103
Kittitas,0.00107,0.00107,0.00048,2.2302,1.0,0.00107
Klickitat,0.001092,0.001092,0.000491,2.2264,1.0,0.001092
Lewis,0.001335,0.001335,0.000471,2.2991,1.2333,0.001335
Lincoln,0.00337,0.00337,0.001006,2.3462,1.4286,0.00337
Mason,0.001491,0.001491,0.000494,2.2619,1.3333,0.001491
Okanogan,0.00221,0.00221,0.000947,2.3334,1.0,0.00221
Pacific,0.00142,0.00142,0.000534,2.4168,1.1,0.00142
Pend Oreille,0.004642,0.004642,0.001457,2.1793,1.4615,0.004642
Pierce,0.002904,0.002904,0.000971,2.3561,1.2688,0.002904
San Juan,0.005927,0.005927,0.001308,2.2652,2.0,0.005927
Skagit,0.001238,0.001238,0.00055,2.2535,1.0,0.001238
Skamania,0.000375,0.000375,0.000166,2.2685,1.0,0.000375
Snohomish,0.002307,0.002307,0.000821,2.3424,1.1993,0.002307
Spokane,0.003696,0.003696,0.001041,2.3091,1.5382,0.003696
Stevens,0.001255,0.001255,0.000437,2.2652,1.2667,0.001255
Thurston,0.001679,0.001679,0.000709,2.3681,1.0,0.001679
Wahkiakum,0.00103,0.00103,0.000446,2.3119,1.0,0.00103
Walla Walla,0.002296,0.002296,0.000971,2.3242,1.0175,0.002296
Whatcom,0.001304,0.001304,0.000462,2.2827,1.2353,0.001304
Whitman,0.001719,0.001719,0.000379,2.2669,2.0,0.001719
Yakima,0.001743,0.001743,0.000586,2.302,1.292,0.001743
