Name,Estimated unvaccinated prevalence,Estimated vaccinated prevalence,Reported prevalence,Underreporting factor,Delay factor,Estimated prevalence
Entire state,0.006271,0.005094,0.0023,2.4328,1.0,0.005594
Adams,0.001263,0.001026,0.0005,2.2377,1.0,0.00112
Asotin,0.002469,0.002005,0.000974,2.334,1.0,0.002274
Benton,0.002741,0.002226,0.001042,2.3482,1.0,0.002447
Chelan,0.004627,0.003758,0.001658,2.3236,1.041,0.00401
Clallam,0.005431,0.004411,0.002017,2.3442,1.0,0.004729
Clark,0.004564,0.003707,0.001655,2.4199,1.0,0.004005
Columbia,0.002455,0.001994,0.001004,2.2318,1.0,0.00224
Cowlitz,0.004143,0.003365,0.001519,2.3361,1.0373,0.003681
Douglas,0.003887,0.003158,0.001451,2.3674,1.0,0.003434
Ferry,0.007737,0.006285,0.002098,2.415,1.3636,0.006908
Franklin,0.002042,0.001659,0.000809,2.2727,1.0,0.001838
Garfield,0.011816,0.009589,0.002247,2.4328,2.0,0.010934
Grant,0.005747,0.004668,0.001565,2.391,1.3694,0.005126
Grays Harbor,0.005655,0.004593,0.002145,2.332,1.0,0.005002
Island,0.004298,0.003491,0.001527,2.4083,1.0,0.003677
Jefferson,0.006263,0.005087,0.002172,2.4651,1.0,0.005355
King,0.009915,0.008054,0.003389,2.4782,1.0,0.008398
Kitsap,0.004768,0.003873,0.001735,2.3839,1.0,0.004136
Kittitas,0.006816,0.005536,0.001669,2.3214,1.58,0.006121
Klickitat,0.003693,0.003,0.001427,2.356,1.0,0.003362
Lewis,0.003864,0.003139,0.001474,2.3257,1.0172,0.003488
Lincoln,0.0082,0.00666,0.00192,2.2827,1.6667,0.007304
Mason,0.003808,0.003093,0.001513,2.2258,1.0,0.003367
Okanogan,0.002849,0.002315,0.001018,2.4423,1.0,0.002486
Pacific,0.006826,0.005545,0.001602,2.3767,1.5909,0.006058
Pend Oreille,0.000886,0.00072,0.000364,2.2434,1.0,0.000817
Pierce,0.006192,0.005029,0.002219,2.4438,1.0,0.005422
San Juan,0.004268,0.003466,0.001593,2.2651,1.0,0.003607
Skagit,0.003775,0.003066,0.001393,2.3655,1.0,0.003296
Skamania,0.006069,0.004931,0.00149,2.4438,1.5455,0.005626
Snohomish,0.007069,0.005742,0.002509,2.4407,1.0,0.006125
Spokane,0.005033,0.004088,0.001846,2.41,1.0,0.004448
Stevens,0.002308,0.001874,0.000919,2.3257,1.0,0.002136
Thurston,0.006036,0.004903,0.002182,2.4032,1.0,0.005244
Wahkiakum,0.008892,0.007224,0.00156,2.5869,2.0,0.00807
Walla Walla,0.00483,0.003924,0.001959,2.1701,1.0,0.00425
Whatcom,0.006031,0.004899,0.002116,2.4636,1.0,0.005212
Whitman,0.001337,0.001086,0.000499,2.4407,1.0,0.001218
Yakima,0.002631,0.002137,0.000937,2.2969,1.0783,0.00232
