Name,Estimated unvaccinated prevalence,Estimated vaccinated prevalence,Reported prevalence,Underreporting factor,Delay factor,Estimated prevalence
Entire state,0.001572,0.001572,0.000689,2.2807,1.0,0.001572
Addison,0.001305,0.001305,0.000571,2.2858,1.0,0.001305
Bennington,0.002547,0.002547,0.0011,2.3165,1.0,0.002547
Caledonia,0.000783,0.000783,0.0003,2.2824,1.1429,0.000783
Chittenden,0.001109,0.001109,0.000488,2.2701,1.0,0.001109
Essex,0.00077,0.00077,0.000325,2.3729,1.0,0.00077
Franklin,0.001348,0.001348,0.000607,2.2205,1.0,0.001348
Grand Isle,0.002487,0.002487,0.000553,2.2495,2.0,0.002487
Lamoille,0.000533,0.000533,0.000237,2.2534,1.0,0.000533
Orange,0.00151,0.00151,0.000623,2.4242,1.0,0.00151
Orleans,0.000247,0.000247,0.000111,2.2227,1.0,0.000247
Rutland,0.002572,0.002572,0.0011,2.3388,1.0,0.002572
Washington,0.001088,0.001088,0.000496,2.1922,1.0,0.001088
Windham,0.002585,0.002585,0.001137,2.2737,1.0,0.002585
Windsor,0.002869,0.002869,0.001053,2.3416,1.1633,0.002869
