Name,Estimated unvaccinated prevalence,Estimated vaccinated prevalence,Reported prevalence,Underreporting factor,Delay factor,Estimated prevalence
Entire state,0.007728,0.001438,0.001258,2.4,1.0,0.003019
Adams,0.003941,0.000733,0.000951,2.2631,1.0,0.002152
Asotin,0.005205,0.000968,0.001461,2.3863,1.0,0.003487
Benton,0.004877,0.000907,0.00114,2.3863,1.0,0.00272
Chelan,0.008658,0.001611,0.00158,2.4412,1.0,0.003858
Clallam,0.008079,0.001503,0.001435,2.5845,1.0,0.00371
Clark,0.006925,0.001288,0.001346,2.5542,1.0,0.003437
Columbia,0.005276,0.000981,0.001506,2.186,1.0,0.003291
Cowlitz,0.006892,0.001282,0.001465,2.5302,1.0,0.003706
Douglas,0.007151,0.00133,0.001543,2.4,1.0,0.003703
Ferry,0.014071,0.002618,0.001836,2.1677,2.0,0.007958
Franklin,0.004307,0.000801,0.001061,2.4287,1.0,0.002576
Garfield,0.032596,0.006064,0.004494,2.4237,2.0,0.021786
Grant,0.007376,0.001372,0.001617,2.5542,1.0,0.004129
Grays Harbor,0.012471,0.00232,0.002651,2.5343,1.0,0.006719
Island,0.005557,0.001034,0.001092,2.4054,1.0,0.002627
Jefferson,0.006498,0.001209,0.001086,2.3288,1.0,0.00253
King,0.005411,0.001007,0.000868,2.3049,1.0,0.002001
Kitsap,0.005357,0.000997,0.001039,2.4461,1.0,0.002541
Kittitas,0.007042,0.00131,0.001502,2.6819,1.0,0.004028
Klickitat,0.006816,0.001268,0.001382,2.5561,1.2,0.00424
Lewis,0.011731,0.002182,0.002701,2.5955,1.0,0.007011
Lincoln,0.004417,0.000822,0.001097,2.3511,1.0,0.002579
Mason,0.007554,0.001405,0.001647,2.4211,1.0,0.003989
Okanogan,0.005252,0.000977,0.000994,2.4436,1.0,0.00243
Pacific,0.005736,0.001067,0.001246,2.5677,1.0,0.003199
Pend Oreille,0.006157,0.001145,0.001603,2.6152,1.0,0.004192
Pierce,0.007888,0.001467,0.001582,2.503,1.0,0.003961
San Juan,0.00452,0.000841,0.000739,2.2181,1.0,0.00164
Skagit,0.007862,0.001463,0.001579,2.3662,1.0,0.003736
Skamania,0.005029,0.000936,0.001407,2.49,1.0,0.003503
Snohomish,0.007288,0.001356,0.001388,2.4027,1.0,0.003335
Spokane,0.006275,0.001167,0.001329,2.465,1.0,0.003277
Stevens,0.006988,0.0013,0.001706,2.5282,1.1159,0.004813
Thurston,0.007551,0.001405,0.001446,2.5241,1.0,0.003649
Wahkiakum,0.004472,0.000832,0.001114,2.4436,1.0,0.002722
Walla Walla,0.004284,0.000797,0.000889,2.3891,1.0,0.002123
Whatcom,0.01009,0.001877,0.001845,2.3946,1.0,0.004418
Whitman,0.003376,0.000628,0.000838,2.5073,1.0,0.002102
Yakima,0.005598,0.001041,0.001184,2.4533,1.0,0.002904
