Name,Estimated unvaccinated prevalence,Estimated vaccinated prevalence,Reported prevalence,Underreporting factor,Delay factor,Estimated prevalence
Entire state,0.012464,0.01014,0.003055,2.4279,1.5193,0.011269
Albany,0.006428,0.005229,0.001955,2.6264,1.1194,0.005747
Big Horn,0.018496,0.01505,0.003817,2.242,2.0,0.017114
Campbell,0.00882,0.007175,0.002136,2.697,1.4412,0.008304
Carbon,0.022949,0.018671,0.004324,2.4206,2.0,0.020935
Converse,0.005745,0.004673,0.001519,2.1223,1.6667,0.005374
Crook,0.012348,0.010041,0.002242,2.5927,2.0,0.011623
Fremont,0.021763,0.017705,0.004687,2.3993,1.7429,0.019598
Goshen,0.07127,0.057983,0.013322,2.4722,2.0,0.06587
Hot Springs,0.008048,0.006545,0.003172,2.2995,1.0,0.007295
Johnson,0.018219,0.014818,0.004026,2.644,1.5714,0.016728
Laramie,0.011054,0.008993,0.003136,2.3898,1.3178,0.009875
Lincoln,0.006654,0.005413,0.002421,2.4669,1.0217,0.006101
Natrona,0.009199,0.007483,0.002479,2.3036,1.4701,0.008397
Niobrara,0.019712,0.016035,0.00382,2.4279,2.0,0.018549
Park,0.005705,0.004641,0.001678,2.3273,1.3333,0.005208
Platte,0.018523,0.015069,0.004289,2.3898,1.6667,0.017084
Sheridan,0.01042,0.008477,0.002788,2.242,1.5,0.009377
Sublette,0.009825,0.007994,0.00234,2.3077,1.6923,0.009137
Sweetwater,0.004527,0.003683,0.001677,2.4436,1.0,0.004097
Teton,0.016547,0.013462,0.004986,2.4941,1.1154,0.013871
Uinta,0.007991,0.006501,0.002522,2.3458,1.2195,0.007213
Washakie,0.008955,0.007284,0.002691,2.4422,1.25,0.008214
Weston,0.026383,0.021461,0.005775,2.6103,1.625,0.024494
