Name,Estimated unvaccinated prevalence,Estimated vaccinated prevalence,Reported prevalence,Underreporting factor,Delay factor,Estimated prevalence
Entire state,0.014384,0.002713,0.002412,2.2883,1.0,0.005519
Addison,0.006861,0.001294,0.00087,2.2188,1.4091,0.00272
Bennington,0.029403,0.005546,0.003834,2.3053,1.4516,0.012831
Caledonia,0.01679,0.003167,0.003401,2.3253,1.01,0.007987
Chittenden,0.010912,0.002058,0.001813,2.2559,1.0314,0.004219
Essex,0.039753,0.007498,0.005841,2.5359,1.5217,0.022542
Franklin,0.009948,0.001876,0.002044,2.3214,1.0,0.004746
Grand Isle,0.009276,0.00175,0.001382,2.2608,1.125,0.003515
Lamoille,0.020189,0.003808,0.002602,2.3585,1.3265,0.008142
Orange,0.014218,0.002682,0.002492,2.3952,1.1094,0.006622
Orleans,0.038907,0.007338,0.007471,2.5143,1.0,0.018785
Rutland,0.010942,0.002064,0.002028,2.2749,1.0,0.004613
Washington,0.012473,0.002353,0.002191,2.2749,1.0,0.004985
Windham,0.014408,0.002718,0.002582,2.2749,1.0909,0.006407
Windsor,0.010772,0.002032,0.002052,2.333,1.0,0.004788
