Name,Estimated unvaccinated prevalence,Estimated vaccinated prevalence,Reported prevalence,Underreporting factor,Delay factor,Estimated prevalence
Entire state,0.001628,0.001325,0.000619,2.2284,1.0,0.001378
Addison,0.001771,0.001441,0.00068,2.206,1.0,0.0015
Bennington,0.001247,0.001015,0.000479,2.2284,1.0,0.001068
Caledonia,0.002893,0.002355,0.001067,2.3465,1.0,0.002504
Chittenden,0.00163,0.001326,0.000604,2.2698,1.0,0.001372
Essex,0.000483,0.000393,0.000162,2.658,1.0,0.000431
Franklin,0.000831,0.000676,0.000324,2.2147,1.0,0.000717
Grand Isle,0.000713,0.00058,0.000276,2.167,1.0,0.000599
Lamoille,0.000723,0.000589,0.000276,2.2175,1.0,0.000612
Orange,0.001061,0.000864,0.000415,2.206,1.0,0.000916
Orleans,0.000265,0.000216,0.000111,2.0697,1.0,0.00023
Rutland,0.001452,0.001182,0.000567,2.1875,1.0,0.001241
Washington,0.001709,0.001391,0.000462,2.1596,1.4444,0.001442
Windham,0.002622,0.002134,0.000995,2.2606,1.0,0.002249
Windsor,0.003103,0.002525,0.001144,2.3304,1.0,0.002666
