Name,Estimated unvaccinated prevalence,Estimated vaccinated prevalence,Reported prevalence,Underreporting factor,Delay factor,Estimated prevalence
Entire state,0.00292,0.002372,0.000789,3.2771,1.0,0.002584
Adams,0.004432,0.0036,0.000601,3.2771,2.0,0.003936
Asotin,0.001415,0.00115,0.000399,3.2771,1.0,0.001306
Benton,0.002169,0.001762,0.000592,3.2771,1.0,0.00194
Chelan,0.002102,0.001708,0.000557,3.2771,1.0,0.001825
Clallam,0.004125,0.003351,0.000815,3.2771,1.3478,0.003598
Clark,0.006153,0.004998,0.001636,3.2771,1.0088,0.00541
Columbia,0.0018,0.001462,0.000502,3.2771,1.0,0.001645
Cowlitz,0.004029,0.003273,0.001094,3.2771,1.0,0.003586
Douglas,0.000938,0.000762,0.000253,3.2771,1.0,0.00083
Ferry,0.0024,0.00195,0.000656,3.2771,1.0,0.002148
Franklin,0.003664,0.002977,0.001008,3.2771,1.0,0.003304
Garfield,0.003177,0.002581,0.000899,3.2771,1.0,0.002946
Grant,0.002733,0.00222,0.000604,3.2771,1.234,0.002441
Grays Harbor,0.001084,0.000881,0.000293,3.2771,1.0,0.000961
Island,0.001661,0.001349,0.000435,3.2771,1.0,0.001424
Jefferson,0.003632,0.002951,0.000559,3.2771,1.7,0.003112
King,0.002932,0.002382,0.00076,3.2771,1.0,0.002489
Kitsap,0.001777,0.001443,0.000472,3.2771,1.0,0.001545
Kittitas,0.020071,0.016304,0.002754,3.2771,2.0,0.018049
Klickitat,0.003067,0.002492,0.000803,3.2771,1.0625,0.002795
Lewis,0.003641,0.002958,0.000979,3.2771,1.0263,0.003292
Lincoln,0.001343,0.001091,0.000366,3.2771,1.0,0.001198
Mason,0.004653,0.00378,0.000959,3.2771,1.3125,0.004123
Okanogan,0.003373,0.00274,0.0009,3.2771,1.0,0.002948
Pacific,0.027545,0.022376,0.003738,3.2771,2.0,0.024501
Pend Oreille,0.008272,0.006719,0.001166,3.2771,2.0,0.007641
Pierce,0.003049,0.002476,0.000817,3.2771,1.0,0.002676
San Juan,0.00088,0.000715,0.000228,3.2771,1.0,0.000746
Skagit,0.001595,0.001296,0.000426,3.2771,1.0,0.001395
Skamania,0.00402,0.003266,0.00091,3.2771,1.25,0.003729
Snohomish,0.002237,0.001817,0.000592,3.2771,1.0,0.001941
Spokane,0.002923,0.002374,0.00079,3.2771,1.0,0.002589
Stevens,0.003561,0.002893,0.000984,3.2771,1.0233,0.0033
Thurston,0.003068,0.002492,0.000678,3.2771,1.2025,0.002672
Wahkiakum,0.004019,0.003265,0.001114,3.2771,1.0,0.003651
Walla Walla,0.001775,0.001442,0.000477,3.2771,1.0,0.001564
Whatcom,0.002989,0.002428,0.000776,3.2771,1.0172,0.002588
Whitman,0.001075,0.000873,0.000299,3.2771,1.0,0.000981
Yakima,0.002823,0.002294,0.000761,3.2771,1.0,0.002495
