Name,Estimated unvaccinated prevalence,Estimated vaccinated prevalence,Reported prevalence,Underreporting factor,Delay factor,Estimated prevalence
Entire state,4e-06,4e-06,2e-06,2.2798,1.0,4e-06
Addison,6.2e-05,6.2e-05,2.7e-05,2.2666,1.0,6.2e-05
Bennington,6.5e-05,6.5e-05,2.8e-05,2.3134,1.0,6.5e-05
Caledonia,7.5e-05,7.5e-05,3.3e-05,2.2431,1.0,7.5e-05
Chittenden,1.4e-05,1.4e-05,6e-06,2.321,1.0,1.4e-05
Essex,0.00037,0.00037,0.000162,2.2798,1.0,0.00037
Franklin,4.5e-05,4.5e-05,2e-05,2.2152,1.0,4.5e-05
Grand Isle,0.000323,0.000323,0.000138,2.3379,1.0,0.000323
Lamoille,0.0001,0.0001,3.9e-05,2.5472,1.0,0.0001
Orange,7.8e-05,7.8e-05,3.5e-05,2.2447,1.0,7.8e-05
Orleans,8.4e-05,8.4e-05,3.7e-05,2.2696,1.0,8.4e-05
Rutland,4e-05,4e-05,1.7e-05,2.3344,1.0,4e-05
Washington,3.7e-05,3.7e-05,1.7e-05,2.1696,1.0,3.7e-05
Windham,5.3e-05,5.3e-05,2.4e-05,2.2528,1.0,5.3e-05
Windsor,4.1e-05,4.1e-05,1.8e-05,2.2496,1.0,4.1e-05
