Name,Estimated unvaccinated prevalence,Estimated vaccinated prevalence,Reported prevalence,Underreporting factor,Delay factor,Estimated prevalence
Entire state,0.008432,0.001581,0.002042,2.4019,1.0,0.004905
Albany,0.011471,0.00215,0.002778,2.4131,1.0,0.006703
Big Horn,0.005399,0.001012,0.001696,2.2569,1.0,0.003828
Campbell,0.006282,0.001178,0.001942,2.4934,1.0,0.004842
Carbon,0.00651,0.00122,0.001892,2.2237,1.0,0.004207
Converse,0.002537,0.000476,0.000868,2.172,1.0,0.001886
Crook,0.002317,0.000434,0.000659,2.7091,1.0,0.001786
Fremont,0.006128,0.001149,0.00135,2.2901,1.0,0.003092
Goshen,0.009396,0.001761,0.002725,2.4185,1.0,0.006591
Hot Springs,0.001513,0.000284,0.000453,2.1067,1.0,0.000955
Johnson,0.008989,0.001685,0.002605,2.3128,1.0,0.006025
Laramie,0.011775,0.002207,0.002754,2.4957,1.0,0.006873
Lincoln,0.004036,0.000757,0.001109,2.4722,1.0,0.002743
Natrona,0.007609,0.001426,0.002079,2.4047,1.0,0.004999
Niobrara,0.011259,0.002111,0.003396,2.507,1.0,0.008513
Park,0.012427,0.00233,0.003049,2.4911,1.0476,0.007956
Platte,0.01504,0.00282,0.003694,2.791,1.0,0.010309
Sheridan,0.009979,0.001871,0.002493,2.4266,1.0,0.00605
Sublette,0.003315,0.000621,0.001017,2.3816,1.0,0.002423
Sweetwater,0.006795,0.001274,0.001677,2.5803,1.0,0.004327
Teton,0.007815,0.001465,0.00098,2.3091,1.0,0.002263
Uinta,0.005694,0.001067,0.001434,2.4817,1.0,0.003558
Washakie,0.01464,0.002745,0.003203,2.32,1.3333,0.009908
Weston,0.001828,0.000343,0.000577,2.2862,1.0,0.00132
