Name,Estimated unvaccinated prevalence,Estimated vaccinated prevalence,Reported prevalence,Underreporting factor,Delay factor,Estimated prevalence
Entire state,0.002672,0.002175,0.000883,2.2237,1.153,0.002264
Addison,0.004676,0.003806,0.000897,2.2063,2.0,0.003959
Bennington,0.003532,0.002875,0.001353,2.2346,1.0,0.003024
Caledonia,0.002976,0.002422,0.0006,2.2717,1.8889,0.002575
Chittenden,0.002134,0.001737,0.000721,2.2808,1.0935,0.001797
Essex,0.001287,0.001048,0.000487,2.3625,1.0,0.00115
Franklin,0.001095,0.000891,0.000425,2.2237,1.0,0.000945
Grand Isle,0.00324,0.002637,0.000968,2.3448,1.2,0.002722
Lamoille,0.003245,0.002641,0.000631,2.1769,2.0,0.002747
Orange,0.00221,0.001799,0.000727,2.232,1.1765,0.001909
Orleans,0.000445,0.000362,0.000185,2.0866,1.0,0.000386
Rutland,0.003079,0.002506,0.001186,2.218,1.0,0.00263
Washington,0.001413,0.00115,0.000514,2.1621,1.0741,0.001193
Windham,0.002852,0.002321,0.001066,2.1905,1.0476,0.002446
Windsor,0.008615,0.007012,0.00158,2.3429,2.0,0.007404
