Name,Estimated unvaccinated prevalence,Estimated vaccinated prevalence,Reported prevalence,Underreporting factor,Delay factor,Estimated prevalence
Entire state,0.011666,0.0022,0.002075,2.2993,1.0,0.004772
Addison,0.004102,0.000773,0.000761,2.1805,1.0,0.00166
Bennington,0.010896,0.002055,0.002086,2.3126,1.0,0.004825
Caledonia,0.009553,0.001802,0.002034,2.2806,1.0,0.004638
Chittenden,0.009713,0.001832,0.00171,2.2605,1.0,0.003865
Essex,0.044911,0.008469,0.005355,2.4002,2.0,0.025704
Franklin,0.006146,0.001159,0.001316,2.2757,1.0,0.002994
Grand Isle,0.00471,0.000888,0.000829,2.1949,1.0,0.00182
Lamoille,0.004788,0.000903,0.000907,2.1728,1.0,0.00197
Orange,0.01038,0.001957,0.001627,2.3647,1.2778,0.004915
Orleans,0.029552,0.005573,0.006066,2.4002,1.0,0.014559
Rutland,0.021687,0.00409,0.003489,2.3684,1.1285,0.009324
Washington,0.010024,0.00189,0.001815,2.2498,1.0,0.004083
Windham,0.008335,0.001572,0.001658,2.2757,1.0,0.003773
Windsor,0.014721,0.002776,0.002652,2.3376,1.0741,0.006657
