Name,Estimated unvaccinated prevalence,Estimated vaccinated prevalence,Reported prevalence,Underreporting factor,Delay factor,Estimated prevalence
Entire state,0.005789,0.001078,0.000975,2.4466,1.0,0.002384
Adams,0.00406,0.000756,0.000951,2.3574,1.0,0.002241
Asotin,0.004936,0.000919,0.00124,2.6827,1.0,0.003326
Benton,0.003579,0.000666,0.000832,2.4313,1.0,0.002022
Chelan,0.006862,0.001278,0.001347,2.314,1.0,0.003117
Clallam,0.004044,0.000753,0.000815,2.3211,1.0,0.001891
Clark,0.005947,0.001107,0.001208,2.4828,1.0,0.003
Columbia,0.016308,0.003037,0.002258,2.2678,2.0,0.010243
Cowlitz,0.004948,0.000921,0.001085,2.4781,1.0,0.002689
Douglas,0.008458,0.001575,0.001842,2.4072,1.0,0.004434
Ferry,0.003398,0.000633,0.000656,2.222,1.3333,0.001942
Franklin,0.004877,0.000908,0.000998,2.4565,1.2051,0.002954
Garfield,0.009765,0.001818,0.001798,2.4313,1.5,0.006556
Grant,0.003826,0.000712,0.000911,2.3817,1.0,0.002169
Grays Harbor,0.008817,0.001642,0.001918,2.5054,1.0,0.004807
Island,0.004014,0.000748,0.00081,2.3904,1.0,0.001937
Jefferson,0.005231,0.000974,0.000838,2.4758,1.0,0.002075
King,0.003758,0.0007,0.000638,2.276,1.0,0.001452
Kitsap,0.003487,0.000649,0.000704,2.41,1.0,0.001696
Kittitas,0.015383,0.002865,0.001794,2.4781,2.0,0.008892
Klickitat,0.00294,0.000547,0.000713,2.5798,1.0,0.001841
Lewis,0.007268,0.001354,0.001697,2.5817,1.0,0.004382
Lincoln,0.002952,0.00055,0.000731,2.3757,1.0,0.001737
Mason,0.005364,0.000999,0.001168,2.4541,1.0,0.002867
Okanogan,0.00336,0.000626,0.000663,2.3904,1.0,0.001584
Pacific,0.002707,0.000504,0.000623,2.4516,1.0,0.001527
Pend Oreille,0.003249,0.000605,0.000947,2.3479,1.0,0.002224
Pierce,0.005082,0.000946,0.001055,2.459,1.0,0.002595
San Juan,0.009799,0.001825,0.001365,2.6761,1.0,0.003653
Skagit,0.007679,0.00143,0.001478,2.5121,1.0,0.003713
Skamania,0.002465,0.000459,0.000662,2.6118,1.0,0.001729
Snohomish,0.006837,0.001273,0.001295,2.4734,1.0,0.003204
Spokane,0.005207,0.00097,0.001123,2.4614,1.0,0.002764
Stevens,0.003649,0.00068,0.000984,2.572,1.0,0.002531
Thurston,0.004904,0.000913,0.000988,2.4466,1.0,0.002417
Wahkiakum,0.002002,0.000373,0.000446,2.7485,1.0,0.001225
Walla Walla,0.004371,0.000814,0.000955,2.3176,1.0,0.002212
Whatcom,0.007375,0.001373,0.001405,2.3479,1.0,0.003298
Whitman,0.001141,0.000212,0.000319,2.2678,1.0,0.000724
Yakima,0.005071,0.000944,0.001068,2.5054,1.0,0.002676
