Name,Estimated unvaccinated prevalence,Estimated vaccinated prevalence,Reported prevalence,Underreporting factor,Delay factor,Estimated prevalence
Entire state,0.003949,0.003215,0.001498,2.2411,1.0,0.003358
Addison,0.003078,0.002506,0.001169,2.2343,1.0,0.002612
Bennington,0.001795,0.001461,0.000564,2.1607,1.2667,0.001543
Caledonia,0.007926,0.006452,0.002834,2.3386,1.037,0.006873
Chittenden,0.005144,0.004188,0.001765,2.2377,1.0992,0.004341
Essex,0.008009,0.00652,0.003245,2.2049,1.0,0.007155
Franklin,0.006882,0.005602,0.001559,2.2665,1.6889,0.005966
Grand Isle,0.005037,0.0041,0.000968,2.1968,2.0,0.004251
Lamoille,0.002554,0.00208,0.000946,2.2898,1.0,0.002167
Orange,0.001425,0.00116,0.000554,2.2308,1.0,0.001235
Orleans,0.004764,0.003878,0.001812,2.2841,1.0,0.00414
Rutland,0.003643,0.002966,0.001186,2.2049,1.193,0.003119
Washington,0.006694,0.00545,0.002277,2.2841,1.0909,0.005674
Windham,0.001922,0.001565,0.000758,2.1797,1.0,0.001652
Windsor,0.00357,0.002906,0.001362,2.2573,1.0,0.003075
