Name,Estimated unvaccinated prevalence,Estimated vaccinated prevalence,Reported prevalence,Underreporting factor,Delay factor,Estimated prevalence
Entire state,0.007959,0.001498,0.001252,2.3311,1.1747,0.003427
Addison,0.016798,0.003162,0.001468,2.3958,2.0,0.007035
Bennington,0.021811,0.004106,0.002058,2.4335,2.0,0.010017
Caledonia,0.00329,0.000619,0.000734,2.2625,1.0,0.00166
Chittenden,0.010287,0.001936,0.00182,2.3264,1.0,0.004233
Essex,0.001808,0.00034,0.000487,2.177,1.0,0.00106
Franklin,0.008455,0.001592,0.001417,2.354,1.2778,0.004262
Grand Isle,0.024284,0.004571,0.002073,2.3837,2.0,0.009884
Lamoille,0.002081,0.000392,0.000394,2.2565,1.0,0.00089
Orange,0.001566,0.000295,0.000346,2.2094,1.0,0.000765
Orleans,0.007058,0.001328,0.001553,2.345,1.0,0.003643
Rutland,0.007458,0.001404,0.000894,2.345,1.5938,0.00334
Washington,0.004868,0.000916,0.000925,2.2239,1.0,0.002056
Windham,0.007216,0.001358,0.001066,2.3215,1.375,0.003402
Windsor,0.005377,0.001012,0.000817,2.3066,1.3333,0.002513
