Name,Estimated unvaccinated prevalence,Estimated vaccinated prevalence,Reported prevalence,Underreporting factor,Delay factor,Estimated prevalence
Entire state,0.008279,0.001559,0.001462,2.3345,1.0305,0.003516
Addison,0.004606,0.000867,0.000843,2.2694,1.0,0.001913
Bennington,0.011484,0.002163,0.002143,2.44,1.0,0.005228
Caledonia,0.011423,0.002151,0.001467,2.3606,1.6538,0.005727
Chittenden,0.009739,0.001834,0.001722,2.3111,1.0,0.003979
Essex,0.005909,0.001113,0.001136,2.5304,1.2,0.003449
Franklin,0.003458,0.000651,0.000749,2.3111,1.0,0.001731
Grand Isle,0.01689,0.003181,0.002211,2.4601,1.25,0.006801
Lamoille,0.012845,0.002419,0.001262,2.3648,1.8235,0.005441
Orange,0.0058,0.001092,0.000831,2.3521,1.4375,0.002809
Orleans,0.007002,0.001319,0.001479,2.426,1.0,0.003589
Rutland,0.009873,0.001859,0.001375,2.385,1.339,0.00439
Washington,0.017255,0.00325,0.001986,2.3111,1.5753,0.007231
Windham,0.009425,0.001775,0.001397,2.377,1.3182,0.004378
Windsor,0.013839,0.002606,0.001453,2.4004,1.8372,0.006407
