Name,Estimated unvaccinated prevalence,Estimated vaccinated prevalence,Reported prevalence,Underreporting factor,Delay factor,Estimated prevalence
Entire state,0.024678,0.004622,0.006203,2.5646,1.0,0.015908
Albany,0.015327,0.002871,0.003498,2.5127,1.063,0.009343
Big Horn,0.058889,0.01103,0.009584,2.7718,1.6471,0.043755
Campbell,0.039929,0.007479,0.008934,2.9964,1.1971,0.032045
Carbon,0.014442,0.002705,0.003851,2.5393,1.0,0.00978
Converse,0.028524,0.005343,0.007958,2.759,1.0,0.021957
Crook,0.032692,0.006123,0.008175,2.9265,1.0893,0.026061
Fremont,0.041522,0.007777,0.009399,2.5341,1.0,0.023817
Goshen,0.019706,0.003691,0.005601,2.5621,1.0,0.014352
Hot Springs,0.038997,0.007304,0.009744,2.6455,1.0,0.025778
Johnson,0.017415,0.003262,0.0045,2.3302,1.1562,0.012124
Laramie,0.01258,0.002356,0.003156,2.467,1.0,0.007785
Lincoln,0.027029,0.005063,0.007262,2.6915,1.0,0.019545
Natrona,0.027913,0.005228,0.007576,2.5419,1.0,0.019257
Niobrara,0.035453,0.00664,0.011036,2.5419,1.0,0.028051
Park,0.03541,0.006632,0.00781,2.7095,1.1238,0.023779
Platte,0.009865,0.001848,0.002621,2.6875,1.0,0.007044
Sheridan,0.022725,0.004256,0.005708,2.547,1.0,0.014538
Sublette,0.029692,0.005561,0.0059,2.7681,1.3902,0.022704
Sweetwater,0.026644,0.00499,0.006707,2.7441,1.0,0.018405
Teton,0.055989,0.010487,0.006009,2.5017,1.2613,0.018961
Uinta,0.022772,0.004265,0.006131,2.4961,1.0,0.015303
Washakie,0.025518,0.00478,0.007303,2.4847,1.0,0.018146
Weston,0.008822,0.001652,0.002743,2.4027,1.0,0.00659
