Name,Estimated unvaccinated prevalence,Estimated vaccinated prevalence,Reported prevalence,Underreporting factor,Delay factor,Estimated prevalence
Entire state,0.001376,0.001376,0.000601,2.2903,1.0,0.001376
Addison,0.001989,0.001989,0.000707,2.2505,1.25,0.001989
Bennington,0.001825,0.001825,0.000818,2.232,1.0,0.001825
Caledonia,0.001776,0.001776,0.000433,2.3904,1.7143,0.001776
Chittenden,0.001401,0.001401,0.000519,2.2809,1.1831,0.001401
Essex,0.00108,0.00108,0.000487,2.218,1.0,0.00108
Franklin,0.001709,0.001709,0.000688,2.2576,1.1,0.001709
Grand Isle,0.000605,0.000605,0.000276,2.1894,1.0,0.000605
Lamoille,0.001029,0.001029,0.000394,2.6086,1.0,0.001029
Orange,0.000548,0.000548,0.000242,2.2611,1.0,0.000548
Orleans,0.000748,0.000748,0.000296,2.5281,1.0,0.000748
Rutland,0.002429,0.002429,0.001048,2.3169,1.0,0.002429
Washington,0.000906,0.000906,0.000411,2.2053,1.0,0.000906
Windham,0.001373,0.001373,0.000616,2.23,1.0,0.001373
Windsor,0.001408,0.001408,0.000599,2.2761,1.0323,0.001408
