Name,Estimated unvaccinated prevalence,Estimated vaccinated prevalence,Reported prevalence,Underreporting factor,Delay factor,Estimated prevalence
Entire state,0.026901,0.021886,0.009187,2.6553,1.0,0.024394
Albany,0.022606,0.018392,0.007716,2.6279,1.0,0.020277
Big Horn,0.022859,0.018597,0.008058,2.4924,1.0562,0.021211
Campbell,0.024241,0.019722,0.008265,2.7684,1.0,0.022881
Carbon,0.043688,0.035543,0.015203,2.6338,1.0,0.040041
Converse,0.018371,0.014946,0.006945,2.481,1.0,0.017232
Crook,0.022719,0.018484,0.007516,2.854,1.0,0.02145
Fremont,0.044084,0.035865,0.014849,2.641,1.0,0.039218
Goshen,0.033749,0.027457,0.012565,2.4887,1.0,0.031271
Hot Springs,0.027184,0.022116,0.009971,2.4772,1.0,0.024699
Johnson,0.013242,0.010774,0.004855,2.5109,1.0,0.01219
Laramie,0.028111,0.02287,0.009417,2.6803,1.0,0.02524
Lincoln,0.013372,0.010879,0.00474,2.5977,1.0,0.012314
Natrona,0.025378,0.020647,0.008565,2.7135,1.0,0.023241
Niobrara,0.113763,0.092555,0.025042,2.6581,1.6111,0.107246
Park,0.016136,0.013128,0.005755,2.5675,1.0,0.014775
Platte,0.016631,0.013531,0.0056,2.7452,1.0,0.015373
Sheridan,0.02617,0.021292,0.009578,2.4693,1.0,0.023653
Sublette,0.027178,0.022111,0.009358,2.707,1.0,0.025332
Sweetwater,0.031608,0.025715,0.010368,2.7744,1.0,0.028765
Teton,0.022071,0.017957,0.007245,2.5543,1.0,0.018506
Uinta,0.033307,0.027098,0.011124,2.7174,1.0,0.030229
Washakie,0.030564,0.024866,0.010634,2.6439,1.0,0.028116
Weston,0.022742,0.018502,0.008517,2.4868,1.0,0.021181
