Name,Estimated unvaccinated prevalence,Estimated vaccinated prevalence,Reported prevalence,Underreporting factor,Delay factor,Estimated prevalence
Entire state,0.002416,0.002416,0.000968,2.3093,1.0806,0.002416
Addison,0.000925,0.000925,0.000408,2.2668,1.0,0.000925
Bennington,0.009749,0.009749,0.002396,2.3731,1.7143,0.009749
Caledonia,0.002396,0.002396,0.0006,2.3481,1.7,0.002396
Chittenden,0.001855,0.001855,0.000775,2.3161,1.0328,0.001855
Essex,0.004244,0.004244,0.001136,2.4912,1.5,0.004244
Franklin,0.001638,0.001638,0.000708,2.3127,1.0,0.001638
Grand Isle,0.001599,0.001599,0.000691,2.3144,1.0,0.001599
Lamoille,0.001342,0.001342,0.000394,2.2688,1.5,0.001342
Orange,0.001184,0.001184,0.000519,2.2804,1.0,0.001184
Orleans,0.000238,0.000238,0.000111,2.1458,1.0,0.000238
Rutland,0.004023,0.004023,0.001701,2.3645,1.0,0.004023
Washington,0.001095,0.001095,0.000496,2.2062,1.0,0.001095
Windham,0.00384,0.00384,0.001374,2.3541,1.1875,0.00384
Windsor,0.003899,0.003899,0.000926,2.3571,1.7857,0.003899
