Name,Estimated unvaccinated prevalence,Estimated vaccinated prevalence,Reported prevalence,Underreporting factor,Delay factor,Estimated prevalence
Entire state,0.004412,0.00359,0.001638,2.4399,1.0,0.003996
Albany,0.002598,0.002113,0.000977,2.3821,1.0,0.002328
Big Horn,0.003745,0.003047,0.001527,2.275,1.0,0.003473
Campbell,0.004555,0.003706,0.001662,2.5857,1.0,0.004296
Carbon,0.005384,0.00438,0.002095,2.3534,1.0,0.004929
Converse,0.001795,0.00146,0.000723,2.3249,1.0,0.001682
Crook,0.001033,0.00084,0.000396,2.4632,1.0,0.000974
Fremont,0.009589,0.007801,0.003464,2.4575,1.0,0.008513
Goshen,0.00517,0.004206,0.002119,2.2585,1.0,0.004787
Hot Springs,0.003657,0.002975,0.00136,2.4419,1.0,0.00332
Johnson,0.001419,0.001155,0.000592,2.2055,1.0,0.001306
Laramie,0.004679,0.003807,0.001698,2.4708,1.0,0.004197
Lincoln,0.003492,0.002841,0.001412,2.275,1.0,0.003212
Natrona,0.003688,0.003001,0.00144,2.3433,1.0,0.003374
Niobrara,0.010321,0.008397,0.002971,2.1828,1.5,0.009728
Park,0.00294,0.002392,0.00113,2.3798,1.0,0.00269
Platte,0.003679,0.002993,0.00143,2.3775,1.0,0.003399
Sheridan,0.00335,0.002726,0.001312,2.3053,1.0,0.003025
Sublette,0.001225,0.000997,0.000509,2.2446,1.0,0.001142
Sweetwater,0.003869,0.003148,0.001393,2.5238,1.0,0.003517
Teton,0.011675,0.009499,0.003921,2.4945,1.0,0.009781
Uinta,0.001938,0.001577,0.000742,2.368,1.0,0.001756
Washakie,0.014012,0.0114,0.004612,2.3934,1.1667,0.012879
Weston,0.003119,0.002537,0.001299,2.2335,1.0,0.002902
