Name,Estimated unvaccinated prevalence,Estimated vaccinated prevalence,Reported prevalence,Underreporting factor,Delay factor,Estimated prevalence
Entire state,0.015888,0.002956,0.002035,3.5898,1.0,0.007305
Adams,0.011484,0.002136,0.001852,3.5898,1.0,0.006647
Asotin,0.017793,0.00331,0.003321,3.5898,1.0278,0.012254
Benton,0.011787,0.002193,0.001923,3.5898,1.0,0.006902
Chelan,0.023528,0.004377,0.003109,3.5898,1.0,0.01116
Clallam,0.020567,0.003826,0.002496,3.5898,1.1098,0.009943
Clark,0.014397,0.002678,0.002093,3.5898,1.0,0.007514
Columbia,0.016871,0.003138,0.003011,3.5898,1.0,0.01081
Cowlitz,0.018211,0.003388,0.002839,3.5898,1.0,0.010192
Douglas,0.015075,0.002804,0.00228,3.5898,1.0,0.008183
Ferry,0.041674,0.007752,0.006818,3.5898,1.0,0.024475
Franklin,0.01365,0.002539,0.002384,3.5898,1.0,0.008558
Garfield,0.01403,0.00261,0.002697,3.5898,1.0,0.00968
Grant,0.023001,0.004279,0.003765,3.5898,1.0,0.013517
Grays Harbor,0.022382,0.004164,0.003504,3.5898,1.0,0.012578
Island,0.012515,0.002328,0.001621,3.5898,1.0787,0.006277
Jefferson,0.022205,0.004131,0.001272,3.5898,2.0,0.009136
King,0.010792,0.002008,0.001235,3.5898,1.0,0.004435
Kitsap,0.012033,0.002238,0.001709,3.5898,1.0,0.006136
Kittitas,0.01214,0.002258,0.002003,3.5898,1.0,0.007189
Klickitat,0.027875,0.005185,0.004058,3.5898,1.2162,0.017717
Lewis,0.01724,0.003207,0.002974,3.5898,1.0,0.010675
Lincoln,0.01577,0.002934,0.002651,3.5898,1.0,0.009517
Mason,0.018666,0.003472,0.002876,3.5898,1.0,0.010323
Okanogan,0.024107,0.004485,0.003267,3.5898,1.0,0.011727
Pacific,0.010221,0.001901,0.001647,3.5898,1.0,0.005911
Pend Oreille,0.016104,0.002996,0.003133,3.5898,1.0,0.011248
Pierce,0.015969,0.002971,0.002365,3.5898,1.0,0.008489
San Juan,0.008404,0.001563,0.00091,3.5898,1.0,0.003267
Skagit,0.026064,0.004849,0.003429,3.5898,1.0651,0.013109
Skamania,0.021045,0.003915,0.002979,3.5898,1.4,0.014974
Snohomish,0.018246,0.003394,0.002063,3.5898,1.2064,0.008935
Spokane,0.020126,0.003744,0.003076,3.5898,1.0,0.011041
Stevens,0.018125,0.003372,0.003565,3.5898,1.0,0.012798
Thurston,0.014168,0.002636,0.002027,3.5898,1.0,0.007278
Wahkiakum,0.005145,0.000957,0.000891,3.5898,1.0,0.003199
Walla Walla,0.014542,0.002705,0.002123,3.5898,1.0,0.007622
Whatcom,0.016158,0.003006,0.001919,3.5898,1.0866,0.007487
Whitman,0.009809,0.001825,0.001776,3.5898,1.0,0.006377
Yakima,0.016353,0.003042,0.002507,3.5898,1.0,0.009001
