Name,Estimated unvaccinated prevalence,Estimated vaccinated prevalence,Reported prevalence,Underreporting factor,Delay factor,Estimated prevalence
Entire state,0.002006,0.001633,0.000766,2.219,1.0,0.0017
Addison,0.00092,0.000749,0.000353,2.2041,1.0,0.000779
Bennington,0.003624,0.00295,0.001381,2.2462,1.0,0.003103
Caledonia,0.000856,0.000697,0.000333,2.2219,1.0,0.000741
Chittenden,0.001791,0.001458,0.000659,2.2865,1.0,0.001508
Essex,0.002448,0.001993,0.000649,2.2462,1.5,0.002187
Franklin,0.001558,0.001268,0.000607,2.219,1.0,0.001348
Grand Isle,0.002278,0.001854,0.000829,2.3077,1.0,0.001914
Lamoille,0.000606,0.000493,0.000237,2.1667,1.0,0.000513
Orange,0.001584,0.001289,0.000623,2.1946,1.0,0.001367
Orleans,0.000538,0.000438,0.000222,2.1005,1.0,0.000466
Rutland,0.004369,0.003556,0.001289,2.2303,1.2982,0.003732
Washington,0.001224,0.000996,0.000479,2.1549,1.0,0.001033
Windham,0.002614,0.002127,0.001018,2.201,1.0,0.002242
Windsor,0.002001,0.001629,0.000745,2.3098,1.0,0.00172
