Name,Estimated unvaccinated prevalence,Estimated vaccinated prevalence,Reported prevalence,Underreporting factor,Delay factor,Estimated prevalence
Entire state,0.006714,0.001259,0.001636,2.3869,1.0,0.003906
Albany,0.009556,0.001791,0.002315,2.4124,1.0,0.005584
Big Horn,0.004606,0.000863,0.001442,2.2652,1.0,0.003266
Campbell,0.005454,0.001022,0.001662,2.5303,1.0,0.004204
Carbon,0.006045,0.001133,0.001757,2.2234,1.0,0.003906
Converse,0.002114,0.000396,0.000723,2.1717,1.0,0.001571
Crook,0.001362,0.000255,0.000396,2.6547,1.0,0.00105
Fremont,0.004284,0.000803,0.000942,2.2936,1.0,0.002161
Goshen,0.008312,0.001558,0.002422,2.4069,1.0,0.00583
Hot Springs,0.001512,0.000284,0.000453,2.1065,1.0,0.000955
Johnson,0.007618,0.001428,0.00225,2.2694,1.0,0.005106
Laramie,0.009305,0.001744,0.002181,2.4903,1.0,0.005431
Lincoln,0.003478,0.000652,0.000958,2.4666,1.0,0.002363
Natrona,0.006035,0.001131,0.001653,2.3985,1.0,0.003964
Niobrara,0.011246,0.002108,0.003396,2.504,1.0,0.008503
Park,0.008711,0.001633,0.002261,2.4666,1.0,0.005576
Platte,0.011194,0.002099,0.00274,2.7998,1.0,0.007672
Sheridan,0.007868,0.001475,0.002001,2.384,1.0,0.00477
Sublette,0.002972,0.000557,0.000915,2.372,1.0,0.002171
Sweetwater,0.005523,0.001035,0.00137,2.5675,1.0,0.003517
Teton,0.005737,0.001076,0.000725,2.2936,1.0,0.001662
Uinta,0.003847,0.000721,0.000989,2.4313,1.0,0.002404
Washakie,0.02023,0.003792,0.002947,2.323,2.0,0.013691
Weston,0.001351,0.000253,0.000433,2.252,1.0,0.000975
