Name,Estimated unvaccinated prevalence,Estimated vaccinated prevalence,Reported prevalence,Underreporting factor,Delay factor,Estimated prevalence
Entire state,0.001683,0.001683,0.000714,2.2728,1.0378,0.001683
Albany,0.001392,0.001392,0.000592,2.3532,1.0,0.001392
Big Horn,0.001917,0.001917,0.000509,2.2596,1.6667,0.001917
Campbell,0.001121,0.001121,0.000345,2.3819,1.3636,0.001121
Carbon,0.00015,0.00015,6.8e-05,2.222,1.0,0.00015
Converse,0.001303,0.001303,0.000579,2.2518,1.0,0.001303
Crook,0.001811,0.001811,0.000527,2.289,1.5,0.001811
Fremont,0.003536,0.003536,0.001401,2.2436,1.125,0.003536
Goshen,0.001929,0.001929,0.000833,2.3172,1.0,0.001929
Hot Springs,0.015536,0.015536,0.003172,2.4486,2.0,0.015536
Johnson,0.013576,0.013576,0.002842,2.3885,2.0,0.013576
Laramie,0.001473,0.001473,0.000623,2.3644,1.0,0.001473
Lincoln,0.001158,0.001158,0.000504,2.2958,1.0,0.001158
Natrona,0.00194,0.00194,0.000852,2.2104,1.0308,0.00194
Niobrara,0.002894,0.002894,0.001273,2.2728,1.0,0.002894
Park,0.00349,0.00349,0.000788,2.2151,2.0,0.00349
Platte,0.005338,0.005338,0.001787,2.5603,1.1667,0.005338
Sheridan,0.002235,0.002235,0.000886,2.3296,1.0833,0.002235
Sublette,0.002231,0.002231,0.001017,2.1929,1.0,0.002231
Sweetwater,0.001499,0.001499,0.000449,2.2265,1.5,0.001499
Teton,0.001479,0.001479,0.000639,2.314,1.0,0.001479
Uinta,0.001229,0.001229,0.000544,2.2596,1.0,0.001229
Washakie,0.001158,0.001158,0.000512,2.2596,1.0,0.001158
Weston,0.006017,0.006017,0.001155,2.6051,2.0,0.006017
