Name,Estimated unvaccinated prevalence,Estimated vaccinated prevalence,Reported prevalence,Underreporting factor,Delay factor,Estimated prevalence
Entire state,0.005291,0.004304,0.00199,2.4023,1.0,0.004782
Albany,0.003297,0.002682,0.001183,2.4897,1.0,0.002946
Big Horn,0.005371,0.00437,0.002205,2.2526,1.0,0.004968
Campbell,0.008679,0.00706,0.002633,2.6926,1.1524,0.008169
Carbon,0.003537,0.002878,0.001351,2.3874,1.0,0.003226
Converse,0.004815,0.003917,0.002026,2.2228,1.0,0.004503
Crook,0.002561,0.002083,0.000923,2.611,1.0,0.00241
Fremont,0.007157,0.005822,0.002751,2.342,1.0,0.006442
Goshen,0.012714,0.010344,0.002649,2.2174,2.0,0.011749
Hot Springs,0.016866,0.013724,0.004079,2.4252,1.5455,0.015287
Johnson,0.010637,0.008652,0.00296,2.4738,1.3333,0.009764
Laramie,0.00742,0.006036,0.002683,2.4688,1.0,0.006625
Lincoln,0.004235,0.003445,0.001614,2.4052,1.0,0.003881
Natrona,0.004662,0.003793,0.001853,2.2957,1.0,0.004255
Niobrara,0.002075,0.00169,0.000849,2.3016,1.0,0.001954
Park,0.002254,0.001833,0.000891,2.3094,1.0,0.002057
Platte,0.007664,0.006233,0.001668,2.2814,1.8571,0.007067
Sheridan,0.005544,0.00451,0.002231,2.2356,1.0,0.004987
Sublette,0.007488,0.006092,0.002848,2.4442,1.0,0.006961
Sweetwater,0.00342,0.002782,0.001228,2.519,1.0,0.003094
Teton,0.007833,0.006372,0.002642,2.4861,1.0,0.006569
Uinta,0.002574,0.002094,0.000989,2.3488,1.0,0.002323
Washakie,0.003924,0.003192,0.001409,2.2977,1.1111,0.003598
Weston,0.003338,0.002715,0.001299,2.3843,1.0,0.003098
