Name,Estimated unvaccinated prevalence,Estimated vaccinated prevalence,Reported prevalence,Underreporting factor,Delay factor,Estimated prevalence
Entire state,0.019529,0.003657,0.004757,2.5143,1.0,0.01196
Albany,0.01255,0.00235,0.003009,2.4897,1.0,0.007492
Big Horn,0.008355,0.001565,0.002545,2.3687,1.0,0.006027
Campbell,0.013649,0.002556,0.003841,2.7751,1.0,0.010659
Carbon,0.030819,0.005771,0.00777,2.611,1.0,0.020288
Converse,0.014206,0.00266,0.004269,2.5071,1.0,0.010702
Crook,0.016393,0.00307,0.003956,2.6817,1.2083,0.012818
Fremont,0.03429,0.006421,0.007183,2.5022,1.0,0.017972
Goshen,0.035216,0.006595,0.008781,2.8482,1.0,0.025009
Hot Springs,0.008436,0.00158,0.002266,2.3883,1.0,0.005412
Johnson,0.0117,0.002191,0.003316,2.4009,1.0,0.00796
Laramie,0.015564,0.002914,0.003518,2.4584,1.0738,0.009286
Lincoln,0.016999,0.003183,0.004539,2.5987,1.0,0.011795
Natrona,0.025711,0.004815,0.006624,2.582,1.0057,0.017201
Niobrara,0.030691,0.005747,0.008065,2.7986,1.0588,0.023897
Park,0.019912,0.003729,0.005104,2.5424,1.0,0.012976
Platte,0.014897,0.00279,0.003694,2.8017,1.0,0.010348
Sheridan,0.023937,0.004482,0.005806,2.5492,1.0,0.014801
Sublette,0.010615,0.001988,0.003052,2.4922,1.0357,0.007877
Sweetwater,0.015978,0.002992,0.003826,2.6328,1.0387,0.010463
Teton,0.034349,0.006432,0.003665,2.3915,1.2319,0.010798
Uinta,0.009567,0.001791,0.002423,2.5401,1.0,0.006154
Washakie,0.024541,0.004596,0.007047,2.4009,1.0,0.016918
Weston,0.09514,0.017816,0.011982,2.8991,2.0,0.069475
