Name,Estimated unvaccinated prevalence,Estimated vaccinated prevalence,Reported prevalence,Underreporting factor,Delay factor,Estimated prevalence
Entire state,0.002807,0.002807,0.00079,2.289,1.5521,0.002807
Addison,0.000497,0.000497,0.000218,2.2848,1.0,0.000497
Bennington,0.004847,0.004847,0.001071,2.3231,1.9474,0.004847
Caledonia,0.001109,0.001109,0.0003,2.3091,1.6,0.001109
Chittenden,0.003854,0.003854,0.00083,2.3206,2.0,0.003854
Essex,0.001486,0.001486,0.000649,2.289,1.0,0.001486
Franklin,0.001859,0.001859,0.00083,2.2404,1.0,0.001859
Grand Isle,0.003434,0.003434,0.000968,2.3662,1.5,0.003434
Lamoille,0.000296,0.000296,0.000118,2.5037,1.0,0.000296
Orange,0.003471,0.003471,0.000761,2.2791,2.0,0.003471
Orleans,0.002115,0.002115,0.000444,2.3823,2.0,0.002115
Rutland,0.004643,0.004643,0.001426,2.3424,1.3898,0.004643
Washington,0.001485,0.001485,0.000411,2.2004,1.6429,0.001485
Windham,0.001274,0.001274,0.000568,2.2404,1.0,0.001274
Windsor,0.002207,0.002207,0.000617,2.2747,1.5714,0.002207
