Name,Estimated unvaccinated prevalence,Estimated vaccinated prevalence,Reported prevalence,Underreporting factor,Delay factor,Estimated prevalence
Entire state,0.071677,0.05824,0.010768,2.923,2.0,0.062949
Adams,0.031659,0.025723,0.005755,2.4642,2.0,0.028362
Asotin,0.017283,0.014043,0.003277,2.6075,1.8718,0.015994
Benton,0.049322,0.040075,0.007393,2.9977,2.0,0.044323
Chelan,0.056095,0.045578,0.009482,2.5824,2.0,0.048971
Clallam,0.079443,0.064549,0.011095,3.1379,2.0,0.06963
Clark,0.061255,0.049771,0.009051,2.9937,2.0,0.054192
Columbia,0.028255,0.022958,0.005019,2.5772,2.0,0.025869
Cowlitz,0.037598,0.030549,0.006094,2.7593,2.0,0.033633
Douglas,0.042152,0.03425,0.007161,2.6173,2.0,0.037485
Ferry,0.022339,0.018151,0.003671,2.738,2.0,0.020103
Franklin,0.065701,0.053383,0.009578,3.113,2.0,0.059631
Garfield,0.033939,0.027576,0.005393,2.923,2.0,0.031529
Grant,0.041202,0.033477,0.006896,2.6847,2.0,0.037029
Grays Harbor,0.050057,0.040672,0.00782,2.8626,2.0,0.044773
Island,0.045533,0.036997,0.007118,2.8187,2.0,0.040125
Jefferson,0.042407,0.034456,0.006828,2.6715,2.0,0.036481
King,0.078001,0.063377,0.012544,2.9022,1.831,0.066659
Kitsap,0.060907,0.049488,0.008822,3.0427,2.0,0.053687
Kittitas,0.054492,0.044276,0.008783,2.8002,2.0,0.049187
Klickitat,0.021343,0.017342,0.003344,2.9154,2.0,0.019501
Lewis,0.045339,0.036839,0.007298,2.8212,2.0,0.041178
Lincoln,0.029699,0.024131,0.004845,2.7697,2.0,0.026839
Mason,0.040932,0.033258,0.007668,2.3816,2.0,0.036526
Okanogan,0.012057,0.009797,0.002202,2.402,2.0,0.010576
Pacific,0.031806,0.025843,0.004762,3.0047,2.0,0.028615
Pend Oreille,0.01418,0.011522,0.00255,2.5806,2.0,0.013163
Pierce,0.107489,0.087338,0.015512,3.0692,2.0,0.095217
San Juan,0.029442,0.023922,0.004721,2.6625,2.0,0.025138
Skagit,0.050537,0.041062,0.007577,2.9337,2.0,0.044458
Skamania,0.015409,0.01252,0.002979,2.6124,1.8421,0.014338
Snohomish,0.082702,0.067197,0.01231,2.938,2.0,0.072334
Spokane,0.047028,0.038211,0.007611,2.7527,2.0,0.041902
Stevens,0.016232,0.013189,0.002996,2.517,2.0,0.015084
Thurston,0.072527,0.05893,0.011093,2.9786,1.934,0.063902
Wahkiakum,0.002681,0.002178,0.000891,2.738,1.0,0.00244
Walla Walla,0.046498,0.037781,0.00688,2.9917,2.0,0.041163
Whatcom,0.070061,0.056926,0.010399,2.9348,2.0,0.061039
Whitman,0.022761,0.018494,0.003612,2.8854,2.0,0.020847
Yakima,0.050926,0.041379,0.007334,3.0904,2.0,0.045333
