Name,Estimated unvaccinated prevalence,Estimated vaccinated prevalence,Reported prevalence,Underreporting factor,Delay factor,Estimated prevalence
Entire state,0.003432,0.002794,0.001018,2.2344,1.2782,0.002906
Addison,0.002773,0.002257,0.000897,2.208,1.1852,0.002348
Bennington,0.004367,0.003555,0.001381,2.2558,1.2,0.00374
Caledonia,0.000779,0.000634,0.0003,2.2465,1.0,0.000674
Chittenden,0.003573,0.002908,0.000885,2.2417,1.5158,0.003008
Essex,0.00337,0.002743,0.000974,2.4737,1.25,0.00301
Franklin,0.003362,0.002737,0.00083,2.2735,1.5385,0.002903
Grand Isle,0.007715,0.00628,0.001382,2.3453,2.0,0.006483
Lamoille,0.000597,0.000486,0.000237,2.1367,1.0,0.000505
Orange,0.003098,0.002521,0.000727,2.208,1.6667,0.002675
Orleans,0.001794,0.00146,0.00037,2.1026,2.0,0.001555
Rutland,0.006203,0.005049,0.001718,2.2735,1.3562,0.005298
Washington,0.003223,0.002624,0.000942,2.1934,1.3171,0.00272
Windham,0.005573,0.004536,0.001492,2.2216,1.4419,0.004779
Windsor,0.002453,0.001996,0.000926,2.2756,1.0,0.002108
