Name,Estimated unvaccinated prevalence,Estimated vaccinated prevalence,Reported prevalence,Underreporting factor,Delay factor,Estimated prevalence
Entire state,0.048798,0.039648,0.012805,3.3643,1.0,0.04308
Adams,0.055795,0.045332,0.014813,3.3643,1.0,0.049833
Asotin,0.031753,0.025799,0.008724,3.3643,1.0,0.029349
Benton,0.078844,0.06406,0.021014,3.3643,1.0,0.070696
Chelan,0.085849,0.069752,0.020933,3.3643,1.0618,0.074775
Clallam,0.049508,0.040225,0.011729,3.3643,1.0969,0.04328
Clark,0.059094,0.048013,0.01224,3.3643,1.2662,0.052138
Columbia,0.138431,0.112473,0.018821,3.3643,2.0,0.126634
Cowlitz,0.039427,0.032034,0.010462,3.3643,1.0,0.035196
Douglas,0.090548,0.073569,0.022381,3.3643,1.067,0.080344
Ferry,0.043773,0.035565,0.011669,3.3643,1.0,0.039258
Franklin,0.106604,0.086615,0.02868,3.3643,1.0,0.096488
Garfield,0.027688,0.022496,0.00764,3.3643,1.0,0.025704
Grant,0.062584,0.050848,0.016678,3.3643,1.0,0.056109
Grays Harbor,0.050382,0.040935,0.013362,3.3643,1.0,0.044955
Island,0.04029,0.032735,0.010336,3.3643,1.0,0.034772
Jefferson,0.024689,0.02006,0.0063,3.3643,1.0,0.021196
King,0.044258,0.035959,0.011207,3.3643,1.0,0.037703
Kitsap,0.036565,0.029709,0.0095,3.3643,1.0,0.031961
Kittitas,0.031166,0.025322,0.008345,3.3643,1.0,0.028073
Klickitat,0.047509,0.0386,0.012887,3.3643,1.0,0.043357
Lewis,0.046214,0.037549,0.012428,3.3643,1.002,0.041893
Lincoln,0.03258,0.026471,0.008685,3.3643,1.0,0.029217
Mason,0.059848,0.048626,0.014723,3.3643,1.0744,0.053216
Okanogan,0.059002,0.047939,0.014369,3.3643,1.0688,0.051667
Pacific,0.067846,0.055124,0.012416,3.3643,1.4555,0.060797
Pend Oreille,0.045812,0.037222,0.012606,3.3643,1.0,0.042409
Pierce,0.039796,0.032333,0.010441,3.3643,1.0,0.035127
San Juan,0.040662,0.033038,0.00728,3.3643,1.4111,0.034561
Skagit,0.035286,0.02867,0.009202,3.3643,1.0,0.030959
Skamania,0.045604,0.037053,0.010097,3.3643,1.2474,0.042373
Snohomish,0.052359,0.042541,0.013557,3.3643,1.0,0.045609
Spokane,0.059537,0.048373,0.015729,3.3643,1.0,0.052916
Stevens,0.047253,0.038393,0.012948,3.3643,1.0068,0.043856
Thurston,0.035605,0.028929,0.009266,3.3643,1.0,0.031172
Wahkiakum,0.15654,0.127187,0.021168,3.3643,2.0,0.142426
Walla Walla,0.089932,0.073069,0.023618,3.3643,1.0,0.079455
Whatcom,0.048192,0.039155,0.012441,3.3643,1.0,0.041854
Whitman,0.019311,0.01569,0.005249,3.3643,1.0,0.017659
Yakima,0.084665,0.068789,0.022338,3.3643,1.0,0.075151
