Name,Estimated unvaccinated prevalence,Estimated vaccinated prevalence,Reported prevalence,Underreporting factor,Delay factor,Estimated prevalence
Entire state,0.001767,0.001438,0.000694,2.3098,1.0,0.001603
Addison,0.001169,0.000952,0.000435,2.2759,1.0,0.00099
Bennington,0.002522,0.002052,0.000902,2.393,1.0,0.002159
Caledonia,0.000993,0.000808,0.000367,2.3436,1.0,0.00086
Chittenden,0.001649,0.001342,0.000592,2.3436,1.0,0.001388
Essex,0.002871,0.002337,0.000811,2.3714,1.3333,0.002565
Franklin,0.002494,0.002029,0.000567,2.2508,1.6875,0.002153
Grand Isle,0.001914,0.001558,0.000691,2.3272,1.0,0.001608
Lamoille,0.000843,0.000686,0.000315,2.2616,1.0,0.000713
Orange,0.001482,0.001206,0.00045,2.3699,1.2,0.00128
Orleans,0.000727,0.000592,0.000259,2.4344,1.0,0.00063
Rutland,0.003397,0.002765,0.001237,2.3452,1.0,0.002902
Washington,0.002183,0.001777,0.000822,2.2418,1.0,0.001842
Windham,0.001824,0.001485,0.000687,2.2779,1.0,0.001565
Windsor,0.001866,0.001519,0.00069,2.3238,1.0,0.001604
