Name,Estimated unvaccinated prevalence,Estimated vaccinated prevalence,Reported prevalence,Underreporting factor,Delay factor,Estimated prevalence
Entire state,0.001988,0.001988,0.00071,2.2932,1.221,0.001988
Addison,0.002027,0.002027,0.00087,2.3295,1.0,0.002027
Bennington,0.002417,0.002417,0.000902,2.2466,1.1923,0.002417
Caledonia,0.001153,0.001153,0.0003,2.4009,1.6,0.001153
Chittenden,0.001575,0.001575,0.00058,2.3105,1.175,0.001575
Essex,0.001556,0.001556,0.000649,2.3976,1.0,0.001556
Franklin,0.001332,0.001332,0.000587,2.2685,1.0,0.001332
Grand Isle,0.002121,0.002121,0.000691,2.302,1.3333,0.002121
Lamoille,0.001027,0.001027,0.000394,2.6047,1.0,0.001027
Orange,0.000698,0.000698,0.000312,2.2394,1.0,0.000698
Orleans,0.000856,0.000856,0.000296,2.4798,1.1667,0.000856
Rutland,0.005851,0.005851,0.001254,2.3321,2.0,0.005851
Washington,0.001427,0.001427,0.000565,2.2105,1.1429,0.001427
Windham,0.002645,0.002645,0.000876,2.2636,1.3333,0.002645
Windsor,0.000991,0.000991,0.000436,2.2733,1.0,0.000991
