Name,Estimated unvaccinated prevalence,Estimated vaccinated prevalence,Reported prevalence,Underreporting factor,Delay factor,Estimated prevalence
Entire state,0.00138,0.00138,0.000596,2.315,1.0,0.00138
Adams,0.000579,0.000579,0.00025,2.315,1.0,0.000579
Asotin,0.002191,0.002191,0.000841,2.315,1.125,0.002191
Benton,0.001178,0.001178,0.000509,2.315,1.0,0.001178
Chelan,0.00087,0.00087,0.000376,2.315,1.0,0.00087
Clallam,0.001078,0.001078,0.000466,2.315,1.0,0.001078
Clark,0.000759,0.000759,0.000328,2.315,1.0,0.000759
Columbia,0.001162,0.001162,0.000502,2.315,1.0,0.001162
Cowlitz,0.001256,0.001256,0.000543,2.315,1.0,0.001256
Douglas,0.000693,0.000693,0.000299,2.315,1.0,0.000693
Ferry,0.002125,0.002125,0.000918,2.315,1.0,0.002125
Franklin,0.001139,0.001139,0.000431,2.315,1.1429,0.001139
Garfield,0.002081,0.002081,0.000899,2.315,1.0,0.002081
Grant,0.001421,0.001421,0.000614,2.315,1.0,0.001421
Grays Harbor,0.00111,0.00111,0.00048,2.315,1.0,0.00111
Island,0.001523,0.001523,0.000658,2.315,1.0,0.001523
Jefferson,0.001724,0.001724,0.000745,2.315,1.0,0.001724
King,0.001423,0.001423,0.000615,2.315,1.0,0.001423
Kitsap,0.001117,0.001117,0.000483,2.315,1.0,0.001117
Kittitas,0.001497,0.001497,0.000647,2.315,1.0,0.001497
Klickitat,0.002168,0.002168,0.000669,2.315,1.4,0.002168
Lewis,0.000889,0.000889,0.000384,2.315,1.0,0.000889
Lincoln,0.003386,0.003386,0.000731,2.315,2.0,0.003386
Mason,0.000867,0.000867,0.000374,2.315,1.0,0.000867
Okanogan,0.006138,0.006138,0.001515,2.315,1.75,0.006138
Pacific,0.001619,0.001619,0.00049,2.315,1.4286,0.001619
Pend Oreille,0.00307,0.00307,0.00102,2.315,1.3,0.00307
Pierce,0.001773,0.001773,0.000766,2.315,1.0,0.001773
San Juan,0.000922,0.000922,0.000398,2.315,1.0,0.000922
Skagit,0.001559,0.001559,0.000673,2.315,1.0,0.001559
Skamania,0.002682,0.002682,0.000579,2.315,2.0,0.002682
Snohomish,0.001585,0.001585,0.000685,2.315,1.0,0.001585
Spokane,0.001568,0.001568,0.000677,2.315,1.0,0.001568
Stevens,0.00081,0.00081,0.00035,2.315,1.0,0.00081
Thurston,0.001721,0.001721,0.000743,2.315,1.0,0.001721
Wahkiakum,0.001547,0.001547,0.000668,2.315,1.0,0.001547
Walla Walla,0.00221,0.00221,0.000955,2.315,1.0,0.00221
Whatcom,0.000868,0.000868,0.000375,2.315,1.0,0.000868
Whitman,0.000416,0.000416,0.00018,2.315,1.0,0.000416
Yakima,0.001052,0.001052,0.000454,2.315,1.0,0.001052
