Name,Estimated unvaccinated prevalence,Estimated vaccinated prevalence,Reported prevalence,Underreporting factor,Delay factor,Estimated prevalence
Entire state,0.017961,0.003364,0.004385,2.4725,1.0,0.010842
Albany,0.014998,0.002809,0.003164,2.5213,1.1193,0.008928
Big Horn,0.009256,0.001734,0.002714,2.4514,1.0,0.006654
Campbell,0.011357,0.002127,0.003194,2.7694,1.0,0.008845
Carbon,0.021531,0.004033,0.005541,2.5485,1.0,0.01412
Converse,0.011124,0.002084,0.003617,2.2606,1.0208,0.008348
Crook,0.025622,0.004799,0.005011,2.587,1.5417,0.019983
Fremont,0.027149,0.005085,0.005705,2.4776,1.0,0.014135
Goshen,0.028345,0.005309,0.007494,2.6807,1.0,0.020089
Hot Springs,0.007555,0.001415,0.002039,2.3686,1.0,0.004831
Johnson,0.014384,0.002694,0.003552,2.3686,1.16,0.00976
Laramie,0.021241,0.003979,0.004211,2.4673,1.2151,0.012625
Lincoln,0.016467,0.003084,0.004438,2.5638,1.0,0.011377
Natrona,0.021751,0.004074,0.005785,2.5071,1.0,0.014504
Niobrara,0.055085,0.010318,0.010187,2.7052,1.5333,0.042255
Park,0.017104,0.003204,0.004453,2.4926,1.0,0.011099
Platte,0.017599,0.003296,0.004289,2.8388,1.0,0.012176
Sheridan,0.023338,0.004371,0.005445,2.6073,1.0123,0.014372
Sublette,0.007864,0.001473,0.002441,2.3815,1.0,0.005814
Sweetwater,0.015093,0.002827,0.00359,2.5396,1.0786,0.009833
Teton,0.018691,0.003501,0.002429,2.391,1.0,0.005808
Uinta,0.013577,0.002543,0.003164,2.6535,1.0328,0.008671
Washakie,0.022537,0.004221,0.006791,2.283,1.0,0.015502
Weston,0.027378,0.005128,0.007218,2.7663,1.0,0.019967
