Name,Estimated unvaccinated prevalence,Estimated vaccinated prevalence,Reported prevalence,Underreporting factor,Delay factor,Estimated prevalence
Entire state,0.00241,0.001961,0.000783,2.3301,1.1958,0.002181
Albany,0.004482,0.003647,0.001235,2.5569,1.2703,0.00401
Big Horn,0.000403,0.000328,0.00017,2.2013,1.0,0.000373
Campbell,0.00086,0.0007,0.000324,2.5029,1.0,0.00081
Carbon,0.004391,0.003573,0.000878,2.2822,2.0,0.004009
Converse,0.000505,0.000411,0.000217,2.1793,1.0,0.000473
Crook,0.000631,0.000513,0.000264,2.2535,1.0,0.000594
Fremont,0.002904,0.002362,0.00107,2.2081,1.1081,0.002618
Goshen,0.000543,0.000442,0.000227,2.2114,1.0,0.000502
Hot Springs,0.002238,0.00182,0.000906,2.2393,1.0,0.00203
Johnson,0.003106,0.002527,0.00071,2.4095,1.6667,0.002853
Laramie,0.003826,0.003113,0.001156,2.3364,1.2667,0.00342
Lincoln,0.000483,0.000393,0.000202,2.1978,1.0,0.000443
Natrona,0.00228,0.001854,0.000701,2.2669,1.3095,0.002082
Niobrara,0.00382,0.00311,0.001698,2.1182,1.0,0.003596
Park,0.002667,0.002169,0.000856,2.37,1.2,0.002435
Platte,0.002511,0.002043,0.000834,2.315,1.2,0.002317
Sheridan,0.003204,0.002607,0.000656,2.315,1.9,0.002886
Sublette,0.00198,0.001611,0.000407,2.2643,2.0,0.001843
Sweetwater,0.001955,0.001591,0.000732,2.4196,1.0,0.001771
Teton,0.007713,0.006275,0.002216,2.4008,1.2143,0.006461
Uinta,0.003031,0.002466,0.000593,2.3082,2.0,0.002739
Washakie,0.001247,0.001014,0.000512,2.2334,1.0,0.001145
Weston,0.001079,0.000878,0.000433,2.315,1.0,0.001003
