Name,Estimated unvaccinated prevalence,Estimated vaccinated prevalence,Reported prevalence,Underreporting factor,Delay factor,Estimated prevalence
Entire state,0.001045,0.001045,0.000461,2.2652,1.0,0.001045
Albany,0.000938,0.000938,0.000309,2.2109,1.375,0.000938
Big Horn,0.00199,0.00199,0.000848,2.3466,1.0,0.00199
Campbell,0.000667,0.000667,0.000281,2.3774,1.0,0.000667
Carbon,0.000298,0.000298,0.000135,2.2088,1.0,0.000298
Converse,0.000983,0.000983,0.000434,2.2652,1.0,0.000983
Crook,0.000588,0.000588,0.000264,2.2292,1.0,0.000588
Fremont,0.001153,0.001153,0.000509,2.2635,1.0,0.001153
Goshen,0.001581,0.001581,0.000681,2.3213,1.0,0.001581
Hot Springs,0.007142,0.007142,0.001586,2.2514,2.0,0.007142
Johnson,0.003857,0.003857,0.001066,2.2618,1.6,0.003857
Laramie,0.002111,0.002111,0.000834,2.3143,1.0933,0.002111
Lincoln,0.000954,0.000954,0.000353,2.2514,1.2,0.000954
Natrona,0.00099,0.00099,0.000426,2.3254,1.0,0.00099
Niobrara,0.00093,0.00093,0.000424,2.191,1.0,0.00093
Park,0.000685,0.000685,0.000308,2.2212,1.0,0.000685
Platte,0.001822,0.001822,0.000596,2.2938,1.3333,0.001822
Sheridan,0.000933,0.000933,0.000426,2.1887,1.0,0.000933
Sublette,0.00044,0.00044,0.000203,2.1607,1.0,0.00044
Sweetwater,0.000905,0.000905,0.000401,2.2549,1.0,0.000905
Teton,0.001383,0.001383,0.000597,2.3185,1.0,0.001383
Uinta,0.000325,0.000325,0.000148,2.191,1.0,0.000325
Washakie,0.001739,0.001739,0.000769,2.2618,1.0,0.001739
Weston,0.001711,0.001711,0.000722,2.3702,1.0,0.001711
