Name,Estimated unvaccinated prevalence,Estimated vaccinated prevalence,Reported prevalence,Underreporting factor,Delay factor,Estimated prevalence
Entire state,0.002383,0.002383,0.000985,2.3322,1.037,0.002383
Adams,0.001619,0.001619,0.000701,2.3106,1.0,0.001619
Asotin,0.004085,0.004085,0.001373,2.1823,1.3636,0.004085
Benton,0.00233,0.00233,0.000983,2.3689,1.0,0.00233
Chelan,0.00315,0.00315,0.001179,2.4049,1.1111,0.00315
Clallam,0.002568,0.002568,0.000931,2.3306,1.1833,0.002568
Clark,0.001944,0.001944,0.000805,2.3224,1.0398,0.001944
Columbia,0.004844,0.004844,0.001757,2.2982,1.2,0.004844
Cowlitz,0.002129,0.002129,0.000823,2.2428,1.1538,0.002129
Douglas,0.002135,0.002135,0.000898,2.3775,1.0,0.002135
Ferry,0.006941,0.006941,0.001442,2.4062,2.0,0.006941
Franklin,0.002615,0.002615,0.001092,2.3942,1.0,0.002615
Garfield,0.010482,0.010482,0.002697,2.3322,1.6667,0.010482
Grant,0.002914,0.002914,0.001259,2.3157,1.0,0.002914
Grays Harbor,0.004067,0.004067,0.001266,2.3586,1.3623,0.004067
Island,0.003998,0.003998,0.001045,2.3036,1.6604,0.003998
Jefferson,0.002909,0.002909,0.001241,2.3433,1.0,0.002909
King,0.002614,0.002614,0.001068,2.3386,1.047,0.002614
Kitsap,0.002813,0.002813,0.000899,2.3053,1.3575,0.002813
Kittitas,0.001975,0.001975,0.000897,2.2018,1.0,0.001975
Klickitat,0.001509,0.001509,0.000669,2.2557,1.0,0.001509
Lewis,0.001419,0.001419,0.000632,2.245,1.0,0.001419
Lincoln,0.00352,0.00352,0.001463,2.4062,1.0,0.00352
Mason,0.00217,0.00217,0.000929,2.222,1.0517,0.00217
Okanogan,0.002892,0.002892,0.001207,2.3955,1.0,0.002892
Pacific,0.009275,0.009275,0.002003,2.3157,2.0,0.009275
Pend Oreille,0.000975,0.000975,0.000437,2.2292,1.0,0.000975
Pierce,0.001991,0.001991,0.000862,2.3106,1.0,0.001991
San Juan,0.000642,0.000642,0.000284,2.2578,1.0,0.000642
Skagit,0.002056,0.002056,0.000906,2.2699,1.0,0.002056
Skamania,0.001389,0.001389,0.000414,2.5176,1.3333,0.001389
Snohomish,0.00235,0.00235,0.001016,2.314,1.0,0.00235
Spokane,0.00435,0.00435,0.001349,2.3645,1.3643,0.00435
Stevens,0.003138,0.003138,0.001269,2.3433,1.0556,0.003138
Thurston,0.001767,0.001767,0.000678,2.2739,1.1462,0.001767
Wahkiakum,0.001775,0.001775,0.000668,2.6547,1.0,0.001775
Walla Walla,0.002562,0.002562,0.001119,2.2891,1.0,0.002562
Whatcom,0.001667,0.001667,0.000694,2.2964,1.0464,0.001667
Whitman,0.004495,0.004495,0.001098,2.4268,1.6875,0.004495
Yakima,0.001901,0.001901,0.000825,2.3036,1.0,0.001901
