Name,Estimated unvaccinated prevalence,Estimated vaccinated prevalence,Reported prevalence,Underreporting factor,Delay factor,Estimated prevalence
Entire state,0.001523,0.001239,0.00061,2.2608,1.0,0.001379
Albany,0.001173,0.000954,0.000463,2.2704,1.0,0.001051
Big Horn,0.004879,0.003969,0.001018,2.222,2.0,0.004523
Campbell,0.00082,0.000667,0.000345,2.2404,1.0,0.000774
Carbon,0.001788,0.001455,0.000743,2.202,1.0,0.001637
Converse,0.000675,0.000549,0.000289,2.1844,1.0,0.000632
Crook,0.001912,0.001555,0.000791,2.2796,1.0,0.001804
Fremont,0.002396,0.001949,0.000942,2.2542,1.0,0.002124
Goshen,0.003062,0.002491,0.001287,2.202,1.0,0.002834
Hot Springs,0.002659,0.002164,0.001133,2.1304,1.0,0.002414
Johnson,0.000912,0.000742,0.000355,2.3618,1.0,0.000839
Laramie,0.001805,0.001468,0.000704,2.3002,1.0,0.001618
Lincoln,0.001988,0.001617,0.000756,2.2439,1.0769,0.001828
Natrona,0.001294,0.001053,0.000538,2.1977,1.0,0.001183
Niobrara,0.003937,0.003203,0.001698,2.1844,1.0,0.003709
Park,0.001303,0.00106,0.000548,2.1749,1.0,0.001192
Platte,0.002238,0.001821,0.000834,2.479,1.0,0.002068
Sheridan,0.001142,0.000929,0.000459,2.2439,1.0,0.001031
Sublette,0.0019,0.001545,0.00061,2.3194,1.25,0.001769
Sweetwater,0.000953,0.000776,0.000378,2.2915,1.0,0.000866
Teton,0.003767,0.003064,0.001364,2.314,1.0,0.003156
Uinta,0.000588,0.000478,0.000247,2.1543,1.0,0.000533
Washakie,0.000921,0.000749,0.000384,2.202,1.0,0.000846
Weston,0.006501,0.005289,0.002599,2.3272,1.0,0.006047
