Name,Estimated unvaccinated prevalence,Estimated vaccinated prevalence,Reported prevalence,Underreporting factor,Delay factor,Estimated prevalence
Entire state,0.001421,0.001421,0.000625,2.2742,1.0,0.001421
Addison,0.001218,0.001218,0.000544,2.2392,1.0,0.001218
Bennington,0.001645,0.001645,0.000733,2.2445,1.0,0.001645
Caledonia,0.001111,0.001111,0.000433,2.3495,1.0909,0.001111
Chittenden,0.001078,0.001078,0.00047,2.2923,1.0,0.001078
Essex,0.000738,0.000738,0.000325,2.2742,1.0,0.000738
Franklin,0.001929,0.001929,0.000729,2.2695,1.1667,0.001929
Grand Isle,0.000962,0.000962,0.000415,2.3202,1.0,0.000962
Lamoille,0.001487,0.001487,0.000473,2.5712,1.2222,0.001487
Orange,0.000478,0.000478,0.000208,2.2995,1.0,0.000478
Orleans,0.000536,0.000536,0.000222,2.4133,1.0,0.000536
Rutland,0.002665,0.002665,0.001117,2.3855,1.0,0.002665
Washington,0.001301,0.001301,0.000599,2.1704,1.0,0.001301
Windham,0.00147,0.00147,0.000639,2.2981,1.0,0.00147
Windsor,0.001306,0.001306,0.000581,2.248,1.0,0.001306
