Name,Estimated unvaccinated prevalence,Estimated vaccinated prevalence,Reported prevalence,Underreporting factor,Delay factor,Estimated prevalence
Entire state,0.03763,0.030614,0.012601,2.7085,1.0,0.034131
Albany,0.026187,0.021305,0.008796,2.6707,1.0,0.023492
Big Horn,0.025148,0.02046,0.008142,2.5344,1.131,0.023338
Campbell,0.032008,0.02604,0.01066,2.8343,1.0,0.030214
Carbon,0.116763,0.094994,0.026959,2.7631,1.4368,0.10703
Converse,0.024152,0.019649,0.008971,2.5256,1.0,0.022657
Crook,0.02779,0.022609,0.00923,2.8432,1.0,0.026243
Fremont,0.067332,0.054779,0.022261,2.6926,1.0,0.05994
Goshen,0.051247,0.041693,0.017788,2.6245,1.0174,0.047498
Hot Springs,0.027187,0.022118,0.010197,2.4233,1.0,0.024711
Johnson,0.020799,0.016921,0.007223,2.6509,1.0,0.019148
Laramie,0.04195,0.034129,0.013628,2.7643,1.0,0.037672
Lincoln,0.014375,0.011695,0.005093,2.6002,1.0,0.013243
Natrona,0.037592,0.030584,0.012472,2.7606,1.0,0.034431
Niobrara,0.131348,0.10686,0.025891,2.3912,2.0,0.123823
Park,0.017906,0.014568,0.00644,2.5464,1.0,0.016398
Platte,0.020515,0.016691,0.006672,2.8421,1.0,0.018963
Sheridan,0.033406,0.027178,0.011973,2.522,1.0,0.030196
Sublette,0.026777,0.021785,0.009256,2.6966,1.0,0.024961
Sweetwater,0.045022,0.036628,0.014666,2.7942,1.0,0.04098
Teton,0.036149,0.02941,0.011507,2.6349,1.0,0.03032
Uinta,0.040991,0.033349,0.01325,2.8082,1.0,0.03721
Washakie,0.064052,0.05211,0.015887,2.7445,1.3516,0.058935
Weston,0.032,0.026034,0.01126,2.6125,1.0132,0.029804
