Name,Estimated unvaccinated prevalence,Estimated vaccinated prevalence,Reported prevalence,Underreporting factor,Delay factor,Estimated prevalence
Entire state,0.001111,0.001111,0.00049,2.2649,1.0,0.001111
Addison,0.000609,0.000609,0.000272,2.2381,1.0,0.000609
Bennington,0.001841,0.001841,0.000818,2.2519,1.0,0.001841
Caledonia,0.000518,0.000518,0.000233,2.2192,1.0,0.000518
Chittenden,0.001072,0.001072,0.00047,2.279,1.0,0.001072
Essex,0.002374,0.002374,0.000487,2.4384,2.0,0.002374
Franklin,0.001133,0.001133,0.000506,2.2381,1.0,0.001133
Grand Isle,0.000606,0.000606,0.000276,2.1911,1.0,0.000606
Lamoille,0.000422,0.000422,0.000197,2.1386,1.0,0.000422
Orange,0.000632,0.000632,0.000277,2.2841,1.0,0.000632
Orleans,0.000258,0.000258,0.000111,2.3207,1.0,0.000258
Rutland,0.001312,0.001312,0.000584,2.2461,1.0,0.001312
Washington,0.000973,0.000973,0.000445,2.186,1.0,0.000973
Windham,0.002147,0.002147,0.000947,2.2667,1.0,0.002147
Windsor,0.001219,0.001219,0.000527,2.3146,1.0,0.001219
