Name,Estimated unvaccinated prevalence,Estimated vaccinated prevalence,Reported prevalence,Underreporting factor,Delay factor,Estimated prevalence
Entire state,0.00159,0.00159,0.0007,2.2708,1.0,0.00159
Addison,0.001261,0.001261,0.000571,2.2085,1.0,0.001261
Bennington,0.002313,0.002313,0.001015,2.279,1.0,0.002313
Caledonia,0.000642,0.000642,0.000267,2.407,1.0,0.000642
Chittenden,0.000997,0.000997,0.00044,2.2674,1.0,0.000997
Essex,0.002579,0.002579,0.001136,2.2708,1.0,0.002579
Franklin,0.001399,0.001399,0.000628,2.2291,1.0,0.001399
Grand Isle,0.00385,0.00385,0.000829,2.3213,2.0,0.00385
Lamoille,0.004727,0.004727,0.000907,2.6063,2.0,0.004727
Orange,0.001349,0.001349,0.000588,2.2933,1.0,0.001349
Orleans,0.000809,0.000809,0.000333,2.4308,1.0,0.000809
Rutland,0.003652,0.003652,0.001272,2.3213,1.2373,0.003652
Washington,0.001535,0.001535,0.000599,2.1855,1.1724,0.001535
Windham,0.002873,0.002873,0.001184,2.2774,1.0652,0.002873
Windsor,0.001331,0.001331,0.000581,2.2902,1.0,0.001331
