Name,Estimated unvaccinated prevalence,Estimated vaccinated prevalence,Reported prevalence,Underreporting factor,Delay factor,Estimated prevalence
Entire state,0.002014,0.001639,0.000766,2.2283,1.0,0.001707
Addison,0.000901,0.000734,0.000353,2.1594,1.0,0.000763
Bennington,0.003757,0.003058,0.001381,2.3287,1.0,0.003217
Caledonia,0.00085,0.000691,0.000333,2.2048,1.0,0.000735
Chittenden,0.001797,0.001462,0.000659,2.294,1.0,0.001513
Essex,0.002668,0.002172,0.000649,2.4481,1.5,0.002383
Franklin,0.001589,0.001294,0.000607,2.2644,1.0,0.001375
Grand Isle,0.002266,0.001844,0.000829,2.2961,1.0,0.001904
Lamoille,0.000604,0.000491,0.000237,2.1594,1.0,0.000511
Orange,0.001591,0.001295,0.000623,2.2048,1.0,0.001374
Orleans,0.000543,0.000442,0.000222,2.1235,1.0,0.000471
Rutland,0.004281,0.003484,0.001289,2.1853,1.2982,0.003656
Washington,0.001227,0.000998,0.000479,2.1594,1.0,0.001035
Windham,0.002622,0.002134,0.001018,2.2079,1.0,0.002249
Windsor,0.001999,0.001627,0.000745,2.3067,1.0,0.001718
