Name,Estimated unvaccinated prevalence,Estimated vaccinated prevalence,Reported prevalence,Underreporting factor,Delay factor,Estimated prevalence
Entire state,0.002133,0.002133,0.000896,2.3123,1.0295,0.002133
Addison,0.00236,0.00236,0.000761,2.2964,1.35,0.00236
Bennington,0.003294,0.003294,0.00141,2.337,1.0,0.003294
Caledonia,0.00087,0.00087,0.000367,2.3732,1.0,0.00087
Chittenden,0.001852,0.001852,0.000751,2.3241,1.0609,0.001852
Essex,0.001929,0.001929,0.000811,2.3775,1.0,0.001929
Franklin,0.002955,0.002955,0.000789,2.2659,1.6522,0.002955
Grand Isle,0.00323,0.00323,0.000829,2.337,1.6667,0.00323
Lamoille,0.00059,0.00059,0.000276,2.1389,1.0,0.00059
Orange,0.001545,0.001545,0.000588,2.2982,1.1429,0.001545
Orleans,0.001384,0.001384,0.000629,2.2018,1.0,0.001384
Rutland,0.005571,0.005571,0.001856,2.4128,1.2442,0.005571
Washington,0.003159,0.003159,0.000719,2.1964,2.0,0.003159
Windham,0.00272,0.00272,0.001161,2.3433,1.0,0.00272
Windsor,0.001221,0.001221,0.000527,2.3191,1.0,0.001221
