Name,Estimated unvaccinated prevalence,Estimated vaccinated prevalence,Reported prevalence,Underreporting factor,Delay factor,Estimated prevalence
Entire state,0.008727,0.007089,0.002815,2.4364,1.134,0.007777
Adams,0.001443,0.001172,0.00045,2.1301,1.3333,0.001279
Asotin,0.002885,0.002343,0.001019,2.1354,1.2222,0.002658
Benton,0.003773,0.003065,0.00114,2.3442,1.2609,0.003369
Chelan,0.005485,0.004455,0.001917,2.3793,1.0426,0.004755
Clallam,0.013771,0.011186,0.004035,2.3992,1.239,0.011994
Clark,0.007315,0.005942,0.002269,2.4661,1.1472,0.00642
Columbia,0.008721,0.007083,0.001757,2.2656,2.0,0.007959
Cowlitz,0.004103,0.003333,0.001483,2.3231,1.0584,0.003646
Douglas,0.00689,0.005597,0.002211,2.3774,1.1585,0.006089
Ferry,0.010775,0.008753,0.002098,2.2933,2.0,0.009622
Franklin,0.003986,0.003238,0.000935,2.2682,1.6923,0.003588
Garfield,0.007093,0.005763,0.001348,2.4364,2.0,0.00657
Grant,0.003198,0.002597,0.001115,2.3209,1.102,0.002853
Grays Harbor,0.042957,0.034893,0.007754,2.4507,2.0,0.038004
Island,0.007644,0.006209,0.002267,2.4348,1.1852,0.006541
Jefferson,0.008745,0.007103,0.002762,2.4926,1.0864,0.00748
King,0.013212,0.010732,0.004049,2.4839,1.113,0.011193
Kitsap,0.005446,0.004424,0.001949,2.4249,1.0,0.004725
Kittitas,0.003564,0.002895,0.001127,2.2519,1.2619,0.003201
Klickitat,0.004177,0.003393,0.001516,2.5081,1.0,0.003803
Lewis,0.003303,0.002683,0.001289,2.3142,1.0,0.002982
Lincoln,0.007947,0.006456,0.001828,2.446,1.5833,0.007081
Mason,0.004519,0.003671,0.001812,2.2057,1.0,0.003997
Okanogan,0.003823,0.003105,0.000758,2.2022,2.0,0.003337
Pacific,0.003297,0.002678,0.001113,2.4114,1.0909,0.002927
Pend Oreille,0.005106,0.004148,0.00102,2.3097,2.0,0.004712
Pierce,0.008274,0.006721,0.002745,2.4569,1.0749,0.007249
San Juan,0.011699,0.009503,0.004266,2.3187,1.0,0.009891
Skagit,0.004932,0.004006,0.00168,2.3503,1.0909,0.004306
Skamania,0.004242,0.003446,0.001324,2.3756,1.25,0.003932
Snohomish,0.008987,0.0073,0.003102,2.4282,1.0341,0.007789
Spokane,0.006746,0.005479,0.001825,2.3903,1.3673,0.005964
Stevens,0.003347,0.002719,0.001115,2.2785,1.2195,0.003099
Thurston,0.008763,0.007118,0.00275,2.4569,1.1271,0.007616
Wahkiakum,0.001137,0.000924,0.000446,2.3165,1.0,0.001032
Walla Walla,0.008231,0.006686,0.002683,2.3005,1.1739,0.007245
Whatcom,0.009956,0.008087,0.002774,2.4475,1.2675,0.008606
Whitman,0.003498,0.002841,0.001018,2.5053,1.25,0.003188
Yakima,0.003992,0.003243,0.000981,2.286,1.5705,0.00352
