Name,Estimated unvaccinated prevalence,Estimated vaccinated prevalence,Reported prevalence,Underreporting factor,Delay factor,Estimated prevalence
Entire state,0.003564,0.002895,0.00096,3.2853,1.0,0.003154
Adams,0.00074,0.000601,0.0002,3.2853,1.0,0.000658
Asotin,0.003941,0.003201,0.001107,3.2853,1.0,0.003637
Benton,0.003881,0.003153,0.001057,3.2853,1.0,0.003472
Chelan,0.002597,0.00211,0.000687,3.2853,1.0,0.002255
Clallam,0.002289,0.001859,0.000608,3.2853,1.0,0.001997
Clark,0.006059,0.004922,0.001622,3.2853,1.0,0.005329
Columbia,0.000902,0.000733,0.000251,3.2853,1.0,0.000824
Cowlitz,0.011576,0.009403,0.002161,3.2853,1.4512,0.010303
Douglas,0.002821,0.002292,0.00076,3.2853,1.0,0.002496
Ferry,0.003849,0.003127,0.001049,3.2853,1.0,0.003446
Franklin,0.007079,0.005751,0.001628,3.2853,1.1938,0.006384
Garfield,0.001593,0.001294,0.000449,3.2853,1.0,0.001477
Grant,0.001806,0.001467,0.000491,3.2853,1.0,0.001614
Grays Harbor,0.001679,0.001364,0.000453,3.2853,1.0,0.001488
Island,0.006692,0.005436,0.000998,3.2853,1.75,0.00574
Jefferson,0.001309,0.001063,0.000341,3.2853,1.0,0.001122
King,0.003516,0.002857,0.000793,3.2853,1.1456,0.002986
Kitsap,0.002324,0.001888,0.000615,3.2853,1.0,0.002021
Kittitas,0.003429,0.002786,0.000939,3.2853,1.0,0.003084
Klickitat,0.002915,0.002368,0.000758,3.2853,1.0667,0.002657
Lewis,0.003512,0.002853,0.000954,3.2853,1.0133,0.003176
Lincoln,0.006172,0.005014,0.001006,3.2853,1.6667,0.005506
Mason,0.00272,0.00221,0.000734,3.2853,1.0,0.002411
Okanogan,0.007684,0.006242,0.001799,3.2853,1.1364,0.006717
Pacific,0.004191,0.003405,0.000801,3.2853,1.4167,0.003728
Pend Oreille,0.001814,0.001473,0.00051,3.2853,1.0,0.001676
Pierce,0.007028,0.005709,0.001303,3.2853,1.4419,0.006171
San Juan,0.003087,0.002508,0.000796,3.2853,1.0,0.002616
Skagit,0.002122,0.001724,0.000565,3.2853,1.0,0.001856
Skamania,0.002638,0.002143,0.000745,3.2853,1.0,0.002447
Snohomish,0.002873,0.002334,0.000679,3.2853,1.1185,0.002494
Spokane,0.005355,0.004351,0.001444,3.2853,1.0,0.004745
Stevens,0.003411,0.002771,0.000962,3.2853,1.0,0.003162
Thurston,0.002129,0.001729,0.000564,3.2853,1.0,0.001854
Wahkiakum,0.004029,0.003273,0.001114,3.2853,1.0,0.00366
Walla Walla,0.002537,0.002061,0.000625,3.2853,1.0882,0.002236
Whatcom,0.002896,0.002352,0.000763,3.2853,1.0,0.002508
Whitman,0.001365,0.001109,0.000379,3.2853,1.0,0.001246
Yakima,0.004132,0.003357,0.001112,3.2853,1.0,0.003654
