Name,Estimated unvaccinated prevalence,Estimated vaccinated prevalence,Reported prevalence,Underreporting factor,Delay factor,Estimated prevalence
Entire state,0.004602,0.003747,0.001739,2.2518,1.0,0.003915
Addison,0.170109,0.138494,0.030671,2.3536,2.0,0.144379
Bennington,0.125842,0.102454,0.024612,2.1985,2.0,0.108221
Caledonia,0.154291,0.125616,0.030107,2.2267,2.0,0.134079
Chittenden,0.143125,0.116525,0.027031,2.2341,2.0,0.120783
Essex,0.108279,0.088155,0.019309,2.5052,2.0,0.096746
Franklin,0.101333,0.0825,0.01921,2.2868,2.0,0.087856
Grand Isle,0.093736,0.076315,0.017415,2.2714,2.0,0.079115
Lamoille,0.101463,0.082606,0.019872,2.1656,2.0,0.086069
Orange,0.282302,0.229836,0.052333,2.3388,2.0,0.244792
Orleans,0.187149,0.152367,0.035729,2.2807,2.0,0.162975
Rutland,0.092468,0.075283,0.017632,2.2449,2.0,0.079161
Washington,0.073411,0.059768,0.014125,2.2028,2.0,0.062226
Windham,0.124025,0.100975,0.024608,2.1707,2.0,0.106831
Windsor,0.107675,0.087663,0.020486,2.2682,2.0,0.092935
