Name,Estimated unvaccinated prevalence,Estimated vaccinated prevalence,Reported prevalence,Underreporting factor,Delay factor,Estimated prevalence
Entire state,0.002261,0.002261,0.000883,2.2897,1.1184,0.002261
Albany,0.001787,0.001787,0.000772,2.3163,1.0,0.001787
Big Horn,0.003279,0.003279,0.000933,2.1088,1.6667,0.003279
Campbell,0.001266,0.001266,0.000518,2.445,1.0,0.001266
Carbon,0.007565,0.007565,0.001554,2.434,2.0,0.007565
Converse,0.002043,0.002043,0.000868,2.1392,1.1,0.002043
Crook,0.001864,0.001864,0.000527,2.3563,1.5,0.001864
Fremont,0.002047,0.002047,0.000917,2.232,1.0,0.002047
Goshen,0.001944,0.001944,0.000833,2.3345,1.0,0.001944
Hot Springs,0.003917,0.003917,0.000906,2.1607,2.0,0.003917
Johnson,0.001722,0.001722,0.00071,2.4239,1.0,0.001722
Laramie,0.001877,0.001877,0.000683,2.2541,1.2182,0.001877
Lincoln,0.00315,0.00315,0.000908,2.2455,1.5455,0.00315
Natrona,0.004069,0.004069,0.001002,2.2624,1.7955,0.004069
Niobrara,0.000972,0.000972,0.000424,2.2897,1.0,0.000972
Park,0.001789,0.001789,0.000822,2.1767,1.0,0.001789
Platte,0.003672,0.003672,0.000715,2.5682,2.0,0.003672
Sheridan,0.006163,0.006163,0.001378,2.2366,2.0,0.006163
Sublette,0.004333,0.004333,0.001017,2.3668,1.8,0.004333
Sweetwater,0.001136,0.001136,0.000472,2.4044,1.0,0.001136
Teton,0.013465,0.013465,0.002813,2.5039,1.9118,0.013465
Uinta,0.002729,0.002729,0.001236,2.2075,1.0,0.002729
Washakie,0.005689,0.005689,0.001281,2.2201,2.0,0.005689
Weston,0.000633,0.000633,0.000289,2.1913,1.0,0.000633
