Name,Estimated unvaccinated prevalence,Estimated vaccinated prevalence,Reported prevalence,Underreporting factor,Delay factor,Estimated prevalence
Entire state,0.00152,0.00152,0.000594,2.3186,1.1029,0.00152
Albany,0.00269,0.00269,0.001029,2.4804,1.0541,0.00269
Big Horn,0.000791,0.000791,0.000339,2.3308,1.0,0.000791
Campbell,0.002607,0.002607,0.00082,2.4918,1.2759,0.002607
Carbon,0.003447,0.003447,0.000743,2.3186,2.0,0.003447
Converse,0.000606,0.000606,0.000289,2.0934,1.0,0.000606
Crook,0.001569,0.001569,0.000659,2.3799,1.0,0.001569
Fremont,0.002552,0.002552,0.000968,2.2802,1.1562,0.002552
Goshen,0.000916,0.000916,0.000378,2.4196,1.0,0.000916
Hot Springs,0.001034,0.001034,0.000453,2.2816,1.0,0.001034
Johnson,0.008237,0.008237,0.001776,2.3186,2.0,0.008237
Laramie,0.002474,0.002474,0.000663,2.2953,1.625,0.002474
Lincoln,0.001169,0.001169,0.000303,2.3186,1.6667,0.001169
Natrona,0.000561,0.000561,0.000238,2.3595,1.0,0.000561
Niobrara,0.000984,0.000984,0.000424,2.3186,1.0,0.000984
Park,0.000772,0.000772,0.000343,2.255,1.0,0.000772
Platte,0.001381,0.001381,0.000596,2.3186,1.0,0.001381
Sheridan,0.003296,0.003296,0.001411,2.3367,1.0,0.003296
Sublette,0.000236,0.000236,0.000102,2.3186,1.0,0.000236
Sweetwater,0.001611,0.001611,0.000378,2.2745,1.875,0.001611
Teton,0.00086,0.00086,0.000341,2.5223,1.0,0.00086
Uinta,0.005545,0.005545,0.001187,2.3367,2.0,0.005545
Washakie,0.000674,0.000674,0.000256,2.6297,1.0,0.000674
Weston,0.001082,0.001082,0.000433,2.4974,1.0,0.001082
