Name,Estimated unvaccinated prevalence,Estimated vaccinated prevalence,Reported prevalence,Underreporting factor,Delay factor,Estimated prevalence
Entire state,0.000628,0.000511,0.000259,2.1932,1.0,0.000568
Albany,0.002289,0.001862,0.000463,2.2132,2.0,0.002049
Big Horn,0.000199,0.000162,8.5e-05,2.1709,1.0,0.000184
Campbell,0.001207,0.000982,0.000259,2.1973,2.0,0.001138
Carbon,0.000318,0.000258,0.000135,2.1507,1.0,0.000291
Converse,0.000331,0.000269,0.000145,2.1395,1.0,0.00031
Crook,0.000307,0.000249,0.000132,2.1932,1.0,0.000289
Fremont,0.000549,0.000447,0.000229,2.1209,1.0,0.000486
Goshen,0.000696,0.000566,0.000303,2.1274,1.0,0.000644
Hot Springs,0.00053,0.000431,0.000227,2.1209,1.0,0.000481
Johnson,0.000584,0.000475,0.000237,2.2672,1.0,0.000537
Laramie,0.000697,0.000567,0.000281,2.2206,1.0,0.000625
Lincoln,0.000122,9.9e-05,5e-05,2.2279,1.0,0.000112
Natrona,0.000507,0.000413,0.000225,2.057,1.0,0.000464
Niobrara,0.001962,0.001596,0.000849,2.1756,1.0,0.001847
Park,0.00058,0.000472,0.00024,2.2132,1.0,0.000531
Platte,0.000579,0.000471,0.000238,2.245,1.0,0.000535
Sheridan,0.000159,0.000129,6.6e-05,2.1802,1.0,0.000143
Sublette,0.00024,0.000195,0.000102,2.1932,1.0,0.000223
Sweetwater,0.00052,0.000423,0.000213,2.2206,1.0,0.000472
Teton,0.010021,0.008152,0.001833,2.2905,2.0,0.008395
Uinta,0.000115,9.4e-05,4.9e-05,2.1066,1.0,0.000104
Washakie,0.002571,0.002092,0.001025,2.3041,1.0,0.002362
Weston,0.000649,0.000528,0.000289,2.0901,1.0,0.000603
