Name,Estimated unvaccinated prevalence,Estimated vaccinated prevalence,Reported prevalence,Underreporting factor,Delay factor,Estimated prevalence
Entire state,0.001548,0.001548,0.000539,2.3456,1.2244,0.001548
Albany,0.004202,0.004202,0.000977,2.4404,1.7619,0.004202
Big Horn,0.001925,0.001925,0.000509,2.2701,1.6667,0.001925
Campbell,0.002057,0.002057,0.000647,2.4103,1.3182,0.002057
Carbon,0.000317,0.000317,0.000135,2.3456,1.0,0.000317
Converse,0.001515,0.001515,0.000434,2.0939,1.6667,0.001515
Crook,0.002794,0.002794,0.001055,2.2701,1.1667,0.002794
Fremont,0.003623,0.003623,0.000841,2.1551,2.0,0.003623
Goshen,0.000183,0.000183,7.6e-05,2.4218,1.0,0.000183
Hot Springs,0.001019,0.001019,0.000453,2.2484,1.0,0.001019
Johnson,0.001111,0.001111,0.000474,2.3456,1.0,0.001111
Laramie,0.00094,0.00094,0.000412,2.2803,1.0,0.00094
Lincoln,0.000473,0.000473,0.000202,2.3456,1.0,0.000473
Natrona,0.000882,0.000882,0.000338,2.208,1.1818,0.000882
Niobrara,0.001991,0.001991,0.000849,2.3456,1.0,0.001991
Park,0.00121,0.00121,0.000514,2.3547,1.0,0.00121
Platte,0.009502,0.009502,0.002025,2.3456,2.0,0.009502
Sheridan,0.004642,0.004642,0.001706,2.4547,1.1087,0.004642
Sublette,0.00167,0.00167,0.000712,2.3456,1.0,0.00167
Sweetwater,0.000472,0.000472,0.000213,2.2211,1.0,0.000472
Teton,0.001269,0.001269,0.000469,2.4368,1.1111,0.001269
Uinta,0.000664,0.000664,0.000297,2.2385,1.0,0.000664
Washakie,0.003224,0.003224,0.000769,2.5166,1.6667,0.003224
Weston,0.002579,0.002579,0.001011,2.5526,1.0,0.002579
