Name,Estimated unvaccinated prevalence,Estimated vaccinated prevalence,Reported prevalence,Underreporting factor,Delay factor,Estimated prevalence
Entire state,0.018803,0.015273,0.003423,2.4547,2.0,0.016803
Adams,0.010158,0.00825,0.001902,2.3659,2.0,0.008998
Asotin,0.011897,0.009663,0.002391,2.2907,2.0,0.010955
Benton,0.014614,0.01187,0.002676,2.4372,2.0,0.013045
Chelan,0.014317,0.011629,0.002474,2.5074,2.0,0.012407
Clallam,0.009427,0.007658,0.002625,2.3677,1.3203,0.008206
Clark,0.009701,0.00788,0.00228,2.4401,1.5296,0.008508
Columbia,0.007738,0.006283,0.001506,2.344,2.0,0.007058
Cowlitz,0.010923,0.008872,0.002414,2.3265,1.7273,0.009702
Douglas,0.013445,0.010921,0.00251,2.497,1.8947,0.011875
Ferry,0.018069,0.014674,0.00354,2.277,2.0,0.016121
Franklin,0.013167,0.010695,0.002468,2.3999,2.0,0.011846
Garfield,0.010909,0.008848,0.003596,2.8063,1.0,0.01009
Grant,0.013327,0.010825,0.002425,2.4504,2.0,0.011884
Grays Harbor,0.01322,0.010738,0.002744,2.4518,1.7373,0.01169
Island,0.013264,0.010774,0.002337,2.4266,2.0,0.011344
Jefferson,0.008643,0.00702,0.002328,2.4446,1.2982,0.007387
King,0.027507,0.022343,0.004688,2.4838,2.0,0.023286
Kitsap,0.013716,0.011141,0.002453,2.4236,2.0,0.011891
Kittitas,0.005444,0.004421,0.002149,2.2746,1.0,0.004888
Klickitat,0.003799,0.003086,0.001472,2.3496,1.0,0.003458
Lewis,0.018191,0.014776,0.00337,2.4357,2.0,0.016418
Lincoln,0.013686,0.011117,0.002468,2.4688,2.0,0.012187
Mason,0.01383,0.011234,0.002696,2.2674,2.0,0.012225
Okanogan,0.006378,0.005181,0.001728,2.4143,1.3333,0.005563
Pacific,0.007987,0.006488,0.002804,2.4864,1.0164,0.007085
Pend Oreille,0.005339,0.004336,0.001384,2.3712,1.5,0.004924
Pierce,0.018458,0.014993,0.003282,2.4618,2.0,0.016158
San Juan,0.003905,0.003172,0.000796,2.2309,1.8571,0.003299
Skagit,0.017346,0.01409,0.003104,2.4387,2.0,0.015137
Skamania,0.007938,0.006448,0.001655,2.2223,2.0,0.007357
Snohomish,0.020508,0.016658,0.00362,2.4532,2.0,0.017762
Spokane,0.017184,0.013958,0.003135,2.4688,1.9617,0.015183
Stevens,0.009393,0.007629,0.00199,2.3782,1.8367,0.008694
Thurston,0.019649,0.01596,0.00349,2.4446,2.0,0.017063
Wahkiakum,0.001727,0.001403,0.000668,2.344,1.0,0.001567
Walla Walla,0.0159,0.012915,0.002995,2.3344,2.0,0.013985
Whatcom,0.01616,0.013126,0.002818,2.477,2.0,0.01396
Whitman,0.002726,0.002214,0.000619,2.4079,1.6667,0.002483
Yakima,0.012829,0.010421,0.002364,2.3917,2.0,0.011307
