Name,Estimated unvaccinated prevalence,Estimated vaccinated prevalence,Reported prevalence,Underreporting factor,Delay factor,Estimated prevalence
Entire state,0.01252,0.010185,0.002481,2.4134,2.0,0.011976
Albany,0.010731,0.00873,0.002469,2.5777,1.5079,0.009598
Big Horn,0.00674,0.005484,0.001781,2.277,1.5385,0.006239
Campbell,0.007462,0.00607,0.001338,2.6258,2.0,0.007026
Carbon,0.003274,0.002664,0.001149,2.4387,1.0667,0.002988
Converse,0.001306,0.001063,0.000506,2.4134,1.0,0.001222
Crook,0.005137,0.004178,0.000923,2.6204,2.0,0.004837
Fremont,0.018535,0.015079,0.003566,2.3422,2.0,0.016704
Goshen,0.005345,0.004348,0.001135,2.4867,1.75,0.004941
Hot Springs,0.009111,0.007411,0.001813,2.2794,2.0,0.008264
Johnson,0.02066,0.016806,0.003908,2.4278,2.0,0.018974
Laramie,0.011194,0.009107,0.002472,2.3951,1.6897,0.010005
Lincoln,0.0089,0.00724,0.001815,2.2488,2.0,0.008165
Natrona,0.006656,0.005415,0.00149,2.3156,1.7612,0.006077
Niobrara,0.005441,0.00443,0.002122,2.4134,1.0,0.005122
Park,0.008943,0.007276,0.001747,2.431,1.9231,0.008167
Platte,0.011206,0.009116,0.002145,2.4102,2.0,0.010338
Sheridan,0.015912,0.012944,0.003149,2.2745,2.0,0.014325
Sublette,0.006501,0.005289,0.001322,2.2865,2.0,0.006047
Sweetwater,0.006767,0.005505,0.001346,2.3576,1.931,0.006128
Teton,0.044403,0.036124,0.007458,2.4936,2.0,0.037195
Uinta,0.002788,0.002269,0.001088,2.3156,1.0,0.002519
Washakie,0.000973,0.000791,0.000384,2.3219,1.0,0.000892
Weston,0.008899,0.007237,0.001588,2.6017,2.0,0.008263
