Name,Estimated unvaccinated prevalence,Estimated vaccinated prevalence,Reported prevalence,Underreporting factor,Delay factor,Estimated prevalence
Entire state,0.010612,0.002002,0.001893,2.2689,1.0,0.004294
Addison,0.00339,0.000639,0.000625,2.1866,1.0,0.001367
Bennington,0.010333,0.001949,0.002002,2.2835,1.0,0.004571
Caledonia,0.008777,0.001656,0.001867,2.2739,1.0,0.004246
Chittenden,0.008627,0.001628,0.00152,2.2536,1.0,0.003426
Essex,0.030665,0.005785,0.005841,2.3975,1.25,0.017506
Franklin,0.006765,0.001276,0.001437,2.2882,1.0,0.003289
Grand Isle,0.007327,0.001382,0.001244,2.2689,1.0,0.002822
Lamoille,0.005696,0.001074,0.001025,2.2835,1.0,0.002341
Orange,0.008384,0.001582,0.001523,2.3586,1.1026,0.00396
Orleans,0.025885,0.004883,0.005252,2.4173,1.0,0.012696
Rutland,0.014885,0.002808,0.002698,2.366,1.0,0.006383
Washington,0.009436,0.00178,0.001695,2.2639,1.0,0.003837
Windham,0.007703,0.001453,0.001539,2.2588,1.0,0.003477
Windsor,0.014658,0.002765,0.002633,2.3696,1.0588,0.006607
