Name,Estimated unvaccinated prevalence,Estimated vaccinated prevalence,Reported prevalence,Underreporting factor,Delay factor,Estimated prevalence
Entire state,0.002516,0.002516,0.001018,2.3635,1.0462,0.002516
Addison,0.002464,0.002464,0.000761,2.3972,1.35,0.002464
Bennington,0.004475,0.004475,0.001833,2.4036,1.0159,0.004475
Caledonia,0.001549,0.001549,0.000667,2.3233,1.0,0.001549
Chittenden,0.001819,0.001819,0.000727,2.3342,1.0727,0.001819
Essex,0.00211,0.00211,0.000811,2.6014,1.0,0.00211
Franklin,0.002015,0.002015,0.00087,2.3152,1.0,0.002015
Grand Isle,0.00064,0.00064,0.000276,2.3169,1.0,0.00064
Lamoille,0.00048,0.00048,0.000197,2.4342,1.0,0.00048
Orange,0.001873,0.001873,0.000761,2.4594,1.0,0.001873
Orleans,0.005716,0.005716,0.001221,2.3417,2.0,0.005716
Rutland,0.004893,0.004893,0.001873,2.4185,1.08,0.004893
Washington,0.004124,0.004124,0.00113,2.302,1.5854,0.004124
Windham,0.002623,0.002623,0.001137,2.307,1.0,0.002623
Windsor,0.001404,0.001404,0.000563,2.4938,1.0,0.001404
