Name,Estimated unvaccinated prevalence,Estimated vaccinated prevalence,Reported prevalence,Underreporting factor,Delay factor,Estimated prevalence
Entire state,0.003228,0.002626,0.001256,2.3213,1.0,0.002916
Albany,0.004855,0.003949,0.001312,2.5118,1.3158,0.004335
Big Horn,0.004962,0.004037,0.001442,2.1875,1.4545,0.004588
Campbell,0.004447,0.003617,0.00164,2.5513,1.0,0.004184
Carbon,0.002741,0.00223,0.000946,2.4391,1.0833,0.0025
Converse,0.003499,0.002846,0.001447,2.2609,1.0,0.003271
Crook,0.004451,0.00362,0.00145,2.5987,1.1111,0.004188
Fremont,0.004493,0.003655,0.001757,2.2993,1.0,0.004041
Goshen,0.004433,0.003605,0.001741,2.3516,1.0,0.004094
Hot Springs,0.002703,0.002199,0.001133,2.1615,1.0,0.002449
Johnson,0.003851,0.003133,0.001421,2.488,1.0,0.003535
Laramie,0.002865,0.002331,0.001116,2.2917,1.0,0.002557
Lincoln,0.007192,0.005851,0.001866,2.2565,1.5652,0.00659
Natrona,0.002407,0.001958,0.001014,2.165,1.0,0.002196
Niobrara,0.008372,0.006817,0.001698,2.3213,2.0,0.007882
Park,0.001593,0.001296,0.000651,2.2333,1.0,0.001453
Platte,0.002677,0.002177,0.000953,2.5872,1.0,0.002466
Sheridan,0.003739,0.003042,0.001476,2.2777,1.0,0.003362
Sublette,0.002572,0.002092,0.001017,2.35,1.0,0.00239
Sweetwater,0.002786,0.002266,0.001016,2.481,1.0,0.00252
Teton,0.005471,0.004451,0.001918,2.3927,1.0,0.004589
Uinta,0.00122,0.000993,0.000494,2.2259,1.0,0.001101
Washakie,0.007735,0.006291,0.002434,2.2652,1.2857,0.00709
Weston,0.013599,0.011064,0.002743,2.5564,1.8,0.012622
