Name,Estimated unvaccinated prevalence,Estimated vaccinated prevalence,Reported prevalence,Underreporting factor,Delay factor,Estimated prevalence
Entire state,4e-06,3e-06,2e-06,2.1809,1.0,4e-06
Albany,6.2e-05,5e-05,2.6e-05,2.1579,1.0,5.6e-05
Big Horn,0.0002,0.000163,8.5e-05,2.1893,1.0,0.000186
Campbell,4.8e-05,3.9e-05,2.2e-05,2.0967,1.0,4.5e-05
Carbon,0.001066,0.000867,0.000338,2.1628,1.3333,0.000974
Converse,0.000168,0.000137,7.2e-05,2.1766,1.0,0.000157
Crook,0.00061,0.000496,0.000264,2.1809,1.0,0.000575
Fremont,0.000677,0.000551,0.00028,2.1368,1.0,0.000599
Goshen,0.000176,0.000143,7.6e-05,2.1477,1.0,0.000163
Hot Springs,0.001741,0.001416,0.00068,2.3232,1.0,0.001579
Johnson,0.000562,0.000457,0.000237,2.1809,1.0,0.000516
Laramie,9.9e-05,8e-05,4e-05,2.2013,1.0,8.8e-05
Lincoln,0.000124,0.000101,5e-05,2.2648,1.0,0.000114
Natrona,2.8e-05,2.3e-05,1.3e-05,2.079,1.0,2.6e-05
Niobrara,0.000983,0.0008,0.000424,2.1809,1.0,0.000926
Park,8.1e-05,6.6e-05,3.4e-05,2.1628,1.0,7.4e-05
Platte,0.001211,0.000985,0.000477,2.3464,1.0,0.001118
Sheridan,0.000323,0.000262,0.000131,2.2162,1.0,0.000291
Sublette,0.000245,0.000199,0.000102,2.2434,1.0,0.000228
Sweetwater,0.000112,9.1e-05,4.7e-05,2.1477,1.0,0.000101
Teton,0.003743,0.003045,0.000938,2.2302,1.5,0.003137
Uinta,0.000115,9.3e-05,4.9e-05,2.0967,1.0,0.000104
Washakie,0.002609,0.002122,0.000512,2.3373,2.0,0.002396
Weston,0.000363,0.000296,0.000144,2.3396,1.0,0.000338
