Name,Estimated unvaccinated prevalence,Estimated vaccinated prevalence,Reported prevalence,Underreporting factor,Delay factor,Estimated prevalence
Entire state,0.001517,0.001517,0.000594,2.3143,1.1029,0.001517
Albany,0.002604,0.002604,0.001029,2.4015,1.0541,0.002604
Big Horn,0.000772,0.000772,0.000339,2.2768,1.0,0.000772
Campbell,0.002593,0.002593,0.00082,2.4787,1.2759,0.002593
Carbon,0.00344,0.00344,0.000743,2.3143,2.0,0.00344
Converse,0.000618,0.000618,0.000289,2.1348,1.0,0.000618
Crook,0.001612,0.001612,0.000659,2.4444,1.0,0.001612
Fremont,0.002629,0.002629,0.000968,2.3488,1.1562,0.002629
Goshen,0.000858,0.000858,0.000378,2.2681,1.0,0.000858
Hot Springs,0.001018,0.001018,0.000453,2.2467,1.0,0.001018
Johnson,0.008221,0.008221,0.001776,2.3143,2.0,0.008221
Laramie,0.002433,0.002433,0.000663,2.2576,1.625,0.002433
Lincoln,0.001167,0.001167,0.000303,2.3143,1.6667,0.001167
Natrona,0.000506,0.000506,0.000238,2.1288,1.0,0.000506
Niobrara,0.000982,0.000982,0.000424,2.3143,1.0,0.000982
Park,0.000748,0.000748,0.000343,2.1843,1.0,0.000748
Platte,0.001379,0.001379,0.000596,2.3143,1.0,0.001379
Sheridan,0.003278,0.003278,0.001411,2.3242,1.0,0.003278
Sublette,0.000235,0.000235,0.000102,2.3143,1.0,0.000235
Sweetwater,0.001633,0.001633,0.000378,2.3053,1.875,0.001633
Teton,0.000797,0.000797,0.000341,2.3361,1.0,0.000797
Uinta,0.005818,0.005818,0.001187,2.4515,2.0,0.005818
Washakie,0.000626,0.000626,0.000256,2.4444,1.0,0.000626
Weston,0.000969,0.000969,0.000433,2.2369,1.0,0.000969
