Name,Estimated unvaccinated prevalence,Estimated vaccinated prevalence,Reported prevalence,Underreporting factor,Delay factor,Estimated prevalence
Entire state,0.004059,0.003297,0.001477,2.4593,1.0,0.003633
Adams,0.003977,0.00323,0.001401,2.5132,1.0,0.003522
Asotin,0.003421,0.002779,0.001328,2.3706,1.0,0.003149
Benton,0.003645,0.002961,0.001311,2.4806,1.0,0.003253
Chelan,0.004067,0.003304,0.001373,2.5664,1.0,0.003524
Clallam,0.003158,0.002565,0.001177,2.3352,1.0,0.002748
Clark,0.003016,0.00245,0.001088,2.4313,1.0,0.002644
Columbia,0.00728,0.005913,0.002008,2.3621,1.4,0.006639
Cowlitz,0.003072,0.002495,0.001157,2.3568,1.0,0.002728
Douglas,0.003652,0.002966,0.001266,2.5462,1.0,0.003225
Ferry,0.000351,0.000285,0.000131,2.3871,1.0,0.000313
Franklin,0.004136,0.00336,0.001523,2.4427,1.0,0.00372
Garfield,0.001356,0.0011,0.000449,2.7901,1.0,0.001254
Grant,0.004201,0.003412,0.001525,2.4566,1.0,0.003745
Grays Harbor,0.00253,0.002055,0.000946,2.3638,1.0,0.002236
Island,0.00222,0.001803,0.00081,2.3498,1.0,0.001904
Jefferson,0.004271,0.003469,0.00149,2.4497,1.0,0.003649
King,0.005471,0.004444,0.001858,2.4921,1.0,0.00463
Kitsap,0.003028,0.00246,0.001087,2.4196,1.0,0.002629
Kittitas,0.002945,0.002393,0.001189,2.2235,1.0,0.002644
Klickitat,0.001064,0.000864,0.000401,2.412,1.0,0.000968
Lewis,0.002874,0.002335,0.00109,2.3789,1.0,0.002594
Lincoln,0.004091,0.003323,0.001463,2.4921,1.0,0.003645
Mason,0.002824,0.002294,0.001063,2.348,1.0,0.002497
Okanogan,0.002484,0.002017,0.0009,2.4075,1.0,0.002166
Pacific,0.002115,0.001718,0.000757,2.4793,1.0,0.001876
Pend Oreille,0.002059,0.001673,0.000802,2.3706,1.0,0.0019
Pierce,0.003359,0.002728,0.00121,2.4313,1.0,0.002942
San Juan,0.002734,0.002221,0.000967,2.3887,1.0,0.00231
Skagit,0.003646,0.002962,0.001316,2.4181,1.0,0.003182
Skamania,0.002029,0.001648,0.000828,2.2714,1.0,0.00188
Snohomish,0.004822,0.003917,0.00168,2.4857,1.0,0.004176
Spokane,0.004404,0.003577,0.001584,2.4566,1.0,0.003891
Stevens,0.002117,0.00172,0.000809,2.421,1.0,0.001959
Thurston,0.004049,0.003289,0.001428,2.4634,1.0,0.003519
Wahkiakum,0.008594,0.006983,0.00156,2.4997,2.0,0.007798
Walla Walla,0.00416,0.003379,0.001596,2.2914,1.0,0.003658
Whatcom,0.003308,0.002687,0.001152,2.4806,1.0,0.002857
Whitman,0.00108,0.000877,0.000379,2.5923,1.0,0.000983
Yakima,0.004587,0.003726,0.001662,2.4313,1.0,0.004041
