Name,Estimated unvaccinated prevalence,Estimated vaccinated prevalence,Reported prevalence,Underreporting factor,Delay factor,Estimated prevalence
Entire state,0.017706,0.003316,0.004325,2.4765,1.0,0.01071
Albany,0.014549,0.002725,0.003318,2.4688,1.0579,0.008665
Big Horn,0.006718,0.001258,0.002036,2.373,1.0,0.004831
Campbell,0.011662,0.002184,0.003258,2.789,1.0,0.009088
Carbon,0.027376,0.005127,0.007095,2.5322,1.0,0.017965
Converse,0.015082,0.002825,0.0034,2.4635,1.3529,0.011333
Crook,0.014231,0.002665,0.003956,2.6132,1.0741,0.011103
Fremont,0.029014,0.005434,0.006189,2.4447,1.0,0.015131
Goshen,0.032283,0.006046,0.008629,2.6518,1.0,0.022883
Hot Springs,0.004776,0.000895,0.00136,2.2471,1.0,0.003055
Johnson,0.009209,0.001725,0.002605,2.4014,1.0,0.006256
Laramie,0.017197,0.003221,0.003759,2.4661,1.1036,0.01023
Lincoln,0.014803,0.002772,0.003883,2.6385,1.0,0.010245
Natrona,0.021833,0.004089,0.00576,2.5299,1.0,0.014573
Niobrara,0.023016,0.004311,0.006367,2.7734,1.0,0.017657
Park,0.016168,0.003028,0.004282,2.4529,1.0,0.010502
Platte,0.016744,0.003136,0.004051,2.8629,1.0,0.011598
Sheridan,0.022347,0.004185,0.005445,2.5299,1.0,0.013776
Sublette,0.007541,0.001412,0.002238,2.4916,1.0,0.005576
Sweetwater,0.012731,0.002384,0.003235,2.5677,1.0,0.008308
Teton,0.018919,0.003543,0.002472,2.3827,1.0,0.00589
Uinta,0.009611,0.0018,0.002423,2.539,1.0,0.006151
Washakie,0.024838,0.004652,0.007303,2.3423,1.0,0.017106
Weston,0.083704,0.015677,0.011549,2.8783,1.8372,0.061073
