Name,Estimated unvaccinated prevalence,Estimated vaccinated prevalence,Reported prevalence,Underreporting factor,Delay factor,Estimated prevalence
Entire state,0.001664,0.001664,0.000724,2.2982,1.0,0.001664
Adams,0.002633,0.002633,0.000651,2.3613,1.7143,0.002633
Asotin,0.001995,0.001995,0.000753,2.3194,1.1429,0.001995
Benton,0.001691,0.001691,0.00068,2.2885,1.0866,0.001691
Chelan,0.000897,0.000897,0.000389,2.3077,1.0,0.000897
Clallam,0.00274,0.00274,0.000698,2.2213,1.7667,0.00274
Clark,0.00143,0.00143,0.000504,2.2813,1.2437,0.00143
Columbia,0.000591,0.000591,0.000251,2.3545,1.0,0.000591
Cowlitz,0.001665,0.001665,0.000543,2.2373,1.3721,0.001665
Douglas,0.001939,0.001939,0.000829,2.3392,1.0,0.001939
Ferry,0.005876,0.005876,0.001311,2.2407,2.0,0.005876
Franklin,0.001189,0.001189,0.000515,2.3103,1.0,0.001189
Garfield,0.008263,0.008263,0.003596,2.2982,1.0,0.008263
Grant,0.004068,0.004068,0.001218,2.4351,1.3721,0.004068
Grays Harbor,0.000838,0.000838,0.000373,2.2457,1.0,0.000838
Island,0.001875,0.001875,0.000834,2.249,1.0,0.001875
Jefferson,0.002142,0.002142,0.000931,2.301,1.0,0.002142
King,0.001656,0.001656,0.000724,2.2871,1.0,0.001656
Kitsap,0.001785,0.001785,0.000641,2.2857,1.2183,0.001785
Kittitas,0.001475,0.001475,0.000522,2.239,1.2632,0.001475
Klickitat,0.000672,0.000672,0.000312,2.1538,1.0,0.000672
Lewis,0.00208,0.00208,0.000496,2.2603,1.8571,0.00208
Lincoln,0.000809,0.000809,0.000366,2.2138,1.0,0.000809
Mason,0.001536,0.001536,0.000599,2.301,1.1143,0.001536
Okanogan,0.003228,0.003228,0.000758,2.1309,2.0,0.003228
Pacific,0.003383,0.003383,0.000757,2.2356,2.0,0.003383
Pend Oreille,0.000325,0.000325,0.000146,2.2321,1.0,0.000325
Pierce,0.002166,0.002166,0.000894,2.3181,1.0453,0.002166
San Juan,0.001715,0.001715,0.000398,2.1538,2.0,0.001715
Skagit,0.002429,0.002429,0.001006,2.2457,1.075,0.002429
Skamania,0.00019,0.00019,8.3e-05,2.2982,1.0,0.00019
Snohomish,0.001995,0.001995,0.000856,2.3294,1.0,0.001995
Spokane,0.001609,0.001609,0.0007,2.2982,1.0,0.001609
Stevens,0.002692,0.002692,0.00094,2.3168,1.2353,0.002692
Thurston,0.001346,0.001346,0.000578,2.327,1.0,0.001346
Wahkiakum,0.003073,0.003073,0.000668,2.2982,2.0,0.003073
Walla Walla,0.002547,0.002547,0.001004,2.3257,1.0909,0.002547
Whatcom,0.000928,0.000928,0.000406,2.2885,1.0,0.000928
Whitman,0.002572,0.002572,0.000818,2.2784,1.3793,0.002572
Yakima,0.002285,0.002285,0.000945,2.3368,1.0351,0.002285
