Name,Estimated unvaccinated prevalence,Estimated vaccinated prevalence,Reported prevalence,Underreporting factor,Delay factor,Estimated prevalence
Entire state,0.011147,0.002099,0.001665,2.2941,1.2342,0.004715
Addison,0.002953,0.000556,0.000544,2.2443,1.0,0.00122
Bennington,0.006918,0.001303,0.001325,2.3623,1.0,0.00313
Caledonia,0.006615,0.001246,0.001334,2.3454,1.0541,0.003297
Chittenden,0.009097,0.001713,0.001649,2.2185,1.0113,0.003699
Essex,0.004139,0.000779,0.000974,2.473,1.0,0.002408
Franklin,0.008444,0.00159,0.001295,2.3185,1.4,0.004205
Grand Isle,0.037972,0.007151,0.003041,2.4885,2.0,0.015134
Lamoille,0.007903,0.001488,0.001301,2.3185,1.1034,0.003329
Orange,0.011711,0.002206,0.001281,2.4504,1.8,0.005648
Orleans,0.02363,0.00445,0.002552,2.3581,2.0,0.012036
Rutland,0.009724,0.001831,0.001581,2.39,1.1375,0.004298
Washington,0.041489,0.007814,0.003612,2.3938,2.0,0.017295
Windham,0.012448,0.002344,0.001587,2.3623,1.5349,0.005754
Windsor,0.007804,0.00147,0.00138,2.3938,1.087,0.003591
